pmid,title,authors,journal,year,pubtypes,abstract
42574166,A Study on Health Variables of the BRICS Countries: From Period 2000 to 2019.,Sumandeep; Kiran Ravi; Sharma Rakesh Kumar,Indian journal of public health,2026,Journal Article,"BACKGROUND: Earlier studies have examined the link between government health expenditure (GHE) and economic growth using panel unit root and panel co-integration and Generalized Methods of Moments GMM in BRICS countries, yet whether the long-run impact of healthcare spending to accelerate economic growth still demands more attention and in-depth analysis. OBJECTIVES: The current study examined the effective drivers of BRICS countries' healthcare systems and investigated how health indicators affect BRICS countries' gross domestic product (GDP) and per capita income. It is important to examine how healthcare variables affect BRICS nations' health spending priorities in the short and long term. MATERIALS AND METHODS: The healthcare indicators, such as Current Health Expenditure (CHE), GHE, Crude Birth Rate, Immunization, Infant Mortality Rate, Inflation Consumer prices annual percentage, Life Expectancy at Birth, out-of-pocket expenses, Population Growth, and Total Fertility Rate were considered for the analysis. The study used Panel Data analysis with Fixed Effect and Random Effect Model for the BRICS countries from 2000 to 2019. RESULTS: The results highlight that GDP and per capita income negatively affect variable CHE. It suggests that GHE positively relates with GDP and per capita income. The results reflect that higher government health spending leads to higher real GDP and per capita income. CONCLUSION: The study highlighted that the BRICS countries' healthcare systems are best protected by investing in infrastructure, hospitals, and vaccination. "
42568929,"Temporal trends and associations between domestic public health spending, donor funding and tuberculosis outcomes in Africa: a serial cross-sectional study (1990-2022).",Limula Charles; Atta-Nyarko Daniel; Gyamfi Ebenezer; Messanga Bessala Rostand Dimitri; Adotei Naomi; Marfo Faustina Ameyaa; Abubakr Ahmed Farhan; Adobasom-Anane Austin Gideon; Nketia Richmond,BMJ public health,2026,Journal Article,"BACKGROUND: Using vital historical data, we modelled tuberculosis (TB) incidence and mortality rates across different scenarios of United States government's (US) development assistance for health (DAH), domestic general government health spending (GHES) and non-US donor funding to determine how changes in these funding would affect TB incidence and mortality in Africa. METHODS: A serial cross-sectional ecological analysis was conducted using a panel dataset covering the period from 1990 to 2022 for all 54 African countries. The dataset included age-standardised TB incidence and mortality rates, source-specific DAH and other socioeconomic variables. Mixed-effects tests were performed to assess associations among US DAH, other healthcare funding and TB outcomes. RESULTS: Total annual TB-specific DAH in Africa increased from US$4.4 million in 1990 to US$168.7 million in 2022. The US government contributed more than a quarter of the total funds (US$713 million; 27.4%). Compared with scenarios in which US DAH was low but other funds were high, a combination of high US DAH, high funding from other donors and high GHES (one unit above their means) was associated with a 6.5% (95% Confidence Interval (CI) -73.6% to 49.6%) and a 14.6% (-86% to 60.8%) reduction in TB incidence and mortality, respectively. The corresponding decreases in incidence and mortality rates were 16.8 (-172.17 to 138.57) and 5.88 (-34.85 to 23.16) per 100 000. CONCLUSION: Although higher US DAH, Other DAH and GHES were associated with declines in TB incidence and mortality rates, the estimated differences in TB outcomes between high-funding and low-US-DAH scenarios were small and not statistically significant. "
42538115,Impact of government health expenditure on health outcomes in China: a quantitative analysis of mediation and threshold effects.,Gui Mei; Kuang Xianming; Ji Caifa,BMJ open,2026,Journal Article,"OBJECTIVES: To investigate the impact of government health expenditure on health outcomes in China, including its direct effects, underlying pathways and how these effects vary under different conditions of expenditure scale, health resource availability and economic development. DESIGN: A quantitative study using provincial panel data from 2008 to 2023. Analysis was conducted using a fixed-effects model, with instrumental variables employed to address potential endogeneity. A mediation model was used to examine indirect pathways and a threshold regression model was applied to explore heterogeneous effects across different levels of key variables. SETTING: The study was conducted using data from Chinese provinces over the period 2008-2023, within the context of China's national health policy and the 'Healthy China' strategy. PARTICIPANTS: 31 provinces, autonomous regions and municipalities in China were included, with data extracted from official statistical yearbooks and health reports over the 16-year period. PRIMARY AND SECONDARY OUTCOME MEASURES: Primary outcomes: maternal mortality and perinatal mortality. SECONDARY OUTCOME: life expectancy. RESULTS: Government health expenditure significantly reduced maternal mortality and perinatal mortality but its effect on life expectancy was not statistically significant. The number of health institutions showed a negative mediating effect. Threshold analysis revealed that the impact of government health expenditure varied across levels of expenditure scale, health resources and economic development. In low-income contexts, government health expenditure could even produce adverse effects; however, with improved economic development and greater health resource availability, its positive impact on health outcomes became increasingly evident. CONCLUSIONS: The health effects of government health expenditure are highly context-dependent. Optimal policy effectiveness requires coordinated interaction among multiple factors, including expenditure scale, health resource endowment and regional economic development. "
42464231,Reassessing the health-agriculture nexus: evidence from super-efficiency DEA and panel models in OECD countries.,Selamzade Fuad,BMC public health,2026,Journal Article,"BACKGROUND: Agricultural productivity and health expenditures are closely interconnected, influencing both economic development and social welfare. Despite growing interest in the health-agriculture nexus, empirical evidence on their bidirectional relationship across Organisation for Economic Co-operation and Development (OECD) countries remains limited. METHODS: This study investigates the relationship between health expenditures and agricultural productivity using an dataset covering 38 OECD countries from 2010 to 2021. In the first stage, agricultural productivity was measured using a Super-Efficiency Data Envelopment Analysis (DEA) model, allowing for the ranking of efficient countries beyond the conventional efficiency frontier. In the second stage, panel data models were employed to examine the effects of health expenditure indicators on agricultural productivity and the reverse effects of agricultural productivity on health expenditures. RESULTS: The findings indicate substantial heterogeneity in agricultural productivity across OECD countries. Panel estimations reveal that public health expenditures have a positive and statistically significant effect on agricultural productivity, whereas private and out-of-pocket health expenditures exhibit limited or insignificant effects. Furthermore, higher agricultural productivity is associated with increases in per capita and public health expenditures, suggesting a reciprocal relationship between agricultural performance and health investment. The results highlight the importance of health financing in strengthening labor productivity and supporting sustainable agricultural development. CONCLUSIONS: Health expenditures contribute not only to improved population health but also to enhanced agricultural efficiency and economic performance. Policies aimed at expanding public healthcare investments, particularly in rural areas, may generate productivity gains in agriculture while promoting broader sustainable development objectives. By integrating Super-Efficiency DEA with panel econometric techniques, this study provides novel empirical evidence on the health-agriculture nexus in OECD countries and offers relevant policy implications for both health and agricultural sectors. "
42422535,Perspectives of cardiac care providers on the continuum of care among women with cardiovascular disease in a tertiary care hospital of South India.,Rao Arathi P; Lewis Mitchelle Shilpa; Noronha Judith Angelitta; Rao M Sudhakar; Basu Agnivo; Madhivanan Purnima,Clinical epidemiology and global health,2026,Journal Article,"BACKGROUND: Cardiovascular disease (CVD) is a leading cause of mortality among women, and the COVID-19 pandemic disrupted healthcare continuity. This research explores healthcare providers' (HCPs) perspectives on challenges in providing cardiac care to women during the pandemic. METHODS: A qualitative inquiry was conducted through in-depth interviews among 11 HCPs at a tertiary care hospital in South India. RESULTS: The thematic analysis revealed several concepts. Women with CVD were less health literate and often presented late. They relied on family support for care continuity. Family decision-making, pandemic restrictions, and personal hesitancy delayed care-seeking. Women faced lower prioritization within families and depended on male members for healthcare decisions. This reflects societal and cultural gender disparities. Organized services were present, but long waiting periods and rushed consultations, especially during follow-up visits, affected satisfaction and continuity of care. Language barriers and low literacy hindered doctor-patient communication. HCPs tried to learn the local language to improve interactions. Access to health-financing mechanisms and social support networks helped treatment compliance. During the second wave, heightened health consciousness led more women to seek care. However, strained resources caused rushed care and limited patient-HCP interactions. CONCLUSION: The study highlights gender-specific challenges that affect women's access to and continuation of cardiac care. Pragmatic measures should aim to increase the doctor-patient ratio to reduce rushed consultations. Employing counselors or social workers can also help bridge communication and cultural gaps. "
42385762,"Global, regional, and national burden of tuberculosis and multidrug-resistant tuberculosis by HIV status, 1990-2023: a systematic analysis for the Global Burden of Disease Study 2023.",,The Lancet. Infectious diseases,2026,Journal Article,"BACKGROUND: Tuberculosis (TB) is the leading global cause of death from a single infectious agent. Recent reductions in global health funding have threatened TB control, making comprehensive assessment of TB, HIV-related TB, and drug-resistant TB burdens before these disruptions essential for shaping effective responses. The WHO End TB Strategy sets targets of a 95% reduction in TB deaths and a 90% reduction in TB incidence between 2015 and 2035. Using results from the Global Burden of Diseases, Injuries, and Risk Factors Study (GBD) 2023, this study aims to assess the burden of TB and multidrug-resistant TB (MDR-TB) across 204 countries and territories, and to evaluate progress towards the WHO End TB incidence and mortality targets. METHODS: We quantified TB mortality using the Cause of Death Ensemble modelling platform with global vital registration, surveillance, verbal autopsy, and minimally invasive tissue sampling data. For TB morbidity estimation, we simultaneously modelled incidence, prevalence, and mortality by age and sex using DisMod-MR 2.1. A population attributable fraction (PAF) approach was applied to stratify morbidity and mortality estimates by HIV and drug-resistance status. We also calculated disability-adjusted life-years (DALYs) as the sum of years of life lost and years lived with disability. For the risk factor analysis, a comparative risk assessment framework was used and PAFs were derived for alcohol use, smoking, and high fasting plasma glucose to determine the proportion of TB burden associated with these risk factors. FINDINGS: In 2023, there were an estimated 9·11 million (95% uncertainty interval 8·04-10·3) incident cases of all-form TB, 1·22 million (0·98-1·49) deaths, and 54·6 million (43·8-65·5) DALYs globally. HIV-related TB comprised 781 000 (690 000-879 000) incident cases and 210 000 (142 000-279 000) deaths, contributing 11·0 million (7·56-14·3) DALYs. MDR-TB accounted for 466 000 (198 000-1 080 000) incident cases, 102 000 (31 700-238 000) deaths, and 3·96 million (1·31-9·01) DALYs. From 2015 to 2023, global all-form TB incidence rates declined by 19·2% (17·8-20·5) and deaths declined by 22·6% (4·7-35·7); declines were larger for drug-susceptible TB than for MDR-TB. Sub-Saharan Africa and south Asia had the highest mortality burdens in 2023; reductions in all-form TB incidence and mortality were uneven between 2000 and 2023, with limited progress in both measures in Latin America and the Caribbean. Removing smoking, alcohol use, and high fasting plasma glucose would reduce global TB deaths to 768 000 (592 000-970 000) and DALYs to 34·9 million (27·8-43·8) in 2023; MDR-TB deaths would decrease to 77 200 (23 400-183 000) and DALYs to 3·12 million (1·03-7·29). INTERPRETATION: Global progress towards WHO End TB targets is disparate and fragile. Although many regions achieved meaningful gains, others have stagnated in recent years. The complexity of TB prevention is amplified by divergent MDR-TB trends, the persi"
42382572,Strengthening health systems in low and middle-income countries: performance determinants and pathways to universal health coverage.,Sethy Mayadhar; Mahapatro Sandhya R; Mundu Grace Bahalen; Sahoo Dipti Mayee,Frontiers in health services,2026,Journal Article,"BACKGROUND: Health systems in low- and middle-income countries (LMICs) face persistent challenges in achieving universal health coverage (UHC). The COVID-19 pandemic exposed critical weaknesses in governance, financing, and infrastructure, while recent global reports indicate stalled progress toward health-related Sustainable Development Goals. This study addresses the need for evidence-based strategies to strengthen health systems by identifying key performance determinants and efficient resource allocation pathways. METHODS: We constructed a longitudinal dataset for 135 LMICs (2000-2023) from WHO, World Bank, IHME, DHS/MICS, and ITU, using explicit imputation procedures to address irregular survey intervals. We employed fixed effects, system GMM, and structural equation modeling to analyze determinants of health system performance. Based on these econometric estimates, we developed mathematical optimization models (linear, multi-objective, and stochastic programming) to identify efficient resource allocation strategies under budget constraints. Inequality was analyzed using concentration indices and decomposition. FINDINGS: A 10% increase in government health expenditure per capita is associated with a 3.2% reduction in out-of-pocket spending (p < 0.01) and a 0.8-year increase in life expectancy. Health workforce density (β=0.24, p < 0.05) and digital health adoption (β=0.18, p < 0.05) show significant positive associations with UHC service coverage. Governance quality mediates multiple pathways, with corruption linked to an estimated 22% efficiency loss in sensitivity analyses. Model-based scenarios suggest that reallocating 15% of current health budgets toward primary care and digital infrastructure could potentially avert approximately 1.2 million annual deaths (uncertainty range: 0.9-1.6 million) and reduce catastrophic health expenditures by an estimated 18% (range: 14%-23%). Pro-rich inequalities persist, particularly for non-communicable disease services and maternal health. INTERPRETATION: Strengthening health systems requires coordinated investments in governance, primary care, digital health, and financial protection. Our econometric and model-based analyses provide illustrative policy pathways. Reallocating existing resources and prioritizing primary care and pro-poor targeting could accelerate UHC progress. Policymakers should adopt integrated, context-specific strategies that balance efficiency, equity, and resilience. "
42377653,Beyond spending: nonlinear impacts of health financing and out-of-pocket costs on mortality in Africa.,Folitse Denis; Odoom Christopher; Boateng Alexander; Gil-Alana Luis Alberiko,Health economics review,2026,Journal Article,"BACKGROUND: Existing evidence suggests that mortality remains disproportionately high across Africa, where gains in life expectancy continue to lag behind global progress. While health financing is central to health-system performance, its relationship with mortality in African settings remains insufficiently characterized, particularly when public spending, household out-of-pocket (OOP) payments, governance conditions, and demographic pressures are considered jointly. Our objective was to use a non-linear regression method to evaluate how health financing structures are associated with mortality and whether the association depends on the mode of financing. METHODS: We use generalized additive mixed models (GAMMs) to allow for potential non-linear relationships between crude mortality rates and public health expenditure, out-of-pocket payments, political stability, and age dependency across 51 African countries from 2002 to 2022 (N = 1,071 country-year observations). A tensor-product interaction assessed whether financial protection modifies the effect of public health spending. Region-specific models were fitted for Central, East, West, Southern, and Northern Africa. RESULTS: Public health spending was associated with lower mortality across Africa, with the steepest reductions below approximately US$80 per capita and diminishing returns thereafter. Out-of-pocket (OOP) spending modified these returns: OOP burdens below 15% of total health expenditure strengthened the estimated mortality benefit of public investment by about 60%, whereas burdens above 40% substantially eroded it. Regionally, the spending-mortality association was strongest in Central, Eastern, and Western Africa, but weaker in Southern and Northern Africa, where age dependency and governance quality were more prominent predictors. The expenditure-OOP interaction was most pronounced in Eastern Africa (EDF = 9.45, F = 4.45, p < 0.001). The continent-wide model showed strong explanatory performance (adjusted R2 = 92.8%; deviance explained = 93.4%; N = 1,009). CONCLUSIONS: Increasing public health spending alone is unlikely to maximize mortality gains in Africa. Its impact depends on financial protection: reducing household out-of-pocket costs through pooled financing should be accompanied by expanded public investment. In Southern and Northern Africa, policy emphasis should also shift toward governance efficiency and demographic pressures. Subregion-specific strategies are therefore essential. "
42362782,Comparing universal health coverage models: an analysis of policy transmission efficiency in SAARC and ASEAN countries.,Ghosh Avik,The European journal of health economics : HEPAC : health economics in prevention and care,2026,Journal Article,"This study empirically examines the role of Universal Health Coverage (UHC) as a strategic facilitator in enhancing the effectiveness of government health expenditure (GHE) on financial protection and health outcomes across 14 SAARC and ASEAN nations from 2000 to 2023. Using a Two-Way Fixed Effects (TWFE) regression model, the study identifies that higher GHE alone does not guarantee reductions in out-of-pocket (OOP) expenses or mortality rates, but its impact is significantly mediated by UHC adoption and structure. To capture distributive heterogeneity, quantile regression analysis is employed, revealing that mandatory insurance-based and hybrid UHC models provide greater financial protection, particularly for lower-income populations, while public-sector-dominant service provision maximizes mortality reductions. The findings emphasize that UHC enhances the transmission of government health investments into tangible sectoral benefits, reinforcing its role as a policy accelerator for achieving Sustainable Development Goal (SDG) 3.8. Policy recommendations include strengthening UHC financing, optimizing risk-pooling mechanisms, and aligning fiscal priorities with equitable healthcare access. This study contributes to global UHC discourse by offering an empirically grounded, region-specific roadmap for ensuring financial sustainability and universal healthcare accessibility in emerging economies. "
42354281,"Environmental Quality, Renewable Energy, and Life Expectancy in Gulf Cooperation Council Countries.",Abid Ihsen,International journal of environmental research and public health,2026,Journal Article,"Life expectancy is a key indicator of public health and sustainable development in Gulf Cooperation Council (GCC) countries, where rapid economic growth, urbanization, and fossil-fuel dependence create environmental and health challenges. This study examines the determinants of life expectancy in six Gulf Cooperation Council countries from 2000 to 2023, focusing on death rates, renewable energy consumption, gross domestic product (GDP) per capita growth, government health expenditure, and carbon dioxide (CO2) emissions. The empirical strategy combines cross-sectional dependence and slope heterogeneity tests, second-generation panel unit root tests, panel cointegration analysis, and a dynamic System Generalized Method of Moments (System GMM) estimator, with Driscoll-Kraay fixed-effects estimates used for robustness. The results show that higher death rates significantly reduce life expectancy, whereas renewable energy consumption and government health expenditure improve longevity. GDP per capita growth has a modest positive effect, while CO2 emissions negatively affect life expectancy, confirming the adverse public health consequences of environmental degradation. Robustness checks support the reliability of the main findings. Overall, the evidence highlights the need for integrated policies that combine clean energy transition, stronger environmental regulation, preventive healthcare investment, and sustainable urban development to improve long-term health outcomes in resource-dependent economies in the region. "
42315102,Does increasing overall health expenditure reduce inequality in under 5 mortality rates between provinces in Indonesia?,Ochoa-Moreno Iván; Kreif Noemi; Hidayat Taufik; Kurnia Sari; Hidayat Budi; Griffin Susan,Health policy and planning,2026,Journal Article,"While public health expenditure is widely assumed to reduce health inequalities, empirical evidence from low- and middle-income countries remains limited. This study examines whether increases in public health spending in Indonesia between 2010 and 2017 reduced inequalities in under-five mortality (U5MR). We combined two approaches to assess distributional effects of health spending. First, we used a dynamic panel System-GMM model to estimate the impact of public health expenditure on within-province inequality in U5MR, measured by the concentration index across household wealth quintiles. Second, we applied instrumental variable quantile regression to identify heterogeneous treatment effects across provinces with different baseline mortality burdens. In addition, we estimated the average effect of public health expenditure on U5MR levels and found no statistically significant impact. The results show that higher public health spending increased inequality in U5MR across socioeconomic groups, with wealthier households capturing a disproportionate share of the mortality reductions. By contrast, we find no statistically significant heterogeneity in the impact of spending between high- and low-mortality provinces. These results suggest that increases in spending were not well-targeted to disadvantaged groups or high-mortality regions. Our findings demonstrate that raising overall levels of public spending is not sufficient to reduce health inequalities unless resources are explicitly directed toward disadvantaged groups and underserved areas. This study provides a proof of concept for applying distribution-sensitive methods to assess the equity impact of health financing, offering lessons that remain highly relevant for Indonesia's post-JKN reforms and contributing to global debates on equity-weighted evaluation, benefit incidence, and the distributional consequences of health spending in LMICs. "
42288568,Assessing the effects of population aging on health financing structures: evidence from APEC countries using panel data.,Nal Mustafa; Durmuş Veli; Şahin Güller; Bektaş Gülfer,Scientific reports,2026,Journal Article,"An aging population, along with rising chronic diseases and disabilities, is increasing the demand for healthcare services; this places significant pressure on healthcare costs and public finances, particularly in countries with high public health expenditures. Asia-Pacific countries are at the forefront of global population aging, and the rapid demographic transformation in the region has significant economic, social, and political consequences. This study aims to evaluate the impact of selected aging indicators on health financing systems in Asia-Pacific Economic Cooperation (APEC) countries. In this study, the proportion of the population aged 60-80 and over, life expectancy at birth, and gender ratio were used as indicators of aging. To examine the effects on health financing in APEC countries during the 2000-2020 period, three separate models were established, including public health expenditures, private health expenditures, and out-of-pocket health expenditures; the analyses were carried out using panel quantile, Driscoll-Kraay, and Ridge methods. The findings show that life expectancy reduces public health expenditures except in the 90th quartile, while increasing private health expenditures in all quartiles. Although no significant relationship was found for out-of-pocket health expenditures, life expectancy stands out as the most prominent predictor. The Driscoll-Kraay and Ridge results reveal that the population aged 80 and over increases public health expenditures; this is associated with higher life expectancy and lower private health expenditures. Furthermore, the population aged 60 and over reduces out-of-pocket health expenditures, while the gender ratio was not found to be significant in all models. Life expectancy is the strongest predictor of out-of-pocket health expenditures. In contrast, the contribution of the population aged 80 and over to the decline in private health expenditures is limited. Gender ratio does not show a significant impact on health expenditures in APEC countries. These findings highlight the importance of developing age-sensitive and sustainable health financing policies in APEC countries. "
42283042,"Transforming the health system in Gombe State: accomplishments, challenges and the next frontier.",Dahiru Habu; Alawode Gafar Bolaji; Abdulkarim Suraj; Shuaibu Abdulrahman; Musa Abubakar; Abdulrazak Ismail Olajide,The Pan African medical journal,2026,Journal Article,"Nigeria's health reforms aim to accelerate progress toward Universal Health Coverage (UHC). In alignment with these efforts, Gombe State has leveraged national policy frameworks to implement health sector reforms that have improved maternal, newborn, and child health outcomes. To consolidate gains and define future priorities, the State convened the Maiden Gombe State Health Summit in October 2025. The Summit was a two-day hybrid event with over 500 participants from government, development partners, civil society, academia, and the private sector. Data were drawn from rapporteur reports, recordings, presentations, session transcripts, keynote speeches, and policy documents. A thematic analysis approach was used to synthesize key discussions and outcomes. The Summit highlighted strong political commitment, revitalization of 228 primary health centres, upgrades to secondary facilities, expanded immunization coverage, and strengthened disease surveillance. Health workforce reforms, including Human Resources for Health (HRH) governance structures, biometric attendance tracking, training programmes, and welfare improvements, enhanced accountability and productivity. Financial protection was strengthened through the Gombe State Contributory Health Insurance Scheme, covering over 380,000 residents. Implementation of the Sector Wide Approach (SWAp) improved coordination of partner investments. These reforms contributed to measurable reductions in under-five, infant, and child mortality between 2018 and 2023. Gombe State's experience demonstrates how subnational governments can advance UHC through political leadership, alignment with national reforms, primary healthcare strengthening, health workforce investment, sustainable financing, and inclusive stakeholder engagement. The lessons from the Summit provide actionable insights for sustaining reform momentum and strengthening health systems in similar settings. "
42194464,The Structural Imbalance and Trajectory of Chinese National Policies on Medical-Preventive Integration: A Three-Dimensional Analysis of Policy Instruments (2015-2025).,Xu Wenjie; Zhang Chi; Yang Yuqi; Du Xinyi; Zhang Yongze; Wu Fang,"Healthcare (Basel, Switzerland)",2026,Journal Article,"BACKGROUND/OBJECTIVES: The global health landscape is currently confronted with dual challenges from both infectious diseases and chronic conditions. Medical-preventive integration has emerged as a pivotal strategy to address these issues, aiming to create a comprehensive, closed-loop framework that spans disease prevention, treatment, rehabilitation, and healthcare, ultimately improving population health outcomes. In the Chinese context, existing policies remain fragmented, scattered across various healthcare-related regulations, and lack systematic and comprehensive analysis. This policy fragmentation may impede the creation of synergistic effects essential for the effective implementation of integrated healthcare strategies. METHODS: This study adopted a mixed-methods approach to analyze 85 national policies: a three-stage coding process identified 1088 policy nodes, and a three-dimensional framework (policy instruments (X) × full-cycle health service (Y) × integration stages (Z)) was applied to uncover systemic imbalances. Social network analysis and Latent Dirichlet Allocation (LDA) topic modeling were utilized to map interagency collaboration patterns and thematic shifts, which were visualized using Gephi and Sankey. RESULTS: The analysis revealed that policy instruments are predominantly supply-side (45.04%) and environmental-side (40.35%), with demand-side instruments (14.61%) being notably underutilized, particularly in health financing. Rehabilitation services, representing just 8.27% of the policy focus, were identified as a significant gap in the comprehensive health service cycle. While 44.58% of the instruments facilitated collaboration of medical and preventive services, integration of medical-preventive management stagnated at 25.28%, reflecting institutional inertia that impedes the redistribution of cross-sector resources. Agency collaboration evolved from a siloed approach (2015-2018) to a networked structure (2019-2021) and transitioned to centralized governance post-2022. Thematic shifts in policy discourse moved from a ""Healthy China"" focus toward pandemic-driven disease surveillance, culminating in the recent development of smart health ecosystems. CONCLUSIONS: China's policies for medical-preventive integration demonstrate notable structural imbalances, particularly in the economic instruments related to health financing and the private-sector participation in healthcare. These imbalances may impede the effective allocation of healthcare resources and hinder the seamless transition toward integrated care. Future policy efforts should focus on optimizing the structure of policy instruments, addressing gaps in the full lifecycle of health services, advancing integration reforms, and promoting the transformation of the healthcare system through enhanced collaborative governance among key stakeholders. "
42022433,Better Governance and Skilled Health Workforce Density: Are They Twin Catalysts for Health Outcomes in Sub-Saharan Africa?,Kouadio Michael,Public health challenges,2026,Journal Article,"Sub-Saharan Africa (SSA) faces a persistent shortage of skilled health workers, which constrains health system performance and population health outcomes. Although previous studies examine either health workforce density or governance quality separately, little empirical evidence exists on their interaction. This study investigates the relationship between skilled health workforce density and health outcomes in 45 SSA countries over the period 1996-2023, with particular attention to the moderating role of governance quality. Using a dynamic panel approach and the two-step system generalised method of moments (GMM) estimator, the analysis evaluates the impact of health workforce density on life expectancy (LE), maternal mortality and under-5 mortality. The results show that greater availability of skilled health professionals significantly improves health outcomes, particularly by increasing LE and reducing maternal mortality. Furthermore, governance quality strengthens the effectiveness of health workforce investments, indicating that institutional capacity is crucial to translating human resources into better health outcomes. Control variables, such as GDP per capita, government health expenditure and primary education, also contribute to improved population health. The findings highlight the importance of integrating governance reforms with policies aimed at expanding the health workforce. Strengthening institutional quality alongside investments in medical training and workforce retention can provide a sustainable pathway to improving health outcomes in SSA. "
41964839,The impact of health risks on healthcare expenditure in European countries.,Zimmermannová Jarmila; Helman Karel; Hájek Miroslav,The European journal of health economics : HEPAC : health economics in prevention and care,2026,Journal Article,"Population health affects the sustainability of socio-economic development, the perceived personal risks being alcohol consumption, smoking and obesity, greenhouse gas emissions representing a common environmental risk. The aim of this research article is to examine the potential impact of risk factors on national health expenditure over the period 2013-2021 in selected European countries divided into several groups according to health risk indicators. We examine two basic models - a harmful consumption model and an environmental model, the main dependent variable being total healthcare expenditure. To analyse partial relationships between risky behaviour or air pollution and healthcare spending, linear panel regression models were constructed assessing how country characteristics contribute to explaining the variation in healthcare costs. The results of this study suggest that sustainable health financing would benefit from more effective prevention of increased unhealthy consumption. "
41877334,"Global patterns and disparities in maternal and child health: a panel analysis of global health observatory and world development indicators data, 2000-2023.",Mandizadza Oscar Onayi; Phebeni Ropafadzo Tsepang; Ji Conghua,BMJ open,2026,Journal Article,"OBJECTIVES: This study aims to evaluate global trends in maternal and child health-related indicators in the Millennium Development Goals (MDG) and Sustainable Development Goal (SDG) eras, examine whether these associations differ across regions and income groups and assess their impact on life expectancy (LE) at birth. DESIGN, SETTING AND PARTICIPANTS: We conducted a country-level panel analysis using data from 2000 to 2023 obtained from the Global Health Observatory and the World Development Indicator database. All WHO Member States with available data were included. Data on under-five mortality rate (U5MR), maternal mortality ratio (MMR), neonatal mortality rate (NMR), skilled birth attendance, ratio of nurses and midwives, total fertility rate (TFR), LE, prevalence of anaemia and hypertension in women aged 15-49 years, diphtheria tetanus toxoid and pertussis (DTP3) vaccine coverage, gross domestic product and government health expenditure as a percentage of GDP were collected, cleaned and prepared for analysis. Missing values (<10%) were imputed using linear interpolation and 5-year mean methods. Descriptive statistics and panel regression analyses were conducted to examine associations between maternal and child health indicators and LE. In addition, Joinpoint regression models were applied to assess temporal trends and estimate annual percent changes (APCs) during the MDG and SDG eras. All statistical analyses were performed using Stata MP version 17.0. Sensitivity analyses were conducted to evaluate the robustness of the findings. OUTCOME MEASURES: Trends in LE and maternal and child health indicators and maternal and child-related factors associated with LE. RESULTS: Maternal and child health improved substantially, with faster progress during the MDG era (2000-2015) compared with the SDG era (2015-2023). The MMR declined by 130.30 (100 in MDG vs 30.30 in SDG) deaths per 100 000 live births overall, from 327.60 (95% UI: 308.80-348.60) in 2000 to 197.30 (95% UI: 174.50-234.00) in 2023. Similarly, U5MR declined by 39.95 (28 in the MDG vs 11.95 in the SDG era) deaths, from 76.67 (95% UI: 75.70-77.86) to 36.72 (95% UI: 34.66-41.09) deaths per 1000 live births. The NMR decreased by 13.38 per 1000 live births, from 30.71 (95% UI: 29.91-31.58) to 17.33 (95% UI: 16.25-19.41) deaths, and LE increased by 6.6 years, from 66.77 (95% UI: 66.23-67.18) to 73.33 (95% UI: 72.73-73.93) globally. Fixed-effects regression results showed that higher U5MR (β=-0.0697, 95% CI -0.080 to -0.060, p<0.001), MMR (β=-0.0118, 95% CI -0.020 to -0.010, p<0.001), TFR (β=-0.0258, 95% CI -0.040 to -0.020, p<0.001) and prevalence of anaemia (β=-0.0223, 95% CI -0.030 to -0.010, p<0.001) were associated with reduced LE, whereas skilled birth attendance (β=0.0417, 95% CI 0.030 to 0.050, p<0.001), DPT3 coverage (β=0.0425, 95% CI 0.030 to 0.050, p<0.001) and GDP (β=0.0041, 95% CI 0.001 to 0.010, p=0.01) were associated with increased LE. CONCLUSION: Despite progress in maternal a"
41814241,"Financial determinants of effective hypertension and diabetes care in rural primary health facilities in Kisumu, Kenya: a mixed-methods study.",Amollo Nichodemus Werre; Ogol Japheth; Museve Elijah; Owenga Jane Adhiambo; Aduda Dickens Omondi; Onguru Daniel,BMC public health,2026,Journal Article,"BACKGROUND: Noncommunicable diseases (NCDs), including hypertension and diabetes, account for approximately 27% of all deaths in Kenya, with 26% of adults having elevated blood pressure. Despite devolution of health services to county governments in 2013, financing for NCD management at the primary health care (PHC) level remains weak. This study examines financial determinants shaping hypertension and diabetes care in PHC facilities within a devolved county health system in rural Kisumu County, Kenya. METHODS: We conducted a convergent parallel mixed-methods cross-sectional study in seven public PHC facilities in Seme Sub-County, providing new facility-level evidence on how the interaction between devolution’s financing architecture, facility-level financial autonomy constraints, and resource allocation mechanisms shapes chronic disease care effectiveness in rural Kenya. Quantitative data were collected via structured questionnaires and retrospective document review of financial records (January–August 2024). Qualitative data were gathered through key informant interviews (n = 7) with facility in-charges exploring planning, budgeting, and resource allocation. Descriptive statistics were produced in STATA v16; qualitative data were analyzed thematically in R. RESULTS: All seven facilities prepared annual workplans and budgets, but none achieved comprehensive NCD-specific planning (workplan + budget + dedicated NCD budget line). Funding sources were narrow: 71.4% (n = 5) of the facilities depended on NHIF reimbursements and donor support, while only 28.6% (n = 2) received direct county funding; 57.1% (n = 4) of the facilities relied on only two funding streams. Although all facilities held bank accounts, none had formal financial autonomy and expenditures required county-level approval, typically taking 3–4 weeks (57.1%, n = 4) to over two months (28.6%, n = 2). Combined with unreliable central supplies, this lack of autonomy meant facilities could not procure locally when stockouts occurred; consequently 85.7% (n = 6) of the facilities reported frequent medication stockouts. Facility in-charges attributed these failures to inadequate, unpredictable funding and centralized approval processes that prevented timely local procurement. CONCLUSIONS: Rural PHC facilities operate under structural governance failures in Kenya’s devolved health financing system that systematically undermine effective NCD care. The centralization of financial authority at county level, absence of ring-fenced NCD budgets, and misalignment between planning processes and resource allocation represent system-level policy contradictions rather than facility-level operational deficiencies. Addressing these governance failures requires not only increased funding but constitutional fiscal decision-space for facilities, mandatory NCD budget protection, and reformed disbursement mechanisms essential for equitable chronic care under Kenya’s UHC agenda. The sustainability of chronic ca"
41764361,How Corruption Influences Population Health.,Kyriopoulos Ilias; Minos Dimitrios; Vandoros Sotiris; Mossialos Elias,The Milbank quarterly,2026,Journal Article,"UNLABELLED: Policy Points This study examines the link between corruption and mortality. We find that corruption is associated with higher mortality, particularly in low-income countries. It is also linked to lower government revenue and distorted government expenditure patterns, which may contribute to resource misallocation and constraints in health financing. Our findings contribute to the literature on upstream determinants of health by highlighting the relevance of institutional and political economy factors for population health. The Sustainable Development Goals on combating corruption and improving health are found to be complementary. Efforts to address corruption could align with and support public health objectives. CONTEXT: While public health research has examined the macro-level and structural determinants of health, the link between corruption and population health remains underexplored. This study investigates the relationship between corruption and mortality and explores potential pathways underlying this association. In doing so, it contributes to the broader literature on the political economy of health and the upstream factors associated with population health. METHODS: This study draws on country-level data from 102 countries spanning 2008-2018. We use econometric methods, including instrumental variables and the Mundlak approach. To mitigate endogeneity concerns, we employ an instrumental variable approach based on ancestry and oral tradition, using historical cultural factors plausibly related to contemporary corruption levels. FINDINGS: We find a significant relationship between corruption and higher mortality rates. Corruption is also linked with weaker fiscal capacity, reduced government funding for health care, distorted resource allocation, and patterns consistent with misallocation of public funds. Additionally, the association between corruption and mortality varies across levels of public goods provision. CONCLUSIONS: This study expands existing research on social determinants of health by highlighting the relevance of institutional and political factors for population health. Addressing corruption could be recognized as a public health priority, given its association with health financing and population health. "
41689602,"Cancer navigation in Africa: challenges, impacts, and future directions.",Adegbesan Abiodun; Akingbola Adewunmi; Tundealao Samuel; Afolabi Boluwatife Olu; Adekoya Stephen Oluwatimilehin; Abraham Miracle Ifeoluwa; Udeobi Onyinye; Oduntan Olajuwon Omotolani; Oyeyemi Akosile Abiodun; Shagaya Uchechukwu; Chuku Joel,Supportive care in cancer : official journal of the Multinational Association of Supportive Care in Cancer,2026,Journal Article|Review,"Cancer navigation guides patients through cancer care, addressing barriers like late diagnosis, financial constraints, and emotional distress. In Africa, it supports early detection, treatment, and survivorship amid poor infrastructure and limited access. Expanding these programs can reduce mortality and improve outcomes. Cancer cases are rising rapidly in Africa and are expected to double by 2050. Access to care is hindered by limited facilities, few trained oncologists, geographic barriers, cultural stigma, high treatment costs, and lack of screening programs. Most services are urban-centered, leaving rural areas underserved. Financial hardship, poor governance, inadequate research funding, and scarce cancer registries worsen the problem. Coordinated, sustainable efforts are needed to improve cancer prevention, treatment, and care. Patient navigation significantly enhances cancer care in sub-Saharan Africa by addressing barriers to early detection, diagnosis, treatment, and support. Navigators facilitate screening, improve awareness, and coordinate care across healthcare levels. They reduce treatment delays, offer psychosocial support to patients and caregivers, and help with financial, transport, and lodging challenges. Successful programs in South Africa, Uganda, and Nigeria demonstrate improved outcomes, including increased screenings, faster diagnoses, and better treatment adherence, showcasing the transformative impact of navigation on cancer control in resource-limited settings. Strengthening cancer navigation systems is essential, focusing on healthcare infrastructure, workforce training, policy reform, and community engagement. Key strategies include expanding cancer centers, integrating trained patient navigators (both clinical and non-clinical navigators), leveraging telemedicine and AI, and increasing collaborations. Formal navigator certification, education campaigns, and improved health financing are crucial. These efforts aim to improve cancer detection, treatment, and outcomes across Africa's diverse healthcare settings. "
41635454,Building health system resilience in Romania: a consensus on policy priorities.,Blidaru Teodor Cristian; Forray Alina Ioana; Garofil Dragos; Mezinu-Bălan Larisa; Lazăr Oana; Stoea Iulia; Vlădescu Cristian; Dașcă Laurențiu; Iordache Gratiela; Iliescu Radu; Sîmbotin Raluca; Anghel Otilia; Voda Adina-Maria; Mohîrță Decebal; Pitel Ecaterina; Vatachki Guenadiy; Deleanu Valentina; Co,Journal of medicine and life,2025,Consensus Statement|Journal Article,"Romania's healthcare system struggles with the EU's highest rates of treatable and preventable mortality and the lowest per capita health expenditure. Critical issues include unsustainable financing, an entrenched physician-centered model lacking institutional accountability, delayed digitalization, and inadequate clinical research capacity, necessitating structural and paradigmatic shifts. The objective of this study was to synthesize multi-stakeholder consensus recommendations for comprehensive reform of the Romanian healthcare system, focusing on financing, service delivery, and human resources. This manuscript details recommendations from a multi-stakeholder consensus conference organized in April 2025 by the Aspen Institute Romania. Participants addressed topics including financing, patient-centered hospital models, clinical research, health innovation, and the European Health Data Space (EHDS). Consensus recommendations include: stabilizing national health insurance funds (broadened contributions, multi-year budgets); shifting hospitals to patient-centered, institutionally accountable models (transparent allocation, digital integration, eradicating informal payments); equitable hospital reimbursement (unified tariffs); accelerated digital transformation (EHDS alignment, national Electronic Health Record); enhanced clinical trial capacity (personnel, infrastructure, regulatory efficiency); and exploring regulated dual practice, contingent on successful prior reforms. Key challenges include transforming hospital culture, promoting digital adoption, and navigating the complexities of politics and finance. These interconnected recommendations form a roadmap for transformative reform, crucial given the untenable status quo. Success requires sustained political will, stakeholder collaboration, investment, and robust governance to create a financially stable, patient-centered, equitable, and innovative system. "
41550028,"Mental health burdens, typhoon and structural health inequities: evidence from a global perspective.",Yang Ruoxi; Huang Yu,Global health action,2026,Journal Article,"BACKGROUND: Against the backdrop of accelerating climate change and more frequent extreme weather events, typhoon disasters have become a major challenge to mental health. Based on the Social Determinants of Health theory and integrating the Cumulative Disadvantage Model with Structural Causal Influence analysis, this study evaluates how typhoon exposure affects the burden of mental health disorders and how these effects vary with social structural differences. OBJECTIVE: To investigate the mechanisms linking typhoon exposure to the burden of mental health disorders, and to quantify the moderating roles of macro-level social structural variables. METHODS: By constructing both main effect and year-on-year difference models, combined with structural equation modelling and multinational panel data, this research quantifies the moderating roles of macro-level social variables, including gross national income, Human Development Index, Gini coefficient, government health expenditure, out-of-pocket health spending, educational attainment, and life expectancy. RESULTS: Typhoons were found to increase prevalence, incidence, and disability-adjusted life years (DALYs) related to mental disorders, with the strongest impact in the 25-34 age group. High income, education, HDI, and public health investment were linked to greater resilience, while low income, high OOP, and high inequality indicated vulnerability. Secondary disaster frequency and the number of people affected acted as mediators, forming a pathway from 'typhoon' to 'social stress' to 'mental disorders.' CONCLUSIONS: Typhoon impacts on mental health are shaped by both direct exposure and structural inequalities. Improving socioeconomic conditions, lowering OOP costs, reducing inequality, and increasing public health investment can strengthen psychological resilience and disaster response capacity. "
41373384,Innovating for Health: Measuring the Path of Global Innovation in Healthcare Systems.,Criveanu Cristina; Doran Nicoleta Mihaela; Gheorghiță Veronica; Stăiculescu Oana,"Healthcare (Basel, Switzerland)",2025,Journal Article,"Background/Objectives: Innovation capacity has become a strategic pillar for strengthening healthcare systems in the European Union, yet its effects vary considerably across countries with different levels of institutional development and technological readiness. This study examines how national innovation capacity, measured through the Global Innovation Index, influences health expenditure, healthy life expectancy, and childhood obesity across the EU-27. Methods: Using an unbalanced panel dataset for 2011-2024, we applied panel quantile regression to capture heterogeneous effects across the conditional distribution of health outcomes. Four dependent variables were analyzed: government expenditure on health, provider-level healthcare spending, healthy life expectancy at birth, and childhood obesity prevalence. GDP growth and population were included as controls. Diagnostic tests confirmed cross-sectional dependence and heteroskedasticity, supporting the choice of distributionally robust estimators. Results: Higher innovation capacity was positively and significantly associated with government health expenditure and provider-level spending across all quantiles (p < 0.001), with the strongest effects in lower-performing systems. For healthy life expectancy, innovation exhibited declining coefficients across quantiles, indicating diminishing marginal returns in more advanced systems. No stable association was observed for childhood obesity, which remained largely unaffected by national innovation capacity. Conclusions: Innovation contributes to structural improvements in health financing and population health, particularly in countries with lower baseline performance. In high-performing systems, its role shifts toward incremental efficiency gains. The absence of effects on childhood obesity highlights the dominance of socio-behavioral determinants. Findings are associative and call for future causal and sector-specific research. "
41237708,[Analysis of the relationship between public health expenditure and health outcomes in Spain (2002-2022)].,Escandell Rico F M; Pérez Fernández L,Journal of healthcare quality research,2026,English Abstract|Journal Article,"OBJECTIVE: To analyze the relationship between public health expenditure and its possible association with health indicators, particularly life expectancy and infant mortality in Spain during the period 2002-2022. METHOD: An ecological, longitudinal, and retrospective study that included the 17 autonomous communities, generating a panel of 340 observations (17 communities ×20years). Official data from the Public Health Expenditure Statistics and health indicators from the Ministry of Health were used. Time trends in public health expenditure, life expectancy, and infant mortality were analyzed, and correlation analysis, multiple regression, and hierarchical cluster analysis were applied to evaluate patterns and associations. RESULTS: Public health expenditure per capita increased by 70.6% between 2002 and 2022, mainly concentrated in hospital services, while primary care showed limited growth, and public health only increased significantly after the COVID-19 pandemic. A positive, albeit weak, association was observed between total spending and life expectancy, and a negative correlation approaching significance between spending and infant mortality. Regional inequalities persisted, with regions such as Catalonia and Madrid presenting the highest spending levels and improved indicators, in contrast to regions such as Andalusia and the Valencian Community, which maintained lower and more unstable levels. CONCLUSIONS: Increased public health spending in Spain is associated with improvements in key health indicators, but spending alone does not guarantee better outcomes. Efficiency improvements, strengthening of primary care, reduction of territorial inequalities, and results-oriented strategic planning are required to ensure the sustainability and effectiveness of the health system. "
41233630,Subnational life expectancy disparities in low and middle-income countries: measurement and determinants.,Kyriacou Andreas; Miranda-Lescano Ronald; Muinelo-Gallo Leonel; Roca-Sagales Oriol,Health economics review,2025,Journal Article,"BACKGROUND: Relatively little is known about subnational life expectancy disparities in low and middle-income countries (LMICs). We construct indicators of subnational disparities in life expectancy, offering critical insights into health inequalities within countries. Moreover, we investigate the factors that account for cross-country and over-time variations in subnational life expectancy in less developed countries. METHODS: We measure subnational disparities in life expectancy within a country by way of a population-weighted coefficient of variation indicator. Our sample covers 101 LMICs during the period 2000-2021 and we consider overall, male and female health disparities. We employ regression analysis to identify important drivers of subnational disparities in life expectancy and focus on the role of subnational disparities in income and education. RESULTS: The findings reveal that subnational disparities in life expectancy are markedly higher in Sub-Saharan Africa compared to other LMIC world regions. Moreover, while subnational disparities in life expectancy have decreased in most regions, Sub-Saharan Africa stands out as an exception, with persistently high disparities alongside rising average life expectancy. A gender-specific analysis highlights that, while women generally live longer than men, subnational disparities are greater for women. Regression analysis identifies a range of factors influencing life expectancy disparities. Variables such as good governance and public health spending help reduce subnational disparities, while decentralization, country size, geographic diversity and ethnic fractionalization tend to increase them. Subnational disparities in income and education emerge as the most significant drivers, with disparities in female education playing a particularly critical role. CONCLUSIONS: Subnational life expectancy disparities in some LMICs, especially in Sub-Saharan Africa, are high and persistent. Reducing subnational disparities in female education emerges as a key strategy. "
41163104,The maternal and child mortality in the Middle East and North Africa between 2000 and 2020: the role of health financing.,Gao Tianjiao; Farag Marwa; Li Guohong; Zeng Wu,Global health research and policy,2025,Journal Article,"BACKGROUND: Improving maternal and child health (MCH) outcomes is a critical agenda item in global development. Health financing factors play a crucial role in affecting MCH outcomes, which vary substantially in the Middle East and North Africa (MENA) region. This study aims to examine the trends in maternal mortality rate (MMR), infant mortality rate (IMR), and under-5 mortality rate (U5MR) in the MENA region and the potential impact of health financing factors on them. METHODS: We compiled data on MCH mortalities and potential determinants, including health financing factors, for all countries in the MENA region from 2000 to 2020. We calculated the growth rate of mortalities and explored the association between mortality rates and potential determinants using fixed-effects models. RESULTS: The average MMR, IMR, and U5MR showed an overall descending trend in the region. Middle-income countries experienced the highest reduction rates (3.46-3.73%), followed by high-income countries (2.97-3.02%) and then low-income countries (0.33-0.92%). Gross domestic product (GDP) per capita, current health expenditure (CHE) per capita, urbanization, and fragility were consistently associated with all three mortality rates (p < 0.05). GDP elasticity of MMR, IMR, and U5MR was estimated at - 0.121, - 0.076, and - 0.138, respectively, while corresponding CHE elasticity was - 0.319, - 0.275, and - 0.225, with a larger magnitude. Fragility was positively associated with higher MMR, IMR, and U5MR. Additionally, government health spending, air pollution, and immigration were associated with MMR, but not with IMR and U5MR. CONCLUSIONS: Low-income countries in the MENA region, with the highest mortality rates, face greater challenges in reducing MCH mortality rates, necessitating tailored interventions to expand evidence-based MCH services and/or reinforce their effectiveness. Total investment in health plays a critical role in reducing mortality rates. Efforts to build a sustainable health financing system are key to improving MCH outcomes. Besides, endeavors to address broader socioeconomic factors and political stability should be prioritized in countries with major concerns of poverty and conflict. "
41126498,Association of State and Local Social and Public Health Spending With Cancer Incidence and Mortality.,Newton Laura E; Dragan Kacie L; Cusimano Lucas D; Loehrer Andrew P,Cancer control : journal of the Moffitt Cancer Center,2025,Journal Article,"IntroductionThis study aimed to characterize the association between state and local social spending and incidence and mortality of poverty-associated cancers.MethodsThis cross-sectional cohort study (years 2004-2020) included U.S. adults ages 20-64 years with poverty-associated cancers. The exposure was differential and combined state- and local-level spending on social needs for 50 states. Data from the U.S. Census Bureau Census of Governments was used to determine annual social spending for each state. Deciles of spending were calculated annually. Main outcomes were yearly incidence and mortality of poverty-associated cancers, expressed as rate ratios where the first decile serves as the reference for each of deciles 2-10. Poisson regression models evaluated association of social spending with incidence and mortality of poverty-associated cancers, controlling for secular trends and state fixed effects.ResultsOverall median social spending was $7071dollars per capita (IQR $6373-$8098). By combined state/local social spending, yearly cancer incidence rates were lower in the highest deciles of social spending (rate ratio 0.96 (95% CI 0.92-0.99) and 0.92 (95% CI 0.88-0.96) for 9th and 10th deciles, respectively). Similarly, yearly cancer mortality rates were lower in the highest deciles of social spending (rate ratio 0.94 (95% CI 0.89-0.98) and 0.91 (95% CI 0.85-0.97) for 9th and 10th deciles, respectively).ConclusionThis work demonstrates an association between state and local social spending and decreased incidence and mortality of poverty-associated cancers. These results can inform policies promoting spending on interventions that not only address general welfare but have downstream impacts on cancer risk and outcomes. "
41017309,What affects the performance of hospital financing interventions in low and lower-middle income countries from the program design and implementation perspective? A scoping review.,Zeng Wu; Boiangiu Mara; Trachsel Natalie; Jarawan Eva; Turbat Vincent; Meessen Bruno,Health policy and planning,2025,"Journal Article|Scoping Review|Research Support, Non-U.S. Gov't","Hospitals, as an important component of the health system, consume a substantial amount of health resources and are instrumental in improving population health. While many health financing interventions have been implemented at hospitals, evidence exploring common factors facilitating their implementation in low and lower-middle income countries (LLMICs) remains limited. We conducted a scoping review of existing hospital financing interventions in LLMICs. A combination of search strategies and key informant consultations were used to search for relevant literature. A total of 35 articles spanning six categories of hospital financing interventions were included in the review. The review centered on design and implementation factors associated with hospital financing interventions. Factors affecting a hospital financing intervention's results were numerous and context specific. From the design and implementation perspective, five interconnected factors-governance and accountability, participatory process, proper intervention design, adequate resources and capacity, and monitoring and evaluation-underline the most influential factors across the six categories of hospital financing interventions. Understanding the connections among these factors and making efforts to align them with the country's context make for a more promising intervention. The evidence on specifics across different types of hospital financing implementations remains limited, requiring more implementation studies guided by comprehensive theoretical frameworks to generate more concrete evidence. "
40970110,"Achieving Universal Health Coverage in Cambodia: Barriers, Strategies, and Policy Recommendations.",Sorn Virak,Health science reports,2025,Journal Article,"BACKGROUND AND AIM: Cambodia's Universal Health Coverage (UHC) score in 2021 was 58-lower than neighboring countries like Vietnam (68) and Thailand (82)-highlighting persistent challenges in healthcare access. Key issues include healthcare disparities, urban-rural inequalities, rising noncommunicable diseases (NCDs), and an overreliance on private healthcare services that increase out-of-pocket expenses. Therefore, this perspective article aims to discuss the challenges and strategies to address the issues of achieving UHC in Cambodia and the way forward. METHODS: A literature review was conducted throughout May 2025 by retrieving articles from Google Scholar, PubMed, and gray literature from national and international organizations' websites, including the World Health Organization, United Nations, World Bank, and GIZ Cambodia. Additionally, I employed UHC, barriers, challenges, efforts, and Cambodia as the keywords. RESULTS: Cambodia has made progress in healthcare access, including reductions in infant and maternal mortality and increased life expectancy. However, several systemic challenges hinder UHC advancement. These include significant healthcare quality and accessibility gaps between urban and rural areas, weak healthcare governance, and limited preventive measures for NCDs. The healthcare system is highly privatized, with only 20% of the population relying on public healthcare and 80% on private outpatient services-raising concerns about service quality and financial risk protection. Key barriers include socioeconomic inequality, inadequate infrastructure, and underdeveloped health financing mechanisms. To address these, strengthening the Health Equity Fund (HEF), improving infrastructure and human resources, investing in medicine storage, and establishing a ""Cambodian Public Health Act"" and ""Public Health Commission"" are recommended. CONCLUSIONS: Cambodia still has a long way to go to achieve UHC. Strengthening UHC will require policy reforms, strategies, and initiatives across a multisectoral approach. Cambodia's Public Health Commission could accelerate the country's journey toward UHC by utilizing best practices, information exchange, and collaborative approaches to maximize limited resources. "
40866812,"Financial development, public health financing, and health outcomes in Sub-Saharan Africa.",Musah Abubakar; Aawaar Godfred; Musah Godwin; Abdul-Mumuni Abdallah,BMC public health,2025,Journal Article,"BACKGROUND: This paper examines the effect of multi-dimensional financial development on health outcomes in sub-Saharan Africa (SSA). The study decomposes financial development into access, depth, and efficiency and tests their separate effects on health outcomes. The paper also examines the interaction effect of public health spending and financial development on health outcomes. METHODS: This paper is based on panel data for forty-five countries in sub-Saharan Africa (SSA) collected from the World Development Indicators (WDI) of the World Bank and the International Monetary Fund (IMF) over the period 2000-2021. This study adopts the 2-step system Generalised Method of Moments (GMM) as the estimation technique to examine the relationships among the variables. This robust approach is chosen to effectively address potential issues of endogeneity, reverse causality, and unobserved country-specific heterogeneity inherent in the relationship between financial development and health outcomes. RESULTS: The findings show that improvement in financial development measures improves health outcomes in sub-Saharan Africa (SSA). The findings further show that, in SSA, higher out-of-pocket expenses lead to worsening health outcomes. The relationship between financial development and health outcomes in sub-Saharan Africa is strongly moderated by public health financing and out-of-pocket medical expenses, suggesting important synergistic and mitigating effects. CONCLUSIONS: The findings imply that financial development, public health financing, and out-of-pocket health expenditure are critical when it comes to improving health outcomes in sub-Saharan Africa. To lower infant and maternal mortality rates and raise life expectancy, policymakers must implement targeted actions to strengthen the financial system and lower household out-of-pocket medical expenses whilst increasing public health financing. These findings guide health policy formulation for the improvement of health outcomes in SSA. "
40717485,Impact of Government Health Expenditure on Maternal Mortality: An Appraisal of South-Asian-Economies.,Jan Azhar; Gupta Meenakshi; Aftaab-Ul-Maroof Sheikh,"Inquiry : a journal of medical care organization, provision and financing",2025,Journal Article,"Maternal and child healthcare is a crucial dimension in healthcare delivery. A significant portion of government health expenditure is kept for improvement in infrastructure, service delivery and financial protection to reduce mortality and improve maternal healthcare. The current study aims at assessing the relationship between government health expenditure and maternal mortality in the South Asian context while considering expected years of schooling, fertility rate, government effectiveness, and gross domestic product as control variables. The retrospective panel data has been used from 2002 to 2020 for 8 South Asian Economies. Fixed-effect-model, Pooled-ordinary-least-square, Random-effect-model, Hausman-Test, Fully-Modified-Least-Square and Dynamic-Ordinary-Least-Square techniques have been applied for estimation. The results reveal that government health expenditure is negatively related to maternal mortality across all applied analytical models. The study concludes that a rise in government healthcare expenditure in South Asia can reduce maternal mortality. "
40386870,North Macedonia: Health System Review.,Milevska Kostova Neda; Atanasova Simona; Dimkovski Vladimir; Stevanovski Goran; Stæhr Johansen Anne; Winkelmann Juliane; Rechel Bernd,Health systems in transition,2024,Journal Article|Review,"This analysis of North Macedonia's health system reviews developments in its organization and governance, financing, provision of services, health reforms and health system performance. Life expectancy improved prior to the COVID-19 pandemic, but remains far below the EU average, and the country still struggles with comparatively high levels of morbidity and mor¬tality. The social health insurance system covers almost the entire population and progress has been achieved in providing access to publicly covered essential health services. However, challenges remain for patients in access¬ing health services and in financial protection. Geographical accessibility of services varies, with better access in the capital and major cities compared to smaller towns and rural areas. In terms of health financing, the health system offers universal population coverage for a wide range of benefits and services, which are free at the point of delivery or require only minimal co-payments to prevent overuse. Yet the share of private spending on health as a percentage of current health expenditure is high, which undermines the achievement of key health system goals, such as financial protection, equity and efficiency. The health workforce has been a focus of health reforms and efforts are underway to strengthen education and training to improve the skill mix and competences of the health workforce to respond to new challenges and an ageing population. The ratio of physicians per population has increased markedly in recent years, but remains below the EU average. The priorities for the country in the National Health Strategy 2021-2030 are restructuring the hospital system, continuing the country's primary care reform, and improving quality of care while increasing the efficiency of resource use. Access to medicines has improved, but further efforts are needed to ensure access to innovative medicines and treatments. Overall, the Macedonian health system has made important progress, especially in terms of digitalization of health care and access to e-services and telemedicine, but unmet needs remain an issue. The main outstanding challenges include increasing the responsiveness of the health system to population needs; redistributing resources and activities from hospitals to primary care; ensuring access to medicines; and safeguarding the financial sustainability of the health system. "
40376441,World Health Day 2025: Time to Change Mindset Beyond Global Commitment to Maternal Health and Women's Well-Being.,Wang Minmin; Ren Minghui,China CDC weekly,2025,Journal Article,"The World Health Day 2025 calls for a global commitment to maternal health. Maternal health has long been a central focus in the global health agenda, prominently featured in both the Millennium Development Goals and Sustainable Development Goals. Substantial progress has been made in reducing maternal mortality through international collaboration. However, significant challenges persist, including reductions in global health financing and emerging threats such as climate change. Mindset changes are urgently needed for maternal health and broader global health governance. Sustainable investment and health system strengthening are imperative. Global health governance should be reformed through a paradigm shift toward an accountable, fair, efficient, and transparent ecosystem. "
40205437,Financing of non-communicable diseases in Afghanistan.,Neyazi Narges; Mosadeghrad Ali Mohammad; Tajvar Maryam; Safi Najibullah,International journal for equity in health,2025,Journal Article,"BACKGROUND: Afghanistan is suffering from a triple burden of diseases. One of every two Afghan is dying due to non-communicable diseases (NCDs). The national health account report shows that people are paying 77% of health expenditure from their pocket especially for diagnostic and treatment purposes. Considering the huge number of mortality and health expenditure related to NCDs, this paper aimed to analyze the financing system of NCDs and provide recommendations to the policy makers and program managers in national and international health institutions. METHODS: A qualitative method was used to interview with 39 experts in health system of Afghanistan during 2019 to 2021. A self-developed interview guide was used for data collection. For analysis of data, we used deductive framework method and used the six building blocks of the health system as a framework, in this study for financing. RESULTS: In analyzing the financing of NCDs in Afghanistan, the findings are summarized in four categories as below. The strength points are donor-funded packages of health services, producing the national health accounts reports, implementing minimum excise tax on tobacco or sugar sweetened beverages and the existence of some guiding policy documents such as revenue generation strategies. The weak points are low budget allocation to health by the government, centralized financing system in Afghanistan, lack of key NCDs indicators in health information system, and high out of pocket payments. On the other hand, the opportunities are high level of Out-of-Pocket payment, corrective tax on tobacco and sweetened beverages, availability of implementing NGOs in health sector. Also, threats are weak governance structure and risk of corruption in the health sector, lack of public trust on the government, barriers to implementing Public Private Partnership program, low health literacy of people, collusion between public and private sector, and long bureaucratic process. CONCLUSIONS: In general, health financing is closely linked to other health systems' functions especially governance, health information management, health workforce management, provision of medicine, medical supplies, and technology. Thus, to have functional health financing, we need to consider these intercorrelations and provide synergies among the building blocks of health system. "
40151906,"Long-term outcomes of a paediatric quality improvement project in Central Asia: changes take time, time for a change.",Jullien Sophie; Abdulkhafizovich Shamsov Bakhtovar; Allakhveranova Rabiia; Mirsaidova Manzura; Nazhimidinova Gulmira; Tilenbaeva Nurshaim; Yusupova Shoira; Weber Martin W; Carai Susanne,Journal of global health,2025,Journal Article,"BACKGROUND: Quality health care is essential for reducing child mortality. A three-year World Health Organization (WHO) quality improvement (QI) project, implemented in the Kyrgyz Republic and Tajikistan between 2012 and 2014, aimed to enhance the quality of paediatric hospital care and thereby reduce child mortality. The intervention included training on international guidelines, provision of medicines, supplies, and equipment, and supportive supervision. This study assessed whether the project was successful in improving clinical practices in the long term in both countries. METHODS: We matched intervention hospitals with hospitals that did not participate in the QI project (control hospitals). We randomly selected medical records of children aged 2-59 months who were hospitalised with an acute respiratory infection or diarrhoea before the start of the QI project (2012), at its end (2015), and seven years after its completion (2021). We reviewed clinical practices from medical records to assess compliance with WHO standards for clinical care of children, which were emphasised in the project's training sessions. RESULTS: In the Kyrgyz Republic, the quality of care improved in intervention hospitals between the start and the end of the QI project for all indicators except one: unnecessary hospitalisations, unnecessarily prolonged hospitalisations, and unnecessary antibiotic prescriptions decreased, while the use of pulse oximetry and oral rehydration salts (ORS) prescriptions increased. This improvement was sustained until 2021. In control hospitals, some improvements were also observed between 2012 and 2015, but these were less substantial and less sustained. The interventions had less effect in Tajikistan between 2012 and 2015, and the improvements were not always sustained until 2021: unnecessary antibiotic prescriptions decreased and ORS prescriptions increased by 2015 but reverted to baseline levels by 2021. CONCLUSIONS: The QI project resulted in improvements in clinical practice in both countries, which were sustainable in the long term only in one country. The differences in long-term benefits may be attributable to factors within the health system environment. Issues related to health governance for, health financing, and health workforce were largely disregarded during the project's design and implementation, yet may be crucial for sustainability. "
40140811,Threshold effect of governance quality in the relationship between public health expenditure and life expectancy at birth in the West African Economic and Monetary Union.,Boundioa Jacques; Thiombiano Noël,BMC health services research,2025,Journal Article,"BACKGROUND: The population in the West African Economic and Monetary Union (WAEMU) suffers poor health, as manifested in low life expectancy at birth. Public health expenditure (PHE) has long been viewed as having the potential to improve health. However, the relationship between PHE and health outcomes is inconclusive. In view of the above, poor governance could be a factor inhibiting the effect of public health expenditure on certain health indicators. This article analyzes the threshold effect of governance quality on the relationship between public health spending and life expectancy at birth in WAEMU. METHODS: The data used come from the Worldwide Governance Indicators (WGI) database and the World Bank's World Development Indicators and cover the period 1996-2018. Threshold-effect analysis for Hansen (1999) was performed to assess the relation between governance quality (using the six (06) indicators and index of governance quality for robustness) and public health expenditure with life expectancy at birth. RESULT: The results show that governance quality is a transition variable at which public health expenditure affects life expectancy. Indeed, the effect of public spending on life expectancy at birth varies according to the thresholds reached by the different levels of governance on a 0-1 scale. CONCLUSION: Public health expenditure affects life expectancy if the quality of governance is high. Improving governance quality must be a prerequisite for any allocation of public resources in the health sector in WAEMU. "
39962535,"Measurement of district health system strengthening efforts for maternal and newborn health service delivery: synchronized application of evaluation models in the West Nile region, Uganda, 2019-2021.",Muhumuza Simon; Lutalo Ibrahim M; Ssendiwala Julius; Latigi Grace; Pirio Patricia; Msukwa Chimwemwe; Mwanyumba Fabian; Gohar Fatima; Hailegebriel Tedbabe Degefie; Asfaw Atnafu Getachew; Bergh Anne-Marie,BMC health services research,2025,Journal Article,"INTRODUCTION: Uganda has high maternal, neonatal, and under-five mortality rates. Between 2019 and 2021, the United Nations Children's Fund (UNICEF), in collaboration with the Ministry of Health and other partners, implemented a maternal and newborn health (MNH) quality improvement programme in the West Nile region of Uganda to improve the delivery and utilization of MNH services. This study describes the application of health system evaluation models to monitor changes in health system capacity and the quality of MNH services. METHODS: We designed two novel health system evaluation models-the Progression and ServQual models-which progressively monitor changes in health system capacity and quality of health services. The progression model was designed to measure changes in health system capacity using a set of indicators and benchmarks. For each health system component, the tool generates scores as follows: > 90% for level 4 progression (surpasses basic expectations); 70-90% for level 3 (meets basic expectations); 50- < 70% for level 2 (needs improvement); and < 50% for level 1 progression (needs urgent attention). The quality of MNH services was monitored through annual client satisfaction surveys using the ServQual model. The identified health system capacity and service quality gaps were used to inform corrective actions. RESULTS: Overall, the average health system capacity scores across the 12 districts increased from 62.9% (level 2) in 2019 to 71.2% (level 3) in 2021. The capacity scores for each health system component increased: governance and leadership increased from 67.7% to 74.1%, health financing increased from 67.4% to 69.3%, access to essential medicines increased from 50.2% to 77.0%, the health information system increased from 71.8% to 74.9%, the health workforce increased from 56.8% to 66.9%, and MNH service delivery slightly increased from 63.5% to 64.5%. Client satisfaction with the quality of MNH services increased from 26.5% in 2019 to 39.8% in 2021. CONCLUSION: Synchronized application of the Progression and ServQual models is an important innovative strategy for monitoring changes in district health system capacity and quality of health services. The results of applying these models can be used to guide better targeting for health system capacity improvement. "
39819394,Exploring health outcome disparities in African regional economics communities: a multilevel linear mixed-effect analysis.,Mouteyica Ariane Ephemia Ndzignat; Ngepah Nicholas,BMC public health,2025,Journal Article,"BACKGROUND: In African Regional Economic Communities (RECs), notable and enduring disparities exist in health outcomes. This study investigates the impact of macro-level characteristics of countries on health outcomes disparities within the African Regional Economic groupings. The study used panel data from the World Bank Development Indicators (WDI) and the Worldwide Governance Indicators (WGI), spanning 37 African countries, grouped into eight RECs between 2000 and 2019. We employed infant and under-five mortality rates and life expectancy at birth as indicators of health outcomes. METHOD: The study used a multilevel linear (ML) mixed-effect approach to examine the influence of country-level factors on health outcome disparities within the eight African RECs recognized by the African Union. RESULTS: The findings show that higher unemployment rates and HIV incidence exacerbate these disparities, while a growing elderly population and improved access to basic drinking water can mitigate them. Increased internet usage correlates with higher within-regional inequalities in child mortality rates but reduces disparities in life expectant at birth. Urbanization trends contribute to lower-intra-regional inequality in infant mortality rates and life expectancy at birth. Higher domestic government health expenditure as a share of general government spending is linked to reduced disparities in under-five and infant mortality rates. Still, it increases inequalities in life expectancy at birth within the regional groupings. Moreover, a higher proportion of the population below 15 years old and trade gains positively influence regional disparities in life expectancy. Conversely, DTP immunization coverage among children aged 12-23 months is associated with higher within-regional inequality in infant mortality rates. CONCLUSIONS: Polices aimed at reducing unemployment rates and HIV incidence should be prioritized. In addition, governments should invest in elderly care programs and infrastructure development for water supply. Efforts to promote internet access should be complemented by interventions to enhance child health and healthcare accessibility. Encouraging urban planning policies that prioritize developing healthcare infrastructure and facilitating healthcare access in urban areas is crucial. Furthermore, Governments should increase their health expenditure allocation in general government spending. Promoting strategies to enhance healthcare access and quality for specific demographics, alongside leveraging trade gains to invest in healthcare infrastructure and services, is imperative. Targeted interventions ensuring equitable access to immunization services should also be emphasized. "
39663163,"Social Health Insurance for Universal Health Coverage in Low and Middle-Income Countries (LMICs): a retrospective policy analysis of attainments, setbacks and equity implications of Kenya's social health insurance model.",Nungo Susan; Filippon Jonathan; Russo Giuliano,BMJ open,2024,Journal Article,"OBJECTIVES: To analyse the potential of the Social Health Insurance (SHI) model to support the achievement of Universal Health Coverage (UHC) in Low and Middle-Income Countries (LMICs) through a policy analysis case study of Kenya's National Health Insurance Fund (NHIF). DESIGN: We used an adaptation of the policy triangle framework to perform a retrospective policy analysis of Kenya's NHIF, drawing from semistructured interviews and analysis of published documents and grey literature. SETTING: We focused on Kenya's NHIF as a case study. PARTICIPANTS: We conducted 21 interviews with key stakeholders including policy experts, healthcare providers and formal and informal sector workers. We then triangulated the interview findings with document analysis. RESULTS: Only 17% of Kenya's population are currently covered by the SHI as of 2023. Only 27% of the informal economy is covered by the NHIF, implying very low uptake and/or retention rates. We found little stakeholder engagement in the policy implementation process and minimum adoption of expert advice. Our analysis suggest that political affiliations and positions of power heavily influence health financing policies in Kenya. Purchasing and payment of healthcare was found to be riddled with inefficiencies, including slow bureaucratic reimbursement procedures, little expertise by rural hospital clerks, misappropriations and favouritism of specific private healthcare providers. We also found that group-based parallel schemes and penalty payments for defaulted premiums widened the existing inequity gap in healthcare access. CONCLUSION: Although the SHI system is perceived to increase coverage and the quality of health services in Kenya, substantial structural and contextual challenges appear to deter its suitability to finance the attainment of Universal Health Coverage. From Kenya's experience, we identify little informal sector participation, inefficiencies in purchasing and payment of healthcare services, as well lack of political goodwill, as key bottlenecks for the implementation of SHI schemes in LMICs. LMICs adopting SHI need to also implement co-financing arrangements that do not impose on the population to co-finance, strategic purchasing systems, political goodwill and good governance for the SHI systems to be beneficial. "
39624418,The impact of regional poverty on public health expenditure efficacy across South Africa's provinces: investigating the influence of historical economic factors on health.,Dlamini Msawenkosi; Mbonigaba Josue,Frontiers in public health,2024,Journal Article,"INTRODUCTION/OBJECTIVES: More than half of South Africa's population lives in poverty, with significant health disparities across different regions. This study investigates the effects of regional poverty and historical economic factors on the efficacy of public health expenditure to understand how socioeconomic contexts influence overall public health outcomes. METHODS: Our study utilized annual data from 2005 to 2019 for 9 provinces, drawing from the General Household Survey, Health Systems Trust database, and National Treasury's Intergovernmental Fiscal Review. The primary health outcome was life expectancy at birth, while public health expenditure per capita was the main independent variable. We developed the Provincial Index of Multiple Deprivation to assess poverty, incorporating dimensions such as health, education, and living standards. We employed a two-way fixed effects model to examine the complex relationships between regional poverty, public health spending, and health outcomes. RESULTS: The study found that poverty levels moderate the impact of public health spending on health outcomes, as evidenced by varying results across different provincial regions. Health outcomes in poorer provinces were less influenced by public health spending than wealthier regions. Additionally, the study established that income per capita, along with its lagged values and the lagged values of public health expenditure per capita, did not significantly affect health outcomes as measured by life expectancy. CONCLUSION/RECOMMENDATIONS: The impact of health expenditure in South Africa is influenced by regional poverty levels. To maximize the effectiveness of health spending, equitable, region-specific interventions tailored to address the unique health challenges of each area should be implemented. "
39552789,"Examining Macro-Level Barriers and Facilitators to Scaling Up Integrated Care from a Complexity Perspective: A Multi-Case Study of Cambodia, Slovenia, and Belgium.",Martens Monika; Chham Savina; Črt Zavrnik; Danhieux Katrien; Wouters Edwin; Chhim Srean; Susič Antonija Poplas; Ketiš Zalika Klemenc; Ir Por; Remmen Roy; Klipstein-Grobusch Kerstin; Van Damme Wim; Ku Grace Marie; Van Olmen Josefien,International journal of integrated care,2024,Journal Article,"INTRODUCTION: The 'Scale-Up diaBetes and hYpertension care' (SCUBY) project provides evidence on scaling-up integrated care (IC) in Cambodia, Slovenia, and Belgium. This paper examines macro-level barriers and facilitators to scaling up IC in these settings. METHODS: We used a multi-case study design, with each country being a case. Document review, focus groups, and stakeholder interviews were conducted. The WHO health system building blocks guided the thematic analysis. We then visualised and examined the interlinkages between barriers in each country. RESULTS: Common challenges to scaling up IC across the three health systems relate to: governance and leadership; health workforce; inadequate health financing system; and fragmented health information systems. In Cambodia, access to non-communicable disease (NCD) services and medicine are important issues. IC scale-up is facilitated by its strong governance and public health service model in Slovenia but health workforce shortages risk progress. In Belgium, the fragmented governance system and predominant fee-for-service provider payment are important barriers. A common response to health workforce and workload challenges was task shifting: to primary care nurses in Belgium, peer supporters in Slovenia, and community health workers in Cambodia. CONCLUSIONS: Examining differences and similarities between barriers in each health system stimulated reciprocal learning. Interactions between health system barriers in specific contexts require further attention to move complex health systems forward. "
39405320,Health outcome convergence and the roles of public health financing and governance in Africa.,Ndzignat Mouteyica Ariane Ephemia; Ngepah Nicholas Nwanyek,PloS one,2024,Journal Article,"Progress in health outcomes across Africa has been uneven, marked by significant disparities among countries, which not only challenges the global health security but impede progress towards achieving the United Nations' Sustainable Development Goals 3 and 10 (SDG 3 and SDG 10) and Universal Health Coverage (UHC). This paper examines the progress of African countries in reducing intra-country health outcome disparities between 2000 and 2019. In other words, the paper investigates the convergence hypothesis in health outcome using a panel data from 40 African countries. Data were sourced from the World Development Indicators, the World Governance Indicators, and the World Health Organization database. Employing a non-linear dynamic factor model, the study focused on three health outcomes: infant mortality rate, under-5 mortality rate, and life expectancy at birth. The findings indicate that while the hypothesis of convergence is not supported for the selected countries, evidence of convergence clubs is observed for the three health outcome variables. The paper further examine the factors contributing to club formation by using the marginal effects of the ordered logit regression model. The findings indicate that the overall impact of the control variables aligns with existing research. Moreover, governance quality and domestic government health expenditure emerge as significant determinants influencing the probability of membership in specific clubs for the child mortality rate models. In the life expectancy model, governance quality significantly drives club formation. The results suggest that there is a need for common health policies for the different convergence clubs, while country-specific policies should be implemented for the divergent countries. For instance, policies and strategies promoting health prioritization in national budget allocation and reallocation should be encouraged within each final club. Efforts to promote good governance policies by emphasizing anti-corruption measures and government effectiveness should also be encouraged. Moreover, there is a need to implement regional monitoring mechanisms to ensure progress in meeting health commitments, while prioritizing urbanization plans in countries with poorer health outcomes to enhance sanitation access. "
39342578,"Economic Evaluation of Cervical Cancer Screening by HPV DNA, VIA, and Pap smear Methods in Indonesia.",Hafidz Firdaus; Icanervilia Ajeng Viska; Rizal Muhammad Fikru; Listiani Putri; Setyaningsih Hermawati; Sasanti Maria Lastri; Ekawati Fitriana Murriya; Atthobari Jarir At; Utami Tofan Widya; Trirahmanto Addin; Tjokroprawiro Brahmana Askandar; Harsono Ali Budi; Masytoh Lusiana Siti; Haryani Windi; Sub,Asian Pacific journal of cancer prevention : APJCP,2024,Journal Article,"BACKGROUND: Cervical cancer occurs 80% in developing country including Indonesia and take place in the first rank of incidence rate and third rank in mortality rate in Asian Pacific. Natural history of cervical cancer gives a potential to get accurate screening method. Cervical cancer screening m in Indonesia use VIA and Pap smear method for women in age range 30 to 50 years old. Recently, HPV DNA test has been recommended in international and national policy as primary screening method for cervical cancer. This research aims to  asses cost-effectiveness and economic implications of specific cervical cancer screening modalities. METHODS: Cost-effectiveness analysis was conducted from societal perspective. Cost data was collected from four hospitals in Indonesia. Direct medical costs were derived from discussions with an expert panel and hospital billing data, aligning with current practice guidelines. Direct and indirect non-medical costs were estimated from patient interviews. Effectiveness data for the screening methods were extracted from a systematic review of existing literature. Markov model design was used for cost-effectiveness analysis. Budget impact analysis used healthcare perspective method from its billing for cervical cancer patients. RESULTS: Cervical cancer screening costs are calculated using direct medical, non-medical, and indirect expenses. Regarding to cost-effective analysis by incremental cost-effective ratio (ICER), pap smear for every 3 and 5 years is more cost-effective than VIA. HPV DNA also has the potential to be cost-effective. The budget impact analysis investigates scenarios, with a focus on negotiation-based cost reductions for HPV DNA testing. Controlling HPV DNA tariffs at USD 8.76 proves cost-effective. CONCLUSION: In conclusion, pap smear is the most cost-effective modality, while HPV DNA has the potential to be cost-effective by reducing the unit cost. Despite favorable outcomes, challenges in implementation suggest a phased approach for resource equalization before full deployment. "
39235195,A global overview of health system financing and available infrastructure and oversight for kidney care.,Yeung Emily K; Khanal Rohan; Sarki Abdulshahid; Arruebo Silvia; Damster Sandrine; Donner Jo-Ann; Caskey Fergus J; Jha Vivekanand; Levin Adeera; Nangaku Masaomi; Saad Syed; Ye Feng; Okpechi Ikechi G; Bello Aminu K; Tonelli Marcello; Johnson David W,"Nephrology, dialysis, transplantation : official publication of the European Dialysis and Transplant Association - European Renal Association",2024,Journal Article,"BACKGROUND: Governance, health financing, and service delivery are critical elements of health systems for provision of robust and sustainable chronic disease care. We leveraged the third iteration of the International Society of Nephrology Global Kidney Health Atlas (ISN-GKHA) to evaluate oversight and financing for kidney care worldwide. METHODS: A survey was administered to stakeholders from countries affiliated with the ISN from July to September 2022. We evaluated funding models utilized for reimbursement of medications, services for the management of chronic kidney disease, and provision of kidney replacement therapy (KRT). We also assessed oversight structures for the delivery of kidney care. RESULTS: Overall, 167 of the 192 countries and territories contacted responded to the survey, representing 97.4% of the global population. High-income countries tended to use public funding to reimburse all categories of kidney care in comparison with low-income countries (LICs) and lower-middle income countries (LMICs). In countries where public funding for KRT was available, 78% provided universal health coverage. The proportion of countries that used public funding to fully reimburse care varied for non-dialysis chronic kidney disease (27%), dialysis for acute kidney injury (either hemodialysis or peritoneal dialysis) (44%), chronic hemodialysis (45%), chronic peritoneal dialysis (42%), and kidney transplant medications (36%). Oversight for kidney care was provided at a national level in 63% of countries, and at a state/provincial level in 28% of countries. CONCLUSION: This study demonstrated significant gaps in universal care coverage, and in oversight and financing structures for kidney care, particularly in in LICs and LMICs. "
39232770,Sociopolitical context and COVID-19 fatality rates in OECD countries: a configurational approach.,Paykani Toktam; Oana Ioana-Elena,BMC public health,2024,Journal Article,"BACKGROUND: The effectiveness of crisis response can be influenced by various structural, cultural, and functional aspects within a social system. This study uses a configurational approach to identify combinations of sociopolitical conditions that lead to a high case fatality rate (CFR) of COVID-19 in OECD countries. METHODS: A Fuzzy set qualitative comparative analysis (QCA) is conducted on a sample of 38 OECD countries. The outcome to be explained is high COVID-19 CFR. The five potentially causal conditions are level of democracy, state capacity, trust in government, health expenditure per capita, and the median age of population. A comprehensive QCA robustness test protocol is applied, which includes sensitivity ranges, fit-oriented robustness, and case-oriented robustness tests. RESULTS: None of the causal conditions in both the presence and negation form were found to be necessary for high or low levels of COVID-19 CFR. Two different combinations of sociopolitical conditions were usually sufficient for the occurrence of a high CFR of COVID-19 in OECD countries. Low state capacity and low trust in government are part of both recipes. The entire solution formula covers 84 percent of the outcome.  Some countries have been identified as contradictory cases. The explanations for their COVID-19 CFR require more in-depth case studies. CONCLUSIONS: From a governance perspective, the weakness of government in effectively implementing policies, and the citizens' lack of confidence in their government, combined with other structural conditions, serve as barriers to mounting an effective response to COVID-19. These findings can support the idea that the effects of social determinants of COVID-19 outcomes are interconnected and reinforcing. "
39024379,"""Sickness has no time"": Awareness and perceptions of health care workers on universal health coverage in Uganda.",Ifeagwu Susan C; Nakaboga Kikonyogo Ruth; Nakkazi Suzan; Beinomugisha Joshua; Ojiambo Wandera Stephen; Kiwanuka Suzanne N; King Rachel; Van Bortel Tine; Brayne Carol; Parkes-Ratanshi Rosalind,PloS one,2024,Journal Article,"INTRODUCTION: Each person having access to needed health services, of sufficient quality, and without suffering financial hardship, defined as universal health coverage (UHC) by the World Health Organization, is critical to improve population health, particularly for vulnerable populations. UHC requires multisectoral collaboration and good governance, and this will require buy-in of key stakeholders; but their views are under-documented. The aim of this stakeholder analysis was to explore the awareness and perceptions of UHC by health care workers (HCWs) in Uganda. METHODS: A mixed-methods study was conducted based on primary data from HCWs including an online QualtricsXM survey of 274 HCWs (from a database of persons who had received training at an academic institution), 23 key informant semi-structured interviews, and one eight-person focus group discussion. Data was collected from February to April 2022. Microsoft Excel and R Programme were used for quantitative analyses and NVivo version 12 for qualitative analyses. RESULTS: HCWs attributed a high level of importance to UHC in Uganda. Participants discussed national communication and management practices, organisational roles, health financing and power dynamics, health care demand and the impact of and learnings from COVID-19. Four main themes-each with related sub-themes-emerged from the interview data providing insights into: (1) communication, (2) organisation, (3) power, and (4) trust. CONCLUSION: There is a critical need for better communication of UHC targets by policymakers to improve understanding at a grassroots level. Results indicated that ensuring trust among the population through transparency in metrics and budgets, strong accountability measures, awareness of local cultural sensitivities, sensitisation of the UHC concept and community inclusion will be essential for a multisectoral roll out of UHC. Further provision of quality health services, a harmonisation of efforts, increased domestic health financing and investment of HCWs through fair remuneration will need to underpin the delivery of UHC. "
38978095,Effectiveness of public health spending: Investigating the moderating role of governance using partial least squares structural equation modelling (PLS-SEM).,Kabongo Wa Ntita Serge; Mbonigaba Josue,Health research policy and systems,2024,Journal Article,"BACKGROUND: The link between public health spending (PHS) and population health outcomes (PHO) has been extensively studied. However, in sub-Saharan Africa (SSA), the moderating effects of governance in this relationship are little known. Furthermore, studies have focused on mortality as the main health outcome. This study contributes to this literature by investigating the moderating role of governance in the relationship by simultaneously assessing three dimensions of governance (corruption control, government effectiveness and voice accountability) using disability-adjusted life years (DALYs) as a measure of outcomes. METHODS: The study applies the two-stage moderation approach using partial least squares structural equation modelling (PLS-SEM) to panel data from 43 SSA nations from 2013 to 2019. The study also uses domestic general government health expenditure (DGGHE) as an independent variable and disability-adjusted life years (DALY) as the dependent variable in this relationship. RESULTS: The analysis reveals that DGGHE affects DALY negatively and that governance improves the effect of DGGHE on DALY, with bigger improvements among countries with worse governance. CONCLUSION: These findings provide evidence that good governance is crucial to the effectiveness of PHS in SSA nations. Sub-Saharan Africa (SSA) countries should improve governance to improve population health. "
38841877,Denmark: Health System Review.,Birk Hans Okkels; Vrangbæk Karsten; Rudkjøbing Andreas; Krasnik Allan; Eriksen Astrid; Richardson Erica; Jervelund Signe Smith,Health systems in transition,2024,Journal Article|Review,"This analysis of the Danish health system reviews recent developments in organization and governance, health financing, health care provision, health reforms and health system performance. Population health in Denmark is good and improving, with life expectancy above the European Union (EU) average but is, however, lagging behind the other Nordic countries. Denmark has a universal and tax-financed health system, providing coverage for a comprehensive package of health services. Notable exclusions to the benefits package include outpatient prescription drugs and adult dental care, which require co-payment and are the main causes of out-of-pocket spending. The hospital sector has been transformed during the past 15 years through a process of consolidating hospitals and the centralization of medical specialties. However, in recent years, there has been a move towards decentralization to increase the volume and quality of care provided outside hospitals in primary and local care settings. The Danish health care system is, to a very high degree, based on digital solutions that health care providers, citizens and institutions all use. Ensuring the availability of health care in all parts of Denmark is increasingly seen as a priority issue. Ensuring sufficient health workers, especially nurses, poses a significant challenge to the Danish health system's sustainability and resilience. While a comprehensive package of policies has been put in place to increase the number of nurses being trained and retain those already working in the system, such measures need time to work. Addressing staffing shortages requires long-term action. Profound changes in working practices and working environments will be required to ensure the sustainability of the health workforce and, by extension, the health system into the future. "
38753811,Tackling syndemics by integrating infectious and noncommunicable diseases in health systems of low- and middle-income countries: A narrative systematic review.,Jackson-Morris Angela; Masyuko Sarah; Morrell Lillian; Kataria Ishu; Kocher Erica L; Nugent Rachel,PLOS global public health,2024,Journal Article,"The co-occurrence of infectious diseases (ID) and non-communicable diseases (NCD) is widespread, presenting health service delivery challenges especially in low-and middle-income countries (LMICs). Integrated health care is a possible solution but may require a paradigm shift to be successfully implemented. This literature review identifies integrated care examples among selected ID and NCD dyads. We searched PubMed, PsycINFO, Cochrane Library, CINAHL, Web of Science, EMBASE, Global Health Database, and selected clinical trials registries. Eligible studies were published between 2010 and December 2022, available in English, and report health service delivery programs or policies for the selected disease dyads in LMICs. We identified 111 studies that met the inclusion criteria, including 56 on tuberculosis and diabetes integration, 46 on health system adaptations to treat COVID-19 and cardiometabolic diseases, and 9 on COVID-19, diabetes, and tuberculosis screening. Prior to the COVID-19 pandemic, most studies on diabetes-tuberculosis integration focused on clinical service delivery screening. By far the most reported health system outcomes across all studies related to health service delivery (n = 72), and 19 addressed health workforce. Outcomes related to health information systems (n = 5), leadership and governance (n = 3), health financing (n = 2), and essential medicines (n = 4)) were sparse. Telemedicine service delivery was the most common adaptation described in studies on COVID-19 and either cardiometabolic diseases or diabetes and tuberculosis. ID-NCD integration is being explored by health systems to deal with increasingly complex health needs, including comorbidities. High excess mortality from COVID-19 associated with NCD-related comorbidity prompted calls for more integrated ID-NCD surveillance and solutions. Evidence of clinical integration of health service delivery and workforce has grown-especially for HIV and NCDs-but other health system building blocks, particularly access to essential medicines, health financing, and leadership and governance, remain in disease silos. "
38454438,Factors influencing inequality in government health expenditures within African regional economic communities.,Ngepah Nicholas; Mouteyica Ariane Ephemia Ndzignat,BMC health services research,2024,Journal Article,"BACKGROUND: The unequal distribution of government health spending within African regional economic groupings is a significant barrier to achieving Universal Health Coverage and reaching health-related Sustainable Development targets. It also hampers the progress toward achieving the African Union's vision of an integrated and prosperous Africa, free of its heavy disease burden. Based on panel data from 36 countries nested into eight Regional Economic Communities (RECs), this study probes the effects of countries' macro-level factors on government health expenditure disparities within eight regional economic communities from 2000 to 2019. METHOD: We use the multilevel linear mixed-effect method to show whether countries' trade gains, life expectancy at birth, poverty, urbanization, information and communication technology, and population aging worsen or reduce the differences for two government health expenditure indicators. RESULTS: The insignificant effect of GDP per capita suggests that in most regional economic groupings, the health sector is still not considered a high-priority sector regarding overall government expenditures. Countries' poverty levels and urbanization increase the domestic general government health expenditure disparities as a percentage of general government expenditure within the regional groupings. However, trade gains and ICT diffusion reduce these disparities. Furthermore, the results reveal that external health expenditure per capita and life expectancy at birth positively impact within-regional inequalities in the domestic general government health expenditure per capita. In contrast, GDP per capita and trade gains tend to reduce them. CONCLUSIONS: This study enriches the research on the determinants of government health expenditure inequality in Africa. Policies that can spur growth in trade and ICT access should be encouraged. Countries should also make more efforts to reduce poverty. Governments should also develop policies promoting economic growth and planned urbanization. "
38372932,Public health spending in Sub-Saharan Africa: exploring transmission mechanisms using the latent growth curve mediation model.,Kabongo Wa Ntita Serge; Mbonigaba Josue,Health economics review,2024,Journal Article,"In response to the imperatives of universal health coverage, structural factors that may hinder the effectiveness of increased spending in sub-Saharan Africa (SSA) need attention. This study assessed the mediating role of these factors in domestic general government health expenditure (DGGHE) effects to propose solutions for improving population health outcomes (PHO). The analysis used the Latent Growth Curve Mediation Model (LGCMM) approach within the structural equation model (SEM) framework for panel data from 42 SSA countries from 2015 to 2018. The findings were that malaria and female education formed a channel through which DGGHE imparted its effects on DALY in SSA, and these effects were achieved via the specific path from the DGGHE slope to the DALY slope, via malaria and female education slopes. However, the paper found no evidence of immunization coverage mediating the relationship between DGGHE and DALY in SSA. The paper concludes that structural factors affect the effectiveness of DGGHE on PHO, implying that governments should emphasize existing programs to fight against malaria and increase immunization coverage. "
38365413,An update on the global disparities in kidney disease burden and care across world countries and regions.,Bello Aminu K; Okpechi Ikechi G; Levin Adeera; Ye Feng; Damster Sandrine; Arruebo Silvia; Donner Jo-Ann; Caskey Fergus J; Cho Yeoungjee; Davids M Razeen; Davison Sara N; Htay Htay; Jha Vivekanand; Lalji Rowena; Malik Charu; Nangaku Masaomi; See Emily; Sozio Stephen M; Tonelli Marcello; Wainstein Mar,The Lancet. Global health,2024,"Review|Journal Article|Research Support, Non-U.S. Gov't","BACKGROUND: Since 2015, the International Society of Nephrology (ISN) Global Kidney Health Atlas (ISN-GKHA) has spearheaded multinational efforts to understand the status and capacity of countries to provide optimal kidney care, particularly in low-resource settings. In this iteration of the ISN-GKHA, we sought to extend previous findings by assessing availability, accessibility, quality, and affordability of medicines, kidney replacement therapy (KRT), and conservative kidney management (CKM). METHODS: A consistent approach was used to obtain country-level data on kidney care capacity during three phases of data collection in 2016, 2018, and 2022. The current report includes a detailed literature review of published reports, databases, and registries to obtain information on the burden of chronic kidney disease and estimate the incidence and prevalence of treated kidney failure. Findings were triangulated with data from a multinational survey of opinion leaders based on the WHO's building blocks for health systems (ie, health financing, service delivery, access to essential medicines and health technology, health information systems, workforce, and governance). Country-level data were stratified by the ISN geographical regions and World Bank income groups and reported as counts and percentages, with global, regional, and income level estimates presented as medians with interquartile ranges. FINDINGS: The literature review used information on prevalence of chronic kidney disease from 161 countries. The global median prevalence of chronic kidney disease was 9·5% (IQR 5·9-11·7) with the highest prevalence in Eastern and Central Europe (12·8%, 11·9-14·1). For the survey analysis, responses received covered 167 (87%) of 191 countries, representing 97·4% (7·700 billion of 7·903 billion) of the world population. Chronic haemodialysis was available in 162 (98%) of 165 countries, chronic peritoneal dialysis in 130 (79%), and kidney transplantation in 116 (70%). However, 121 (74%) of 164 countries were able to provide KRT to more than 50% of people with kidney failure. Children did not have access to haemodialysis in 12 (19%) of 62 countries, peritoneal dialysis in three (6%) countries, or kidney transplantation in three (6%) countries. CKM (non-dialysis management of people with kidney failure chosen through shared decision making) was available in 87 (53%) of 165 countries. The annual median costs of KRT were: US$19 380 per person for haemodialysis, $18 959 for peritoneal dialysis, and $26 903 for the first year of kidney transplantation. Overall, 74 (45%) of 166 countries allocated public funding to provide free haemodialysis at the point of delivery; use of this funding scheme increased with country income level. The median global prevalence of nephrologists was 11·8 per million population (IQR 1·8-24·8) with an 80-fold difference between low-income and high-income countries. Differing degrees of health workforce shortages were reported across regions"
38362207,Implementing health system and the new federalism in Somalia: challenges and opportunities.,Said Adam Sheikh; Kicha Dmitry Ivanovich,Frontiers in public health,2024,Journal Article,"In the 21st century, healthcare stands out as a formidable, contentious social responsibility for governments due to its high costs. This study delves into Somalia's healthcare system under Federal Government leadership, scrutinizing the complexities of health governance and financing. The Federal Government (FGS), along with governmental states (FMS) and regional authorities, collectively shoulder leadership and governance roles within Somalia's healthcare framework. Vital to resilient and inclusive development, the health sector holds a pivotal role. A strategic investment in healthcare not only drives substantial demographic dividends through enhanced life expectancy and reduced fertility rates, but also paves Somalia's trajectory toward progress. The Federal Government of Somalia confronts a multitude of challenges in its pursuit of effective healthcare implementation. A prominent obstacle lies in health financing. Somalia relies heavily on international and private sources for health support, primarily due to limited government revenue generation. This financial shortfall restrains the government's capacity to allocate ample funds for public services and critical investments, including healthcare. This paper sheds light on the present healthcare landscape in Somalia and expounds on the hurdles confronted by healthcare systems under federal governance. Moreover, it delves into the historical evolution of Somalia's healthcare system and the advent of new federalist principles. In doing so, this study comprehensively examines the dynamics of healthcare governance, financing, and historical progression in Somalia. "
38336729,Effect of public health expenditure on maternal mortality ratio in the West African Economic and Monetary Union.,Boundioa Jacques; Thiombiano Noël,BMC women's health,2024,Journal Article,"INTRODUCTION: Maternal mortality in West African Economic and Monetary Union countries (WAEMU) is the highest compared with other regions in the world. The majority of health care sources in WAEMU are private and largely involve out-of-pocket expenditures, which may prevent healthcare access. Maternal mortality is an important indicator of the level of attention given to mothers before, during and after childbirth and thus of a system's overall coherence and capacity for anticipation. Therefore, the objective of this study is to analyze the effects of public health expenditure on maternal mortality in WAEMU. METHODS: The study used panel data from the World Bank Development Indicators (WDI) from 1996 to 2018 covering 7 countries in the West African Economic and Monetary Union. The two-step least squares (2SLS) on health demand function was used to test the effect of public health expenditure on maternal mortality. RESULTS: Public health care spending showed a significant negative association with maternal mortality. However, private health expenditure was positively associated with maternal mortality. CONCLUSION: Public health care expenditure remains a crucial component of reducing maternal mortality. In this region, the authorities need to increase public health spending to build more health centers and improve the equipment of existing infrastructures. Additionally, it is important to reduce the financial barriers for pregnant women. To this end, the operationalization of universal health insurance could help reduce these financial barriers by reducing direct household payments. "
38261999,Adjustments in purchasing arrangements to support the COVID-19 health sector response: evidence from eight middle-income countries.,Parmar Divya; Mathauer Inke; Bloom Danielle; Dkhimi Fahdi; Abuosi Aaron Asibi; Chen Dorothee; Chukwuma Adanna; de Claro Vergil; Comsa Radu; Domingo Albert Francis; Doroshenko Olena; Gong Estelle; Goroshko Alona; Nketiah-Amponsah Edward; Lylozian Hratchia; Nkangu Miriam; Onwujekwe Obinna; Obikeze Obi,Health policy and planning,2024,Journal Article,"The COVID-19 pandemic has triggered several changes in countries' health purchasing arrangements to accompany the adjustments in service delivery in order to meet the urgent and additional demands for COVID-19-related services. However, evidence on how these adjustments have played out in low- and middle-income countries is scarce. This paper provides a synthesis of a multi-country study of the adjustments in purchasing arrangements for the COVID-19 health sector response in eight middle-income countries (Armenia, Cameroon, Ghana, Kenya, Nigeria, Philippines, Romania and Ukraine). We use secondary data assembled by country teams, as well as applied thematic analysis to examine the adjustments made to funding arrangements, benefits packages, provider payments, contracting, information management systems and governance arrangements as well as related implementation challenges. Our findings show that all countries in the study adjusted their health purchasing arrangements to varying degrees. While the majority of countries expanded their benefit packages and several adjusted payment methods to provide selected COVID-19 services, only half could provide these services free of charge. Many countries also streamlined their processes for contracting and accrediting health providers, thereby reducing administrative hurdles. In conclusion, it was important for the countries to adjust their health purchasing arrangements so that they could adequately respond to the COVID-19 pandemic, but in some countries financing challenges resulted in issues with equity and access. However, it is uncertain whether these adjustments can and will be sustained over time, even where they have potential to contribute to making purchasing more strategic to improve efficiency, quality and equitable access in the long run. "
38230754,Estonia: Health System Review.,Kasekamp Kaija; Habicht Triin; Võrk Andres; Köhler Kristina; Reinap Marge; Kahur Kristiina; Laarmann Heli; Litvinova Yulia,Health systems in transition,2023,Journal Article,"This analysis of the Estonian health system illustrates recent developments in organization and governance, health financing, health care provision, health reforms and health system performance. In general, Estonia spends less per capita on health than the European Union average, although public expenditure has been growing steadily, with an increasing role of government budget transfers towards the social health insurance model. Despite these efforts, more than a fifth of current health expenditure comes from out-of-pocket payments, creating pressure to develop new and strengthen existing financial protection instruments. Life expectancy in Estonia has increased rapidly over the past decade, but not fast enough to meet the targets set in strategic documents. The first years of the COVID-19 pandemic were marked by a decline in life expectancy and high excess mortality, which set back progress. Despite this, Estonia's gains in population health were more pronounced in 2022. Overall, health inequalities between socioeconomic groups remain high, prompting policymakers to take steps to increase equity in access to care. The outstanding challenges for the Estonian health system include: addressing the shortage of primary and mental health experts, especially given the growing burden of chronic conditions and other needs of the ageing population; minimizing stark socioeconomic inequalities in health outcomes; renewing the outdated public health framework; and further improving integration and coordination of care and clinical decision-making. "
38225860,Does Public Financial Management Save Life? Evidence from a Quantitative Review of PFM and Health Outcomes in Sub-Saharan African Countries.,Tapsoba Yann; Silim Amna; Frimpong Kingsley Addai; Barroy Hélène,Health systems and reform,2024,"Journal Article|Review|Research Support, Non-U.S. Gov't","Public financial management (PFM) theory suggests that improvements in the allocation, execution, and monitoring of public funds can result in improved sectoral outcomes, including in health. However, the existing literature on the relationship between PFM quality and health outcomes provides limited empirical documentation and insufficient explanation of the mechanics of that relationship. This paper contributes to the literature by estimating the correlation between PFM quality and health outcomes from a sample of sub-Saharan African countries over the period 2005-2018, using a pooled ordinary least squares (OLS) estimator. The analysis uses Public Expenditure and Financial Accountability (PEFA) scores as proxies for PFM quality. The findings indicate that countries with high-quality PFM tended to have the lowest maternal, under-five and noncommunicable diseases (NCDs) mortality. Among the standard PFM dimensions, the one associated with the higher correlation with maternal and under-five mortality was ""predictability and control in budget execution."" Better PFM quality was significantly associated with a drop in maternal and under-five mortality in countries which allocated a higher proportion of their budget to the health sector. In countries allocating a lower proportion of their budget to health, the correlations between PFM quality and the three mortality indicators were not significant. The negative correlations between PFM quality and maternal and under-five mortality were significant only in countries with more effective governance. These findings support an emphasis on strengthening PFM as a means of improving health service provision and health outcomes. "
38156335,Facilitators and Barriers to Scaling-Up Integrated Care for Arterial Hypertension and Type 2 Diabetes in Slovenia: Qualitative Study.,Zavrnik Črt; Stojnić Nataša; Mori Lukančič Majda; Mihevc Matic; Virtič Potočnik Tina; Klemenc-Ketiš Zalika; Poplas Susič Antonija,Zdravstveno varstvo,2024,Journal Article,"INTRODUCTION: Arterial hypertension and type 2 diabetes are significant contributors to global non-communicable disease-related mortality. Integrated care, centred on person-centred principles, aims to enhance healthcare quality and access, especially for vulnerable populations. This study investigates integrated care for these diseases in Slovenia, providing a comprehensive analysis of facilitators and barriers influencing scalability. METHODS: Qualitative methods, including focus group discussions and semi-structured interviews, were employed in line with the grounded theory approach. Participants represented various levels (micro, meso and macro), ensuring diverse perspectives. Data were collected from May 2019 to April 2020, until reaching saturation. Transcripts were analysed thematically using NVivo software. RESULTS: Nine categories emerged: Governance, Health financing, Organisation of healthcare, Health workforce, Patients, Community links, Collaboration/Communication, Pharmaceuticals, and Health information systems. Some of identified barriers were political inertia and underutilisation of research findings in practice; outdated health financing system; accessibility challenges, especially for vulnerable populations; healthcare workforce knowledge and burnout; patients' complex role in accepting and managing their conditions; collaboration within healthcare teams; and fragmentation of health information systems. Peer support and telemedicine were the only two potential solutions identified. CONCLUSIONS: This study offers a comprehensive evaluation of integrated care for hypertension and type 2 diabetes in Slovenia, featuring insights into facilitators and barriers. These findings have implications for policy and practice. Monitoring integrated care progress, refining strategies, and enhancing care quality for patients with these two diseases should be priorities in Slovenia. "
38110967,Political Economy of Non-Communicable Disease (NCD) prevention and control in Lebanon: identifying challenges and opportunities for policy change and care provision reforms.,Bou-Orm Ibrahim R; Loffreda Giulia; Diaconu Karin; Witter Sophie; deVos Pol,BMC public health,2023,"Journal Article|Research Support, Non-U.S. Gov't","INTRODUCTION: Lebanon is a middle-income country facing substantial fragility features. Its health profile shows a high burden of NCD morbidity and mortality. This paper intends to analyse the political economy of NCD prevention and control in Lebanon. METHODS: This study adopted a literature-based case study research design using a problem-driven political economy analysis framework. A total of 94 peer-reviewed articles and documents from the grey literature published before June 2019 were retrieved and analysed. RESULTS: Lebanon's political instability and fragile governance negatively affect its capacity to adapt a Health-in-All-Policies approach to NCD prevention and enable the blocking of NCD prevention policies by opposed stakeholders. Recent economic crises limit the fiscal capacity to address health financing issues and resulting health inequities. NCD care provision is twisted by powerful stakeholders towards a hospital-centred model with a powerful private sector. Stakeholders like the MOPH, UN agencies, and NGOs have been pushing towards changing the existing care model towards a primary care model. An incremental reform has been adopted to strengthen a network of primary care centres, support them with health technologies and improve the quality of primary care services. Nevertheless, outpatient services that are covered by other public funds remain specialist-led without much institutional regulation. CONCLUSION: Our study revealed a locked equilibrium in NCD prevention policymaking in Lebanon, but with an incremental progress in service delivery reforms towards a primary care model. Advocacy and close monitoring by policy entrepreneurs (such as civil society) could initiate and sustain the implementation of policy change and care model reforms. "
38025920,Improving Middle-Income Countries Access to Vaccines. A Blueprint to Overcome Current Challenges.,Espinal Carlos; Becerra-Posada Francisco; Torres Jaime R,Annals of global health,2023,"Journal Article|Research Support, Non-U.S. Gov't","The Global Health Consortium at Florida International University developed an end-to-end solution framework based on the input of a diverse panel of experts from middle-income country (MIC) government agencies, public health think tanks, academia, and nonprofit organizations to identify mechanisms to help MIC governments and stakeholders increase access to novel vaccines for infectious diseases. The resultant layout can be deployed to improve vaccine discovery and development, strengthen regulatory processes, and boost vaccine production, access, and implementation. Mechanisms include policies and incentives MIC governments can use to stimulate vaccine investment and activity, as well as actions government agencies can take together with other stakeholders to coordinate efforts or build capabilities. Through a series of individual virtual interviews, we engaged diverse experts from MIC government agencies, public health think tanks, academia, and nonprofit organizations who understand the vaccine ecosystem, immunization policies, and population health financing at global, regional, and country levels. Responses were mapped, and in-depth questions were prepared for a group virtual discussion. This paper is the result of such a group discussion. The panel identified clear opportunities for MICs to improve locally-driven innovations and future access to novel vaccines. It proposes a solution framework for countries considering investing in vaccine research and development and innovation to use as a guide to evaluate the steps they could take to improve such an environment and incentivize innovation in vaccine development. It is hoped that this end-to-end solution framework will become a key resource to help MICs strengthen policies and take more actions to make such improvements. "
38007489,Dataset of the impact of food insecurity on health outcomes in sub-Saharan Africa.,Beyene Sisay Demissew,BMC research notes,2023,Journal Article,"OBJECTIVES: The 2030 Sustainable Development Goals (SDGs) have goals and targets, including food insecurity and health outcomes. Hence, information about socioeconomic variables that determine the health outcomes of people is essential for health-related research, planning, and policy development. Therefore, this data paper aims to present (describe) the dataset of eight socioeconomic variables for 31 sub-Saharan Africa (SSA) countries from 2001 to 2018. DATA DESCRIPTIONS: The dataset was official information obtained via open online sources from the Food and Agricultural Organization (FAO), the World Bank (WB), and the United Nations Development Programme (UNDP). It included 558 observations and eight variables, such as life expectancy (LEXP), infant mortality (INFMOR), the prevalence of undernourishment (PRUND), average dietary energy supply (AVRDES), Gross domestic product per capita (GDPPC), general government health expenditure (GOVEXP), urbanisation (URBAN), and mean years of schooling (MNSCHOOL). Moreover, all the data estimation is conducted by Statistical Software (STATA) version 15. This paper achieved its intended objective with a detailed and understandable description. "
37988058,Country-Level Factors Associated With Nurse Salaries: Empirical Evidence From Organisation for Economic Co-operation and Development Countries and Taiwan.,Chang Yu-Hung; Hsu Chia Hui; Tseng Yu-Chun; Hsiung Chao A,The journal of nursing research : JNR,2023,Journal Article,"BACKGROUND: Salary impacts nurse retention rates and thus is a factor affecting the nursing shortage both in Taiwan and around the world. Nurses in Taiwan earn a low salary compared with other health professionals and may be undervalued compared with their international counterparts. PURPOSE: This study was designed to analyze the factors associated with nurse salary (NS) in Organisation for Economic Co-operation and Development (OECD) countries and to compare NS in Taiwan with those in OECD member states. METHODS: Data were extracted from the OECD statistics database and official statistics for Taiwan. For the 28 OECD member countries considered in this study and Taiwan, 21 indicators characterizing healthcare systems, including demographics, socioeconomic status, health behaviors and risks, healthcare resources, health financing, healthcare utilization, health outcomes, and economic inequality, were examined for the period of 2009-2018. A random-effects model (REM) and a fixed-effects model (FEM) were used to investigate the associations between these indicators and annual NS levels. The expected annual NS for Taiwan was estimated and compared with the actual NS for Taiwan using the REM. RESULTS: In the REM, higher NS in OECD countries was shown to be positively associated with gross domestic product per capita (0.49, 95% confidence interval [CI] [0.41, 0.56]), proportion of population aged 65 years and over (2.72, 95% CI [2.17, 3.26]), crude birth rate (1.02, 95% CI [0.56, 1.49]), number of computerized tomography scanners per million population (0.26, 95% CI [0.17, 0.35]), alcohol consumption per person (0.94, 95% CI [0.26, 1.61]), and prevalence of obesity (0.64, 95% CI [0.40, 0.89]) and to be in inversely associated with infant mortality rate (-3.13, 95% CI [-3.94, -2.32]), bed density (-0.99, 95% CI [-1.72, -0.25]), number of hospital discharges (-0.08, 95% CI [-0.11, -0.05]), household out-of-pocket expenditure as a percentage of health expenditure (-0.34, 95% CI [-0.56, -0.11]), and the Gini coefficient (-0.25, 95% CI [-0.50, -0.01]). The FEM results were similar to those of the REM. The predicted annual NS for Taiwan based on the REM rose from 29,390 U.S. dollars (corrected for purchasing power parity; 95% CI [22,532, 36,247]) in 2009 to 49,891 U.S. dollars (95% CI [42,344, 57,438]) in 2018. The actual annual NS in Taiwan in 2018 was approximately 12% lower than the model-predicted value. CONCLUSIONS/IMPLICATIONS FOR PRACTICE: Taiwan has a lower NS compared with its OECD counterparts. These findings may help policymakers, healthcare managers, and nurse organizations develop effective strategies to improve the remuneration system for nurses in Taiwan. "
37950257,A global perspective on the governance-health nexus.,Azimi Mohammad Naim; Rahman Mohammad Mafizur; Nghiem Son,BMC health services research,2023,Journal Article,"BACKGROUND: This study raises two key arguments: First, government health expenditure (GHE) and per capita out-of-pocket expenditures on healthcare (OPEH) are sensitive to contemporary good governance practices, giving policy importance to the exogeneity of healthcare determinants, i.e., governance for health rather than health governance. Second, it is the income level of countries that reflects the volatility of the governance spillovers on the subject. METHODS: The present study constructs a composite governance index (CGI) and employs a set of panel data for 144 countries over the period from 2002 to 2020. To allow comparability and extract specific policy implications, the countries are classified as full, high-, middle-, and low-income panels. Meanwhile to﻿ delve into the short- and long-run effects of CGI on GHE and OPEH, the study employs the cross-sectionally augmented autoregressive distributed lags (CS-ARDL) model. Further, to establish a causal link between the variables, it uses the Dumitrescu-Hurlin panel causality technique. RESULTS: The results indicate that CGI is significantly cointegrated with GHE and OPEH in all recipient panels. It indicates that while CGI has significantly positive impacts on GHE and OPEH, its effects vary according to the income level of the underlying economies. The findings support the idea of governance for health and show that CGI drives the stabilization and enhancement of GHE and OPEH in the long run. Furthermore, the findings reveal that economic growth, the age dependency ratio, and tax revenue have positive effects, while the crude death rate and the child mortality rate exert negative impacts on the subject. Finally, the results highlight a unidirectional causality running from CGI to GHE and OPEH, while no feedback response is evident. CONCLUSIONS: Although an increase in GHE and OPEH is associated with the improvement of the population's healthcare, the results suggest the recognition of the importance and institutionalization of good governance to streamline this improvement through effective channelization, outreach, and social environment development for extensive health inclusion. "
37861131,"Spatiotemporal patterns of healthy life expectancy and the effects of health financing in West African countries, 1995-2019: A Spatial Panel Modelling Study.",Zeng Meng; Niu Lu,Journal of global health,2023,Journal Article,"BACKGROUND: Health financing produce a broad range of healthy life expectancy (HLE) disparities. In West Africa, limited research exists on the association between health financing and HLE at ecological level during a consecutive period of time from the spatial perspectives. This study aimed to determine the existence, quantify the magnitude, and interpret the association between health financing and HLE. METHODS: A Dynamic Spatial Durbin model was used to explain the association between HLE and health financing level and structure during 1995-2019 in West Africa. Spatial spillover effects were introduced to interpret the direct and indirect effects caused by health financing level and structure on HLE during the long and short terms. RESULTS: Spatial dependence and clustering on HLE were observed in West Africa. Although the overall level of total health spending, government health spending, out-of-pocket health spending, and development assistance for health (DAH) increased from 1995 to 2019, government health spending per person experienced a declining trend. Out-of-pocket health spending per total health spending was the highest among other sources of health financing, decreasing from 57% during 1995-1999 to 42% during 2015-2019. Total health spending and out-of-pocket health spending affected HLE positively and negatively in the long term, respectively. Government health spending and prepaid private health spending per person had positive effects on local and adjacent country HLE in the short-term, while DAH had negative effects on the same. The short-term spatial spillover effects of government health spending, DAH, and prepaid private health spending per person were more pronounced than the long-term effects. CONCLUSIONS: Spatial variations of HLE existed at country-level in West Africa. Health financing regarding government, non-government, as well as external assistance not only affected HLE disparities at local scale but also among nearby countries. Policymakers should optimise supportive health financing transition policies and narrow the national gap to reduce health disparities and increase HLE. Externalities of policy of those health financing proxies should be took into consideration to promote health equity to improve global health governance. "
37851126,Do public health expenditures affect maternal and child health in Madagascar?,Razakamanana Marilys Victoire; Andrianatoandro Voahirana Tantely; Ramiandrisoa Tiarinisaina Olivier,Health economics review,2023,Journal Article,"BACKGROUND: Previous studies have argued that the relationship between health expenditures and health outcomes is more significant among the poor than the non-poor. However, public spending alone does not improve health status. Quality of governance is considered not only as an important determinant of health outcomes but also of the efficiency of public expenditure on health. In low-income countries, barriers to quality service provision can be observed, which may explain the effects of health expenditures. Therefore, this paper aims to identify the relationship between health expenditures and maternal and child mortality in Madagascar and the potential bottlenecks in the flow of funds for maternal and child health. METHODS: Using panel data, fixed and random effect models for the 22 regions of Madagascar over the period 2010 to 2017 were used. Then bottlenecks related to the flow of funds for maternal and child health were identified. RESULTS: The results reveal that, on the one hand, funding for maternal health, mainly constituted by equipment endowments for health facilities, significantly contributes to the improvement of maternal health (-0.35; p-value = 0.00). On the other hand, child health financing, often realized through transfers of funds to the health system, does not affect children's health (0.22; p-value = 0.88). The bottleneck analysis illustrates that the transferred funds can suffer from delay or misappropriation and only few parts reach beneficiaries. CONCLUSIONS: Equipment endowments contributed more to health improvement and would be more effective than monetary financing. "
37461113,Heterogeneity in health funding and disparities in health outcome: a comparison between high focus and non-high focus states in India.,Mohanty Ranjan Kumar; Behera Deepak Kumar,Cost effectiveness and resource allocation : C/E,2023,Journal Article,"BACKGROUND: The Central Government of India introduced the National Health Mission (NHM) in 2005 to improve health outcomes by enhancing publicly financed (government) health expenditure and health infrastructure at the state level. This study aims to examine the effects of the state-level heterogeneity in publicly financed spending on health services on major health outcomes such as life expectancy, infant mortality rate, child mortality rate, the incidence of malaria, and immunization coverage (i.e., BCG, Polio, Measles, and Tetanus). METHODS: This study investigates the relationships between publicly financed health expenditure and health outcomes by controlling income and infrastructure levels across 28 Indian States from 2005 to 2016. Along with all states, the empirical analysis has also been carried out for high-focus and non-high-focus states as per the NHM fund flow criteria. It has applied panel fixed-effects and random effects model wherever required based on the Hausman test. RESULTS: The empirical results show that publicly financed health expenditure reduces infant mortality, child mortality, and malaria cases. At the same time, it improves life expectancy and immunization coverage in India. It also finds that the relationship between publicly financed health expenditure and health outcomes is weak, especially in the high-focus states. CONCLUSIONS: Given the healthcare need for achieving desirable health outcomes, Indian States should enhance publicly financed expenditure on health services. This study augments essential guidance for implementing public health policies in developing countries. "
37347062,The long-run effects of health aid in low-income countries.,Negeri Keneni Gutema,Journal of public health in Africa,2023,Journal Article,"BACKGROUND: Whether health aid has a positive, negative, or no effect on the health status of recipient countries is controversial. OBJECTIVE: The current paper examines the long-run effect of health aid on health status in low-income countries. METHODS: The long-run health function was estimated using infant mortality as a proxy for health status and panel data constructed from 34 low-income countries from 2000 to 2017. For the estimation, fixed effect, random effect, and Hausman-Taylor estimators were employed. RESULTS: The estimation results indicate that health aid has a beneficial and statistically significant long-run effect on the health status of low-income countries. Doubling health aid saves the lives of 44 infants per 1000 live births in the long run. CONCLUSION: This study shows that health aid could be one of the best interim tools with which the health status of low-income groups could get improved and helps meet the target of universal health coverage. Despite the favorable effect of health aid observed in this study, recipient countries need to find ways of promoting surrogate domestic health financing systems, as external assistance cannot be an everlasting means of improving population health. "
37162604,Health outcome convergence in Africa: the roles of immunization and public health spending.,Mouteyica Ariane Ephemia Ndzignat; Ngepah Nicholas,Health economics review,2023,Journal Article,"BACKGROUND: Reducing health outcomes disparities in Africa is a major concern for policymakers. Inter-country disparities in Africa is well documented. However, little is known about the accurate trajectory of these disparities over time. Thus, this paper investigates the convergence hypothesis in health outcomes in 40 African countries using data from the World Development Indicators. The study used panel data from 2000 to 2019. METHOD: The study employs a nonlinear time-varying factor model to test the convergence hypothesis on infant mortality rate, under-five mortality, and life expectancy at birth. Then, we use the marginal effects of the ordered logit regression model to investigate the factors that explain club memberships. RESULTS: The findings showed the absence of overall convergence for the three variables of interest. However, we identified the presence of convergence clubs. Moreover, we observed substantial gaps between the estimated clubs. The marginal effect results reveal that real GDP per capita, population structure, urbanization, trade, access to basic sanitation, and external health expenditure are essential to club formation. In addition, DTP immunization and the general government health expenditure as a percentage of the general government expenditure (our Abuja Declaration instrument) also play a significant role in explaining the club membership. CONCLUSION: The findings suggest that policymakers should develop and implement targeted club-specific health policies. Furthermore, interventions to promote increased immunization, particularly among children, should be encouraged. Governments should also make substantial efforts to increase the share of their national budget allocated to the health sector by at least 15 percent. "
37072839,Financing of health services for undocumented immigrants in Iran: common challenges and potential solutions.,Etemadi Manal; Shahabi Saeed; Lankarani Kamran Bagheri; Heydari Seyed Taghi,Globalization and health,2023,"Journal Article|Research Support, Non-U.S. Gov't","INTRODUCTION: Iran is host to one of the largest urban refugee populations worldwide, about two million of whom are undocumented immigrants (UIs). UIs are not eligible to enroll in the Iranian health insurance scheme and have to pay out-of-pocket to access most health services. This increases the likelihood that they will delay or defer seeking care, or incur substantial costs if they do seek care, resulting in worse health outcomes. This study aims to improve understanding of the financial barriers that UIs face in utilizing health services and provide policy options to ensure financial protection to enhance progress towards UHC in Iran. METHODS: This qualitative study was conducted in 2022. A triangulation approach, including interviews with key informants and comparing them with other informative sources to find out the complementary findings, was applied to increase data confirmability. Both purposive and snowball sampling approaches were used to select seventeen participants. The data analysis process was done based on the thematic content analysis approach. RESULTS: The findings were explained under two main themes: the financial challenges in accessing health services and the policy solutions to remove these financial barriers, with 12 subthemes. High out-of-pocket payments, high service prices for UIs, fragmented financial support, limited funding capacity, not freeing all PHC services, fear of deportation, and delayed referral are some of the barriers that UIs face in accessing health care. UIs can get insurance coverage by using innovative ways to get money, like peer financing and regional health insurance, and by using tools that make it easier, like monthly premiums without policies that cover the whole family. CONCLUSION: The formation of a health insurance program for UIs in the current Iranian health insurance mechanism can significantly reduce management costs and, at the same time, facilitate risk pooling. Strengthening the governance of health care financing for UIs in the form of network governance may accelerate the inclusion of UIs in the UHC agenda in Iran. Specifically, it is necessary to enhance the role of developed and rich regional and international countries in financing health services for UIs. "
36966780,"Assessing COVID-19 pandemic policies and behaviours and their economic and educational trade-offs across US states from Jan 1, 2020, to July 31, 2022: an observational analysis.",Bollyky Thomas J; Castro Emma; Aravkin Aleksandr Y; Bhangdia Kayleigh; Dalos Jeremy; Hulland Erin N; Kiernan Samantha; Lastuka Amy; McHugh Theresa A; Ostroff Samuel M; Zheng Peng; Chaudhry Hamza Tariq; Ruggiero Elle; Turilli Isabella; Adolph Christopher; Amlag Joanne O; Bang-Jensen Bree; Barber Ryan,"Lancet (London, England)",2023,Observational Study|Journal Article,"BACKGROUND: The USA struggled in responding to the COVID-19 pandemic, but not all states struggled equally. Identifying the factors associated with cross-state variation in infection and mortality rates could help to improve responses to this and future pandemics. We sought to answer five key policy-relevant questions regarding the following: 1) what roles social, economic, and racial inequities had in interstate variation in COVID-19 outcomes; 2) whether states with greater health-care and public health capacity had better outcomes; 3) how politics influenced the results; 4) whether states that imposed more policy mandates and sustained them longer had better outcomes; and 5) whether there were trade-offs between a state having fewer cumulative SARS-CoV-2 infections and total COVID-19 deaths and its economic and educational outcomes. METHODS: Data disaggregated by US state were extracted from public databases, including COVID-19 infection and mortality estimates from the Institute for Health Metrics and Evaluation's (IHME) COVID-19 database; Bureau of Economic Analysis data on state gross domestic product (GDP); Federal Reserve economic data on employment rates; National Center for Education Statistics data on student standardised test scores; and US Census Bureau data on race and ethnicity by state. We standardised infection rates for population density and death rates for age and the prevalence of major comorbidities to facilitate comparison of states' successes in mitigating the effects of COVID-19. We regressed these health outcomes on prepandemic state characteristics (such as educational attainment and health spending per capita), policies adopted by states during the pandemic (such as mask mandates and business closures), and population-level behavioural responses (such as vaccine coverage and mobility). We explored potential mechanisms connecting state-level factors to individual-level behaviours using linear regression. We quantified reductions in state GDP, employment, and student test scores during the pandemic to identify policy and behavioural responses associated with these outcomes and to assess trade-offs between these outcomes and COVID-19 outcomes. Significance was defined as p<0·05. FINDINGS: Standardised cumulative COVID-19 death rates for the period from Jan 1, 2020, to July 31, 2022 varied across the USA (national rate 372 deaths per 100 000 population [95% uncertainty interval [UI] 364-379]), with the lowest standardised rates in Hawaii (147 deaths per 100 000 [127-196]) and New Hampshire (215 per 100 000 [183-271]) and the highest in Arizona (581 per 100 000 [509-672]) and Washington, DC (526 per 100 000 [425-631]). A lower poverty rate, higher mean number of years of education, and a greater proportion of people expressing interpersonal trust were statistically associated with lower infection and death rates, and states where larger percentages of the population identify as Black (non-Hispanic) or Hispanic were associate"
36951263,Italy: Health System Review.,Giulio de Belvis Antonio; Meregaglia Michela; Morsella Alisha; Adduci Andrea; Perilli Alessio; Cascini Fidelia; Solipaca Alessandro; Fattore Giovanni; Ricciardi Walter; Maresso Anna; Scarpetti Giada,Health systems in transition,2022,Journal Article,"This analysis of the Italian health system reviews recent developments in organization and governance, health financing, health care provision, health reforms and health system performance. Italy has a regionalized National Health Service (SSN) that provides universal coverage largely free of charge at the point of delivery, though certain services and goods require a co-payment. Life expectancy in Italy is historically among the highest in the EU. However, regional differences in health indicators are marked, as well as in per capita spending, distribution of health professionals and in the quality of health services. Overall, Italy's health spending per capita is lower than the EU average and is among the lowest in western European countries. Private spending has increased in recent years, although this trend was halted in 2020 during the coronavirus disease 2019 (COVID-19) pandemic. A key focus of health policies in recent decades was to promote a shift away from unnecessary inpatient care, with a considerable reduction of acute hospital beds and stagnating overall growth in health personnel. However, this was not counterbalanced by a sufficient strengthening of community services in order to cope with the ageing population's needs and related chronic conditions burden. This had important repercussions during the COVID-19 emergency, as the health system felt the impact of previous reductions in hospital beds and capacity and underinvestment in community-based care. Reorganizing hospital and community care will require a strong alignment between central and regional authorities. The COVID-19 crisis also highlighted several issues pre-dating the pandemic that need to be addressed to improve the sustainability and resilience of the SSN. The main outstanding challenges for the health system are linked to addressing historic underinvestment in the health workforce, modernizing outdated infrastructure and equipment, and enhancing information infrastructure. Italy's National Recovery and Resilience Plan, underwritten by the Next Generation EU budget to assist with economic recovery from the COVID-19 pandemic, contains specific health sector priorities, such as strengthening the country's primary and community care, boosting capital investment and funding the digitalization of the health care system. "
36575334,Analysing the Efficiency of Health Systems: A Systematic Review of the Literature.,Mbau Rahab; Musiega Anita; Nyawira Lizah; Tsofa Benjamin; Mulwa Andrew; Molyneux Sassy; Maina Isabel; Jemutai Julie; Normand Charles; Hanson Kara; Barasa Edwine,Applied health economics and health policy,2023,Systematic Review|Journal Article,"BACKGROUND: Efficiency refers the use of resources in ways that optimise desired outcomes. Health system efficiency is a priority concern for policy makers globally as countries aim to achieve universal health coverage, and face the additional challenge of an aging population. Efficiency analysis in the health sector has typically focused on the efficiency of healthcare facilities (hospitals, primary healthcare facilities), with few studies focusing on system level (national or sub-national) efficiency. We carried out a thematic review of literature that assessed the efficiency of health systems at the national and sub-national level. METHODS: We conducted a systematic search of PubMed and Google scholar between 2000 and 2021 and a manual search of relevant papers selected from their reference lists. A total of 131 papers were included. We analysed and synthesised evidence from the selected papers using a thematic approach (selecting, sorting, coding and charting collected data according to identified key issues and themes). FINDINGS: There were more publications from high- and upper middle-income countries (53%) than from low-income and lower middle-income countries. There were also more publications focusing on national level (60%) compared to sub-national health systems' efficiency. Only 6% of studies used either qualitative methods or mixed methods while 94% used quantitative approaches. Data envelopment analysis, a non-parametric method, was the most common methodological approach used, followed by stochastic frontier analysis, a parametric method. A range of regression methods were used to identify the determinants of health system efficiency. While studies used a range of inputs, these generally considered the building blocks of health systems, health risk factors, and social determinants of health. Outputs used in efficiency analysis could be classified as either intermediate health service outputs (e.g., number of health facility visits), single health outcomes (e.g., infant mortality rate) or composite indices of either intermediate outputs of health outcomes (e.g., Health Adjusted Life Expectancy). Factors that were found to affect health system efficiency include demographic and socio-economic characteristics of the population, macro-economic characteristics of the national and sub-national regions, population health and wellbeing, the governance and political characteristics of these regions, and health system characteristics. CONCLUSION: This review highlights the limited evidence on health system efficiency, especially in low- and middle-income countries. It also reveals the dearth of efficiency studies that use mixed methods approaches by incorporating qualitative inquiry. The review offers insights on the drivers of the efficiency of national and sub-national health systems, and highlights potential targets for reforms to improve health system efficiency. "
36562733,Can Strategic Health Purchasing Reduce Inefficiency and Corruption in the Health Sector? The Case of Nigeria.,Onwujekwe Obinna; Agwu Prince,Health systems and reform,2022,"Journal Article|Research Support, Non-U.S. Gov't","Despite limited government budgets for health in many sub-Saharan African countries, some countries have improved health outcomes at low cost by being strategic in allocating and spending available resources. Strategic health purchasing is receiving increasing attention as a way to improve health system performance within financial constraints. Health purchasing, one of the health financing functions of health systems, is the transfer of pooled funds to health providers to deliver covered services. Strategic health purchasing uses evidence and information about population health needs and health provider performance to make decisions about which health services should have priority for public funding, which providers will provide these services, and how and how much providers will be paid to deliver those services. Strategic purchasing has enabled some countries to make progress on health sector goals while improving efficiency, equity, transparency, and accountability. However, when countries have high levels of corruption and low levels of accountability, as in Nigeria, strategic purchasing may be less effective and more money for health may not yield the expected public health benefits. This commentary uses the Strategic Health Purchasing Progress Tracking Framework developed by the Strategic Purchasing Africa Resource Center (SPARC) and its technical partners to examine health purchasing functions in Nigeria's main health financing schemes, how corruption affects the effectiveness of health purchasing in Nigeria, and opportunities to use strategic purchasing as a tool to address corruption in health financing by improving the transparency and accountability of health resource allocation and use. "
36522731,A systematic review of individual and ecological determinants of maternal mortality in the world based on the income level of countries.,Tajvar Maryam; Hajizadeh Alireza; Zalvand Rostam,BMC public health,2022,Systematic Review|Journal Article,"BACKGROUND: This systematic review was conducted to map the literature on all the existing evidence regarding individual and ecological determinants of maternal mortality in the world and to classify them based on the income level of countries. Such a systematic review had not been conducted before. METHODS: We conducted an electronic search for primary and review articles using ""Maternal Mortality"" and ""Determinant"" as keywords or MeSH terms in their Title or Abstract, indexed in Scopus, PubMed, and Google with no time or geographical limitation and also hand searching was performed for most relevant journals. STROBE and Glasgow university critical appraisal checklists were used for quality assessment of the included studies. Data of the determinants were extracted and classified into individual or ecological categories based on income level of the countries according to World Bank classification. RESULTS: In this review, 109 original studies and 12 review articles from 33 countries or at global level met the inclusion criteria. Most studies were published after 2013. Most literature studied determinants of low and lower-middle-income countries. The most important individual determinants in low and lower-middle-income countries were location of birth, maternal education, any delays in health services seeking, prenatal care and skilled birth attendance. Household-related determinants in low-income countries included improved water source and sanitation system, region of residence, house condition, wealth of household, and husband education. Additionally, ecological determinants including human resources, access to medical equipment and facilities, total fertility rate, health financing system, country income, poverty rate, governance, education, employment, social protection, gender inequality, and human development index were found to be important contributors in maternal mortality. A few factors were more important in higher-income countries than lower-income countries including parity, IVF births, older mothers, and type of delivery. CONCLUSION: A comprehensive list of factors associated with maternal death was gathered through this systematic review, most of which were related to lower-income countries. It seems that the income level of the countries makes a significant difference in determinants of maternal mortality in the world. "
36480236,The effect of health financing systems on health system outcomes: A cross-country panel analysis.,Gabani Jacopo; Mazumdar Sumit; Suhrcke Marc,Health economics,2023,"Journal Article|Research Support, Non-U.S. Gov't","Several low- and middle-income countries are considering health financing system reforms to accelerate progress toward universal health coverage (UHC). However, empirical evidence of the effect of health financing systems on health system outcomes is scarce, partly because it is difficult to quantitatively capture the 'health financing system'. We assign country-year observations to one of three health financing systems (i.e., predominantly out-of-pocket, social health insurance (SHI) or government-financed), using clustering based on out-of-pocket, contributory SHI and non-contributory government expenditure, as a percentage of total health expenditures. We then estimate the effect of these different systems on health system outcomes, using fixed effects regressions. We find that transitions from OOP-dominant to government-financed systems improved most outcomes more than did transitions to SHI systems. Transitions to government financing increases life expectancy (+1.3 years, p < 0.05) and reduces under-5 mortality (-8.7%, p < 0.05) and catastrophic health expenditure incidence (-3.3 percentage points, p < 0.05). Results are robust to several sensitivity tests. It is more likely that increases in non-contributory government financing rather than SHI financing improve health system outcomes. Notable reasons include SHI's higher implementation costs and more limited coverage. These results may raise a warning for policymakers considering SHI reforms to reach UHC. "
35997895,Estimating the Health Effects of Expansions in Health Expenditure in Indonesia: A Dynamic Panel Data Approach.,Moler-Zapata Silvia; Kreif Noémi; Ochalek Jessica; Mirelman Andrew J; Nadjib Mardiati; Suhrcke Marc,Applied health economics and health policy,2022,Journal Article,"BACKGROUND: The marginal productivity of a country's healthcare system refers to the health gains produced per unit change in the level of spending. In budget-constrained settings, this metric reflects the opportunity cost, in terms of health gains forgone, of committing additional or existing resources to alternative uses within the healthcare system. It can therefore assist in evidence-based decisions on whether different interventions represent good value for money. OBJECTIVE: The aim of this paper was to estimate the marginal productivity of the Indonesian healthcare system using subnational data, and to use this to inform health opportunity costs in the country. METHODS: We define a dynamic health production function to model the stream of effects of current and prior public health spending decisions on population under-five mortality. To estimate the model, we use data from the 33 Indonesian provinces for the 2004-2012 period. The estimated elasticity is then translated into gains in terms of cost per DALY (disability-adjusted life-year) averted. We use dynamic panel data methods to address potential endogeneity issues in the model. RESULTS: Our base-case estimates suggest that a 1% expansion in the level of health spending reduces under-five mortality by 0.38% (95% CI 0.00-0.76), which translates into a cost of averting one DALY of $235 (2019 US$). CONCLUSION: With Indonesia aiming for universal health coverage, our results support these efforts by highlighting the associated benefits resulting from increases in public health expenditure and have the potential to inform the decision-making process about a suitable locally relevant cost-effectiveness threshold. "
35879697,The superposition effects of air pollution on government health expenditure in China- spatial evidence from GeoDetector.,Xia Qi; Zhang Xiyu; Hu Yanmin; Tian Wanxin; Miao Wenqing; Wu Bing; Lai Yongqiang; Meng Jia; Fan Zhixin; Zhang Chenxi; Xin Ling; Miao Jingying; Wu Qunhong; Jiao Mingli; Shan Linghan; Wang Nianshi; Shi Baoguo; Li Ye,BMC public health,2022,"Journal Article|Research Support, Non-U.S. Gov't","BACKGROUND: As the fifth-largest global mortality risk factor, air pollution has caused nearly one-tenth of the world's deaths, with a death toll of 5 million. 21% of China's disease burden was related to environmental pollution, which is 8% higher than the US. Air pollution will increase the demand and utilisation of Chinese residents' health services, thereby placing a greater economic burden on the government. This study reveals the spatial impact of socioeconomic, health, policy and population factors combined with environmental factors on government health expenditure. METHODS: Spearman's correlation coefficient and GeoDetector were used to identify the determinants of government health expenditure. The GeoDetector consist of four detectors: factor detection, interaction detection, risk detection, and ecological detection. One hundred sixty-nine prefecture-level cities in China are studied. The data sources are the 2017 data from China's Economic and Social Big Data Research Platform and WorldPOP gridded population datasets. RESULTS: It is found that industrial sulfur dioxide attributed to government health expenditure, whose q value (explanatory power of X to Y) is 0.5283. The interaction between air pollution factors and other factors will increase the impact on government health expenditure, the interaction value (explanatory power of × 1∩× 2 to Y) of GDP and industrial sulfur dioxide the largest, whose values is 0.9593. There are 96 simple high-risk areas in these 169 areas, but there are still high-risk areas affected by multiple factors. CONCLUSION: First, multiple factors influence the spatial heterogeneity of government health expenditure. Second, health and socio-economic factors are still the dominant factors leading to increased government health expenditure. Third, air pollution does have an important impact on government health expenditure. As a catalytic factor, combining with other factors, it will strengthen their impact on government health expenditure. Finally, an integrated approach should be adopted to synergisticly governance the high-risk areas with multi-risk factors. "
35801583,Neighborhood inequalities and the decline of infant mortality in São Paulo.,Gusmano Michael K; Grafova Irina; Ayoub Rafael; Weisz Daniel; Rodwin Victor G,"Health economics, policy, and law",2023,Journal Article,"This paper documents changes in infant mortality (IM) rates in São Paulo, Brazil, between 2003 and 2013 and examines the association among neighborhood characteristics and IM. We investigate the extent to which increased use of health care services and improvements in economic and social conditions are associated with reductions in IM. Using data from the Brazilian Census and the São Paulo Secretaria Municipal da Saúde/SMS, we conducted a longitudinal analysis of panel data in all 96 districts of São Paulo for every year between 2003 and 2013. Our regression model includes district level measures that reflect economic, health care and social determinants of IM. We find that investments in health care have contributed to lower IM rates in the city, but the direct effect of increased spending is most evident for people living in São Paulo's middle- and high-income neighborhoods. Improvements in social conditions were more strongly associated with IM declines than increases in the use of health care among São Paulo's low-income neighborhoods. To reduce health inequalities, policies should target benefits to lower-income neighborhoods. Subsequent research should document the consequences of recent changes in Brazil's economic capacity and commitment to public health spending for population health. "
35761378,The predictors of COVID-19 mortality among health systems parameters: an ecological study across 203 countries.,Neogi Sutapa Bandyopadhyay; Pandey Shivam; Preetha G S; Swain Sumant,Health research policy and systems,2022,Journal Article,"BACKGROUND: Health systems responsiveness is the key to addressing infectious disease threats such as pandemics. The paper outlines an assessment of health systems resilience by exploring the association of health systems and Global Health Security (GHS) parameters with case load and mortality resulting from COVID-19 across 203 countries using an ecological design. METHODOLOGY: Correlation analysis was performed to assess the relationship of each of the indicators with COVID 19 cases and deaths per million population. Stepwise multiple regression models were developed to determine the predictors of COVID-19 cumulative cases and deaths per million population separately. RESULTS: Global health security indicators seemed to have a strong association when analyzed individually but those did not necessarily translate into less burden of cases or deaths in the multivariable analysis. The predictors of cumulative deaths per million population included general government expenditure on health as a proportion of general government expenditure, responsiveness of the system to prevent the emergence and release of pathogens and governance related voice and accountability. CONCLUSION: To conclude, health financing parameters and preventive activities with regard to emergence of pathogens were better predictors of cumulative COVID-19 cases and deaths per million population compared to other health systems and global health security indicators. "
35400071,"Role of Environmental Degradation, Institutional Quality, and Government Health Expenditures for Human Health: Evidence From Emerging Seven Countries.",Wei Jiping; Rahim Syed; Wang Shizhen,Frontiers in public health,2022,Journal Article,"The current study investigates the association of various economic, non-economic, governance, and environmental indicators on human health for seven emerging economies. Covering the period from 2000Q1 to 2018Q1, this study uses various panel data approaches for empirical estimations. The data is found first-order stationary. Besides, the panel slope is heterogeneous and cross-sectional dependence is present. Further, the cointegration association is found valid among the variables. Therefore, panel quantile regression is used to determine the long-run impact of each explanatory variable on human health at four quantiles (Q25, Q50, Q75, and Q90). The estimated results asserted that economic growth, government health expenditure, and human capital significantly reduce human health disasters like malaria incidences and cases. At the same time, greenhouse gas emissions and regulatory quality are significantly and positively correlated to human health issues in emerging economies. Moreover, mixed (unidirectional and bidirectional) causal associations exist between the variables. This study also provides relevant policy implications based on the empirical results, providing a path for regulating various economic, environmental, and governance sectors. Effective policy implementation and preventive measures can reduce the spread of diseases and mortality rates due to Malaria. "
35124741,Does voluntary health insurance improve health and longevity? Evidence from European OECD countries.,Dragos Simona Laura; Mare Codruta; Dragos Cristian Mihai; Muresan Gabriela Mihaela; Purcel Alexandra-Anca,The European journal of health economics : HEPAC : health economics in prevention and care,2022,Journal Article,"The financing structure of the healthcare system and, particularly, the voluntary health insurance (VHI) constituent, has been a vital pillar in improving the overall quality of life. Consequently, this study aims to shed light on the effect of VHI on the population's health and longevity in a sample of 26 European OECD countries. The methodology employed covers both hierarchical clustering and the novel dynamic panel threshold technique. First, the descriptive cluster analysis unveils a delimitation of the countries into four main groups with respect to a broad set of health status indicators. Second, the estimates show that VHI is a significant determinant of health and longevity. More specifically, we find that the relationship between variables is characterized by a threshold effect, whose estimated value is roughly 6.3% of the total healthcare financing. Also, the heterogeneity analysis unveils consistent differences regarding the impact of VHI on health and longevity for the supplementary and complementary types of VHI. Overall, results are strongly robust, the signs and the significance of the coefficients being preserved in the presence of several additional control factors. From a policy perspective, the study's findings can be used nationwide to stimulate regulatory policies to encourage the achievement of a satisfactory level of private health insurance. "
34994690,Slovenia: Health System Review.,Albreht Tit; Polin Katherine; Pribaković Brinovec Radivoje; Kuhar Marjeta; Poldrugovac Mircha; Ogrin Rehberger Petra; Prevolnik Rupel Valentina; Vracko Pia,Health systems in transition,2021,Journal Article,"This analysis of the Slovene health system reviews recent developments in organization and governance, health financing, health care provision, health reforms and health system performance. Slovenia has a statutory health insurance system with a single public insurer, providing almost universal coverage for a broad benefits package, though some services require relatively high levels of co-insurance (called co-payments in Slovenia). To cover these costs, about 95% of the population liable for cost-sharing purchases complementary, voluntary health insurance. Health expenditure per capita and as a share of GDP has increased slightly, but still trails behind the EU average. Among statutory health insurance countries, Slovenia is rather unique in that it relies almost exclusively on payroll contributions to fund its system, making health sector revenues vulnerable to economic and labour market fluctuations, and population ageing. Important organizational changes are underway or have been implemented, especially in prevention, primary, emergency and long-term care. Access to services is generally good, given wide coverage of statutory health insurance. Further, Slovenia has some of the lowest rates of out-of-pocket and catastrophic spending in the EU, due to extensive uptake of complementary voluntary health insurance. Yet long waiting times for some services are a persistent issue. Though population health has improved in the last decades, health inequalities due to gender, social and economic determinants and geography remain an important challenge. There is variation in health care performance indicators, but Slovenia performs comparatively well for its level of health spending overall. As such, there is clear scope to improve health and efficiency, including balancing population needs when planning health service volumes. Recently, the Slovene health care system was overwhelmed by the demand for COVID-19-related care. The pandemicâs longer-term effects are still unknown, but it has significantly impacted on life expectancy in the short-term and resulted in delayed or forgone consultations and treatments for other health issues, and longer waiting times. Additional challenges, which are necessary to address to ensure long-term sustainability, strengthen resiliency and improve the capacity for service delivery and quality of care of the health system include: 1) health workforce planning; 2) outdated facilities; 3) health system performance assessment; and 4) implementation of current LTC reform. "
34946475,Factors Associated with Out-of-Pocket Health Expenditure in Polish Regions.,Łyszczarz Błażej; Abdi Zhaleh,"Healthcare (Basel, Switzerland)",2021,Journal Article,"Out-of-pocket (OOP) payments are perceived as the most regressive means of health financing. Using the panel-data approach and region-aggregated data from Statistics Poland, this research investigated associations between socio-economic factors and OOP health spending in 16 Polish regions for the period 1999-2019. The dependent variable was real (inflation-adjusted) monthly OOP health expenditure per person in Polish households. Potential independent variables included economic, labour, demographic, educational, health, environmental, and lifestyle measures based on previous research. A set of panel-data estimators was used in regression models. The factors that were positively associated with OOP health spending were disposable income, the proportions of children (aged 0-9) and elderly (70+ years) in the population, healthcare supply (proxied by physicians' density), air pollution, and tobacco and alcohol expenditure. On the other hand, the increased unemployment rate, life expectancy at age 65, mortality rate, and higher sports participation were all related to lower OOP health spending. The results may guide national strategies to improve health-care allocations and offer additional financial protection for vulnerable groups, such as households with children and elderly members. "
34748114,What drives variations in public health and social services expenditures? the association between political fragmentation and local expenditure patterns.,Kim Yonsu; Kim Jae Hong,The European journal of health economics : HEPAC : health economics in prevention and care,2022,Journal Article,"The US spends two times more than the OECD average in health expenditure but has a much smaller portion of public health spending to total health expenditure than other OECD countries. While it has been suggested that public health and social services spending is crucial to promoting health outcomes, less is known about what drives variations in public health expenditure across regions. This study aims to examine whether political fragmentation in local governance is associated with variations in public health and social services expenditures. Using the US Census of Governments, we constructed a panel dataset of political fragmentation and local government spending patterns (1997-2012) for 792 US counties (population > 60,882, top 25%) and employed Least Squares Dummy Variable (LSDV) and Generalized Estimating Equations (GEE) models. We found that per capita public health spending tended to be smaller in areas where the degree of political fragmentation was higher (Coef:  - 0.034; p < 0.01), particularly when general-purpose governments were more fragmented (Coef:  - 0.087; p < 0.001). The proportion of public health spending also decreased when local governments were more fragmented (Coef:  - 0.012; p < 0.001). Social services expenditures and their proportions to total government expenditure fell with an increase in the degree of political fragmentation. Our findings suggest that fragmented governance settings, in which localities are more likely to face competition with others, may lead to a reduction in public spending essential for population health and that political fragmentation can also have a deterrent effect on broader categories of health-related social services spending. "
34715058,The global and regional costs of healthy and sustainable dietary patterns: a modelling study.,Springmann Marco; Clark Michael A; Rayner Mike; Scarborough Peter; Webb Patrick,The Lancet. Planetary health,2021,"Journal Article|Research Support, Non-U.S. Gov't","BACKGROUND: Adoption of healthy and sustainable diets could be essential for safe-guarding the Earth's natural resources and reducing diet-related mortality, but their adoption could be hampered if such diets proved to be more expensive and unaffordable for some populations. Therefore, we aimed to estimate the costs of healthy and sustainable diets around the world. METHODS: In this modelling study, we used regionally comparable food prices from the International Comparison Program for 150 countries. We paired those prices with estimates of food demand for different dietary patterns that, in modelling studies, have been associated with reductions in premature mortality and environmental resource demand, including nutritionally balanced flexitarian, pescatarian, vegetarian, and vegan diets. We used estimates of food waste and projections of food demand and prices to specify food system and socioeconomic change scenarios up to 2050. In the full cost accounting, we estimated diet-related health-care costs by pairing a comparative risk assessment of dietary risks with cost-of-illness estimates, and we estimated climate change costs by pairing the diet scenarios with greenhouse gas emission footprints and estimates of the social cost of carbon. FINDINGS: Compared with the cost of current diets, the healthy and sustainable dietary patterns were, depending on the pattern, up to 22-34% lower in cost in upper-middle-income to high-income countries on average (when considering statistical means), but at least 18-29% more expensive in lower-middle-income to low-income countries. Reductions in food waste, a favourable socioeconomic development scenario, and a fuller cost accounting that included the diet-related costs of climate change and health care in the cost of diets increased the affordability of the dietary patterns in our future projections. When these measures were combined, the healthy and sustainable dietary patterns were up to 25-29% lower in cost in low-income to lower-middle-income countries, and up to 37% lower in cost on average, for the year 2050. Variants of vegetarian and vegan dietary patterns were generally most affordable, and pescatarian diets were least affordable. INTERPRETATION: In high-income and upper-middle-income countries, dietary change interventions that incentivise adoption of healthy and sustainable diets can help consumers in those countries reduce costs while, at the same time, contribute to fulfilling national climate change commitments and reduce public health spending. In low-income and lower-middle-income countries, healthy and sustainable diets are substantially less costly than western diets and can also be cost-competitive in the medium-to-long term, subject to beneficial socioeconomic development and reductions in food waste. A fuller accounting of the costs of diets would make healthy and sustainable diets the least costly option in most countries in the future. FUNDING: Global Panel on Agriculture and Food Syste"
34682472,Government Health Expenditure and Public Health Outcomes: A Comparative Study among EU Developing Countries.,Onofrei Mihaela; Vatamanu Anca-Florentina; Vintilă Georgeta; Cigu Elena,International journal of environmental research and public health,2021,Journal Article,"The aim of this paper was to empirically analyze the relationship between public health expenditure and health outcomes among EU developing countries. Using regression analysis and factor analysis, we documented that public health expenditure and health outcomes are in a long-run equilibrium relationship and the status of health expenditure can improve life expectancy and reduce infant mortality. Secondarily, we studied how the status of good governance, health care system performance, and socioeconomic vulnerabilities affect the public health's outcomes in the selected countries. We found that the effectiveness of health and the way to reduce infant mortality or to improve life quality is directed conditioned by good governance status. Moreover, the consolidation of health care system performance directly improves the quality of life among EU developing countries, which indicates that public policymakers should intervene and provide political and financial support through policy mixes. "
33532857,The relationship between development assistance for health and public health financing in 134 countries between 2000 and 2015.,Patenaude Bryan N,Health policy and planning,2021,Journal Article,"This paper utilizes causal time-series and panel techniques to examine the relationship between development assistance for health (DAH) and domestic health spending, both public and private, in 134 countries between 2000 and 2015. Data on 237 656 donor transactions from the Institute for Health Metrics and Evaluation's DAH and Health Expenditure datasets are merged with economic, demographic and health data from the World Bank Databank and World Health Organization's Global Health Observatory. Arellano-Bond system GMM estimation is used to assess the effect of changes in DAH on domestic health spending and health outcomes. Analyses are conducted for the entire health sector and separately for HIV, TB and malaria financing. Results show that DAH had no significant impact on overall domestic public health investment. For HIV-specific investments, a $1 increase in on-budget DAH was associated with a $0.12 increase in government spending for HIV. For the private sector, $1 in DAH is associated with a $0.60 and $0.03 increase in prepaid private spending overall and for malaria, with no significant impact on HIV spending. Results demonstrate that a 1% increase in public financing reduced under-5 mortality by 0.025%, while a 1% increase in DAH had no significant effect on reducing under-5 mortality. The relationships between DAH and public health financing suggest that malaria and HIV-specific crowding-in effects are offset by crowding-out effects in other unobserved health sectors. The results also suggest policies that crowd-in public financing will likely have larger impacts on health outcomes than DAH investments that do not crowd-in public spending. "
33527903,Canada: Health System Review.,Marchildon Gregory P; Allin Sara; Merkur Sherry,Health systems in transition,2020,Journal Article|Review,"This analysis of the Canadian health system reviews recent developments in organization and governance, health financing, health care provision, health reforms and health system performance. Life expectancy is high, but it plateaued between 2016 and 2017 due to the opioid crisis. Socioeconomic inequalities in health are significant, and the large and persistent gaps in health outcomes between Indigenous peoples and the rest of Canadians represent a major challenge facing the health system, and society more generally. Canada is a federation: the provinces and territories administer health coverage systems for their residents (‎referred to as ""medicare"")‎, while the federal government sets national standards, such as through the Canada Health Act, and is responsible for health coverage for specific subpopulations. Health care is predominantly publicly financed, with approximately 70% of health expenditures financed through the general tax revenues. Yet there are major gaps in medicare, such as prescription drugs outside hospital, long-term care, mental health care, dental and vision care, which explains the significant role of employer-based private health insurance and out-of-pocket payments. The supply of physicians and nurses is uneven across the country with chronic shortages in rural and remote areas. Recent reforms include a move towards consolidating health regions into more centralized governance structures at the provincial/ territorial level, and gradually moving towards Indigenous self-governance in health care. There has also been some momentum towards introducing a national programme of prescription drug coverage (‎Pharmacare)‎, though the COVID-19 pandemic of 2020 may shift priorities towards addressing other major health system challenges such as the poor quality and regulatory oversight of the long-term care sector. Health system performance has improved in recent years as measured by in-hospital mortality rates, cancer survival and avoidable hospitalizations. Yet major challenges such as access to non-medicare services, wait times for specialist and elective surgical care, and fragmented and poorly coordinated care will continue to preoccupy governments in pursuit of improved health system performance. "
33388634,Noncommunicable disease outcomes and the effects of vertical and horizontal health aid.,Kostova Deliana; Nugent Rachel; Richter Patricia,Economics and human biology,2021,Journal Article,"Foreign health aid forms a substantial portion of health spending in many low- and middle-income countries (LMICs). It can be either vertical (funds earmarked for specific diseases) or horizontal (funds used for broad health sector strengthening). Historically, most health aid has been disbursed vertically toward key infectious diseases, with minimal allocations to noncommunicable diseases (NCDs). High NCD burden in LMICs underscores a need for increased assistance toward NCD objectives, but evidence on the outcomes of health aid for NCDs is sparse. We obtained annual data on cause-specific deaths and disability-adjusted life years (DALYs) for four leading NCDs across 116 countries, 2000-2016, and evaluated the relationship between these indicators and vertical and horizontal health aid using country fixed-effects models with 1-to-5-year lagged effects. After adjusting for fixed and time-variant country heterogeneity, vertical assistance for NCDs was significantly associated with subsequent reductions in NCD morbidity and mortality, particularly for persons under age 70 and for cardiovascular and chronic respiratory diseases. An additional dollar in per-capita NCD vertical assistance corresponded to reductions in the average annual NCD burden of 7,459 DALYs/281 deaths after one year, 7,728 DALYs/319 deaths after two years, and 8,957 DALYs/346 deaths after three years. The findings suggest that vertical assistance for NCD programs may be an appropriate mechanism for addressing short-term NCD needs in LMICs, where it may help to fill health sector gaps in NCD care, but longer-term evaluation is needed for assessing the role of horizontal assistance. "
32863241,Norway: Health System Review.,Saunes Ingrid Sperre; Karanikolos Marina; Sagan Anna,Health systems in transition,2020,Journal Article,"This analysis of the Norwegian health system reviews recent developments in organization and governance, health financing, health care provision, health reforms and health system performance. Norway is among the wealthiest nations in the world, with low levels of income inequality. Norwegians enjoy long and healthy lives, with substantial improvement made due to effective and high-quality medical care and the impact of broader public health policies. However, this comes at a high cost, as the Norwegian health system is among the most expensive in Europe, with most financing coming from public funds. Yet there are several areas requiring substantial co-payments, such as adult dental care, outpatient pharmaceuticals, and institutional care for older or disabled people. Recent and ongoing reforms have focused on aligning provision of care to changing population health needs, including adapting medical education, strengthening primary care and improving coordination between primary and specialist care sectors. There has been an increasing use of e-health solutions, and information and communication technologies. Improvements in measuring performance and a more effective use of indicators is expected to play a larger role in informing policy and planning of health services. "
32863240,Latvia: Health System Review.,Behmane Daiga; Dudele Alina; Villerusa Anita; Misins Janis; Klavina Kristine; Mozgis Dzintars; Scarpetti Giada,Health systems in transition,2019,Journal Article,"This analysis of the Latvian health system reviews recent developments in organization and governance, health financing, health care provision, health reforms and health system performance. After regaining independence in 1991, Latvia experimented with a social health insurance type system. However, to overcome decentralization and fragmentation of the system, the National Health Service (NHS) was established in 2011 with universal population coverage. More recently, reforms in 2017 proposed the introduction of a Compulsory Health Insurance System, with the objective of increasing revenues for health, which links access to different health care services to the payment of social health insurance contributions. In June 2019 the implementation of this proposal was postponed to 2021. Latvia has recovered from the severe economic recession of 2008, which resulted in the adoption of austerity measures that significantly affected the health care system. The recovery has created fiscal space to focus on policy challenges neglected in the past, especially regarding health. Despite recent increases in spending, the health system remains underfunded and resources have to be allocated wisely. Latvia's health outcomes should be considered within this context of limited health system resources. While life expectancy at birth in Latvia has increased since 2000, reaching 74.9 years in 2017, it remains among the lowest in the EU. Recent reforms have focused on improving access to services in rural/remote areas, increasing funding for health care services, and tougher regulation of tobacco and alcohol. However, a number of longstanding unresolved problems still need to be addressed, including financial sustainability and low public funding, high levels of unmet need, high rates of preventable and treatable mortality, and challenges in both communicable and noncommunicable diseases. "
32851979,Serbia: Health System Review.,Bjegovic-Mikanovic Vesna; Vasic Milena; Vukovic Dejana; Jankovic Janko; Jovic-Vranes Aleksandra; Santric-Milicevic Milena; Terzic-Supic Zorica; Hernandez-Quevedo Cristina,Health systems in transition,2019,Journal Article,"This analysis of the Serbian health system reviews recent developments in organization and governance, health financing, health care provision, health reforms and health system performance. The health of the Serbian population has improved over the last decade. Life expectancy at birth increased slightly in recent years, but it remains, for example, around 5 years below the average across European Union countries. Some favourable trends have been observed in health status and morbidity rates, including a decrease in the incidence of tuberculosis, but population ageing means that chronic conditions and long-standing disability are increasing. The state exercises a strong governance role in Serbia's social health insurance system. Recent efforts have increased centralization by transferring ownership of buildings and equipment to the national level. The health insurance system provides coverage for almost the entire population (98%). Even though the system is comprehensive and universal, with free access to publicly provided health services, there are inequities in access to primary care and certain population groups (such as the most socially and economically disadvantaged, the uninsured, and the Roma) often experience problems in accessing care. The uneven distribution of health professionals across the country and shortages in some specialities also exacerbate accessibility problems. High out-of-pocket payments, amounting to over 40% of total expenditure on health, contribute to relatively high levels of self-reported unmet need for medical care. Health care provision is characterized by the role of the ""chosen doctor"" in primary health care centres, who acts as a gatekeeper in the system. Recent public health efforts have focused on improving access to preventive health services, in particular, for vulnerable groups. Health system reforms since 2012 have focused on improving infrastructure and technology, and on implementing an integrated health information system. However, the country lacks a transparent and comprehensive system for assessing the benefits of health care investments and determining how to pay for them. "
32600381,CARTA fellows' scientific contribution to the African public and population Health Research agenda (2011 to 2018).,Igumbor Jude O; Bosire Edna N; Basera Tariro J; Uwizeye Dieudonne; Fayehun Olufunke; Wao Hesborn; Ajuwon Ademola; Otukpa Emmanuel; Karimi Florah; Conco Daphney; Gitau Evelyn; Fonn Sharon,BMC public health,2020,Journal Article|Review,"BACKGROUND: Since its inception in 2009, the Consortium for Advanced Research Training in Africa (CARTA) program has focused on strengthening the capacity of nine African universities and four research centres to produce skilled researchers and scholars able to improve public and population health on the continent. This study describes the alignment between CARTA-supported doctoral topics and publications with the priorities articulated by the African public and population health research agenda. METHODS: We reviewed the output from CARTA PhD fellows between 2011 and 2018 to establish the volume and scope of the publications, and the degree to which the research focus coincided with the SDGs, World Bank, and African Development Bank research priority areas. We identified nine key priority areas into which the topics were classified. RESULTS: In total, 140 CARTA fellows published 806 articles in peer-reviewed journals over the 8 years up to 2018. All the publications considered in this paper had authors affiliated with African universities, 90% of the publications had an African university first author and 41% of the papers have CARTA fellows as the first author. The publications are available in over 6300 online versions and have been cited in over 5500 other publications. About 69% of the published papers addressed the nine African public and population health research agenda and SDG priority areas. Infectious diseases topped the list of publications (26.8%), followed by the health system and policy research (17.6%), maternal and child health (14.7%), sexual and reproductive health (14.3%). CONCLUSIONS: Investments by CARTA in supporting doctoral studies provides fellows with sufficient training and skills to publish their research in fields of public and population health. The number of publications is understandably uneven across Africa's public and population priority areas. Even while low in number, fellows are publishing in areas such as non-communicable disease, health financing, neglected tropical diseases and environmental health. Violence and injury is perhaps underrepresented. There is need to keep developing research capacity in partner institutions with low research output by training more PhDs in such institutions and by facilitating enabling environments for research. "
32514200,"The evolution of community-based primary health care, Slovenia.",Johansen Anne S; Vracko Pia; West Robert,Bulletin of the World Health Organization,2020,Journal Article,"PROBLEM: Slovenia's model of primary health care relied on reactive, episodic care and was ill-equipped to address the country's burden of disease dominated by noncommunicable diseases. APPROACH: The government has developed a multidisciplinary, community-based, prevention-oriented service delivery model for primary health care. A compulsory family medicine residency programme was introduced in 2000, and from 2004 screening and control of chronic diseases were established in family medicine practices. Health promotion centres were established, providing group interventions to support healthy lifestyles. After 2011, registered nurses were introduced to conduct screening for chronic diseases, provide counselling and manage patients with stable noncommunicable diseases. LOCAL SETTING: In 1992, the government transformed Slovenia's health financing scheme to a social insurance system based on mandatory payroll taxes. The system enabled private provision of health services, although primary care was mostly provided by publicly funded community health centres. A strong gatekeeping role was introduced. RELEVANT CHANGES: Despite spending less on health than the European Union (EU) average, by 2013 Slovenia's life expectancy was higher than the average for EU countries. The increase was due in part to rapidly declining infant and under-five mortality and a faster decline in premature mortality due to chronic diseases. LESSONS LEARNT: Slovenia's approach was enabled by strong public health and governance structures, along with accountability mechanisms that monitored outcomes and took corrective action when necessary. New programmes were piloted, creating a strong evidence base that facilitated obtaining sustainable financing, while national roll-out was supported by regional branches of the National Institute of Public Health. "
31943403,Maternal Mortality and Public Health Programs: Evidence from Florida.,Bernet Patrick; Gumus Gulcin; Vishwasrao Sharmila,The Milbank quarterly,2020,"Journal Article|Research Support, Non-U.S. Gov't","UNLABELLED: Policy Points US maternal mortality rates (MMRs) display considerable racial disparities and exceed those of other developed countries. While worldwide MMRs have dropped sharply since the 1990s, the US MMR appears to be rising. We provide strong evidence of the effectiveness of pregnancy-related public health spending on improvements in maternal health. Using longitudinal data from Florida counties, we found that spending on public health significantly reduced the MMR among black mothers and narrowed black-white outcome disparities. Each 10% increase in pregnancy-related public health expenditures was associated with a 13.5% decline in MMR among blacks and a 20.0% reduction in black-white disparities. CONTEXT: Maternal mortality rates in the United States exceed those of other developed countries. Moreover, these rates show considerable racial disparities, in which black mothers are at three to four times the risk compared with their white counterparts. With more than half of all maternal deaths deemed to be preventable, public health interventions have the potential to improve maternal health along with other pregnancy outcomes. This rigorous longitudinal study examines the impact of a package of pregnancy-related public health programs on maternal mortality rates. METHODS: We analyzed administrative data on pregnancy-related public health expenditures, maternal mortality rates, and sociodemographic factors from all 67 Florida counties between 2001 and 2014. Florida provides consistent counts of maternal deaths for the entire period of this analysis. We estimated both fixed-effects ordinary least squares regressions (OLS) and generalized method of moments (GMM) models. GMM enabled us to identify the impact of public health expenditures on maternal mortality rates while also addressing both potential endogeneity and serial correlation problems. We also provide a series of robustness and falsification tests. FINDINGS: Overall, a 10% increase in targeted public health expenditures led to a weakly significant decline in overall maternal mortality rates of 3.9%. The estimated effect for white mothers was not statistically significant. However, we found statistically significant improvements for black mothers. Specifically, a 10% increase in pregnancy-related public health spending led to a 13.5% decline in maternal mortality rates among black mothers and a 20.0% reduction in the black-white maternal mortality gap. CONCLUSIONS: Our analysis provides strong evidence of the effectiveness of public health programs in reducing maternal mortality rates and addressing racial disparities. "
31603476,"A rapid assessment of the political economy of health at district level, with a focus on maternal, newborn and child health, in Bangladesh, Indonesia, Nepal and the Philippines.",Hipgrave David B; Anderson Ian; Sato Midori,Health policy and planning,2019,Journal Article,"Low- and middle-income countries (LMICs) face many challenges and competing demands in the health sector, including maternal and newborn mortality. The allocation of financial and human resources for maximum health impact is important for social and economic development. Governments must prioritize carefully and allocate scarce resources to maximum effect, but also in ways that are politically acceptable, financially and institutionally feasible, and sustainable. Political economy analysis (PEA)-that gets what, when and why-can help explain that prioritization process. We used PEA to investigate how four Asian LMICs (Bangladesh, Indonesia, Nepal and the Philippines) allocate and utilize resources for maternal, newborn and child health (MNCH). Using mixed research methods including a literature review, field interviews at national and sub-national level, and policy, process and budget analysis in each country, we examined three political economy issues: (1) do these countries demonstrably prioritize MNCH at policy level; (2) if so, is this reflected in the allocation of financial and other resources and (3) if resources are allocated to MNCH, do they achieve the intended outputs and outcomes through actual programme implementation? We also considered the influence of transnational developments. We found that all four countries demonstrate political commitment to health, including MNCH. However, the health sector receives comparatively low public financing, governments often do not follow through on plans or pronouncements, and capacity for related action varies widely. Poor governance and decentralization, lack of data for monitoring and evaluation of progress, and weak public sector human resource capacity were frequent problems; engagement of the private or non-government sectors is an important consideration. Opportunities exist to greatly improve equity and MNCH outcomes in these nations, using a mix of evidence, improved governance, social engagement and the media to influence decisions, increase resource allocation to and improve accountability in the health sector. "
31075148,Potential determinants of health system efficiency: Evidence from Latin America and the Caribbean.,Moreno-Serra Rodrigo; Anaya-Montes Misael; Smith Peter C,PloS one,2019,"Journal Article|Research Support, Non-U.S. Gov't","This paper examines the levels of health system efficiency and their possible determinants across Latin American and Caribbean (LAC) countries using national-level data for those countries, as well as for other emerging and developed countries. The data are analyzed using data envelopment analyses and econometric advances that yield reliable estimations of the relationship between system efficiency and its potential determinants. We find that there is substantial room for efficiency improvements in the health system of most LAC countries. For example, LAC countries could improve life expectancy at birth by about five years on average at current public spending levels if they followed best practices. Furthermore, the paper assesses what factors amenable to policy act as the main possible levers for some countries to be able to translate a given level of health financing into better performance on access to care and health outcomes. Our econometric analyses suggest that efforts to increase health system efficiency could be focused in a few key policy areas associated with broader access to health services and better outcomes. These areas include general governance aspects, in addition to improvements in specific dimensions of the quality of health system institutions, notably stronger reliance on results-based management in the production of healthcare goods and services. "
31050394,"Africa Rising, a Narrative for Life Expectancy Gains? Evidence from a Health Production Function.",Salami Donald; Shaaban Ahmed Nabil; Oliveira Martins Maria do Rosário,Annals of global health,2019,"Journal Article|Research Support, Non-U.S. Gov't","BACKGROUND: The narrative of Africa Rising has increasingly been called into scrutiny, not just as a debate for economic growth and development, but also as a possible link to the surge in life expectancy on the continent. Theoretically, an increase in economic development tends to result in an increase in public health spending and subsequent better health outcomes. OBJECTIVE: This paper examines the contribution of economic development and other social determinants to the health status of the African continent and to provide evidence on whether the increase in life expectancy of the past two decades can be largely attributed to the Africa Rising narrative. METHODS: We estimated an empirical health production function, with life expectancy gains as the output of the health care system, and various socio-economic, environmental and lifestyle factors as contributory factors. We fitted a generalized least squares model, using panel data from 52 African countries for the period 1995-2014. FINDINGS: The estimation shows that while increases in health care spending contributed to life expectancy gains, urbanization rates and improved water access were the major drivers of life expectancy gains with substantially larger impacts in the past two decades. CONCLUSIONS: Overall, the results provide an evidence base for iterating the need to prioritize increasing funding and examine more critically how to improve the efficiency of health spending. It also illustrates potential gains that can be achieved from an inclusive health policy agenda with a broader range of social and economic development issues. "
30705237,Inequalities in healthcare resources and outcomes threatening sustainable health development in Ethiopia: panel data analysis.,Woldemichael Abraha; Takian Amirhossein; Akbari Sari Ali; Olyaeemanesh Alireza,BMJ open,2019,Journal Article,"OBJECTIVE: To measure inequalities in the distributions of selected healthcare resources and outcomes in Ethiopia from 2000 to 2015. DESIGN: A panel data analysis was performed to measure inequalities in distribution of healthcare workforce, infrastructure, outcomes and finance, using secondary data. SETTING: The study was conducted across 11 regions in Ethiopia. PARTICIPANTS: Regional population and selected healthcare workforce. OUTCOMES MEASURED: Aggregate Theil and Gini indices, changes in inequalities and elasticity of healthcare resources. RESULTS: Despite marked inequality reductions over a 16 year period, the Theil and Gini indices for the healthcare resources distributions remained high. Among the healthcare workforce distributions, the Gini index (GI) was lowest for nurses plus midwives (GI=0.428, 95% CI 0.393 to 0.463) and highest for specialist doctors (SPDs) (GI=0.704, 95% CI 0.652 to 0.756). Inter-region inequality was the highest for SPDs (95.0%) and the lowest for health officers (53.8%). The GIs for hospital beds, hospitals and health centres (HCs) were 0.592(95% CI 0.563 to 0.621), 0.460(95% CI 0.404 to 0.517) and 0.409(95% CI 0.380 to 0.439), respectively. The interaction term was highest for HC distributions (47.7%). Outpatient department visit per capita (GI=0.349, 95% CI 0.321 to 0.377) and fully immunised children (GI=0.307, 95% CI 0.269 to 0.345) showed inequalities; inequality in the under 5 years of age mortality rate increased overtime (P=0.048). Overall, GI for government health expenditure (GHE) was 0.596(95% CI 0.544 to 0.648), and the estimated relative GHE share of the healthcare workforce and infrastructure distributions were 46.5% and 53.5%, respectively. The marginal changes in the healthcare resources distributions were towards the advantaged populations. CONCLUSION: This study revealed high inequalities in healthcare resources in favour of the advantaged populations which can hinder equal access to healthcare and the achievements of healthcare outcomes. The government should strengthen monitoring mechanisms to address inequalities based on the national healthcare standards. "
30482387,The cyclicality of government health expenditure and its effects on population health.,Liang Li-Lin; Tussing A Dale,"Health policy (Amsterdam, Netherlands)",2019,Journal Article,"Scholars have raised concerns that cutbacks on government health expenditure (GHE) during recessions may jeopardise population health. The present research investigates the extent to which population health outcomes are affected by responses of GHE to business cycles, i.e., cyclicality of GHE. We estimate GHE cyclicality by regressing detrended GHE on detrended gross domestic product (GDP). Our analysis of data for 1995 through 2014 from 135 developing countries shows that mean cyclicality is 0.61, or that a one percent deviation from the GDP trend is positively correlated with a 0.61 percent deviation from the GHE trend. Further, countries in which GHE is less procyclical appear to have shorter life expectancies and higher adult mortality rates. These results suggest that reducing procyclicality of GHE by protecting GHE in bad times may generate substantial health gains. Importantly, our results show that increasing the weight of social security funds in health budgets, and improving institutional quality, can be critical to breaking the procyclical pattern of GHE. "
30359178,Making Fair Choices on the Path to Universal Health Coverage: Applying Principles to Difficult Cases.,Voorhoeve Alex; Tan-Torres Edejer Tessa; Kapiriri Lydia; Norheim Ole Frithjof; Snowden James; Basenya Olivier; Bayarsaikhan Dorjsuren; Chentaf Ikram; Eyal Nir; Folsom Amanda; Halina Tun Hussein Rozita; Morales Cristian; Ostmann Florian; Ottersen Trygve; Prakongsai Phusit; Saenz Carla; Saleh Karima; ,Health systems and reform,2017,Journal Article,"Abstract-Progress toward universal health coverage (UHC) requires making difficult trade-offs. In this journal, Dr. Margaret Chan, the World Health Organization (WHO) Director-General, has endorsed the principles for making such decisions put forward by the WHO Consultative Group on Equity and UHC. These principles include maximizing population health, priority for the worse off, and shielding people from health-related financial risks. But how should one apply these principles in particular cases, and how should one adjudicate between them when their demands conflict? This article by some members of the Consultative Group and a diverse group of health policy professionals addresses these questions. It considers three stylized versions of actual policy dilemmas. Each of these cases pertains to one of the three key dimensions of progress toward UHC: which services to cover first, which populations to prioritize for coverage, and how to move from out-of-pocket expenditures to prepayment with pooling of funds. Our cases are simplified to highlight common trade-offs. Though we make specific recommendations, our primary aim is to demonstrate both the form and substance of the reasoning involved in striking a fair balance between competing interests on the road to UHC. "
30175239,Mainstreaming as rhetoric or reality? Gender and global health at the World Bank.,Winters Janelle; Fernandes Genevie; McGivern Lauren; Sridhar Devi,Wellcome open research,2018,Journal Article,"Background: Over the past decade gender mainstreaming has gained visibility at global health organisations. The World Bank, one of the largest funders of global health activities, released two World Development Reports showcasing its gender policies, and recently announced a $1 billion initiative for women's entrepreneurship. We summarise the development of the Bank's gender policies and analyse its financing of gender projects in the health sector. This article is intended to provide background for future research on the Bank's gender and global health portfolio. Methods: First, we constructed a timeline of the Bank's gender policy development, through a review of published articles, grey literature, and Bank documents and reports. Second, we performed a health-focused analysis of publicly available Bank gender project databases, to track its financing of health sector projects with a gender 'theme' from 1985-2017. Results: The Bank's gender policy developed through four major phases from 1972-2017: 'women in development' (WID), institutionalisation of WID, gender mainstreaming, and gender equality through 'smart economics'. In the more inclusive Bank project database, projects with a gender theme comprised between 1.3% (1985-1989) and 6.2% (2010-2016) of all Bank commitments.  Most funding targeted middle-income countries and particular health themes, including communicable diseases and health systems. Major gender-related trust funds were absent from both databases. The Bank reports that 98% of its lending is 'gender informed', which indicates that the gender theme used in its publicly available project databases is poorly aligned with its criteria for gender informed projects. Conclusion: The Bank focused most of its health sector gender projects on women's and girls' issues. It is increasingly embracing private sector financing of its gender activities, which may impact its poverty alleviation agenda. Measuring the success of gender mainstreaming in global health will require the Bank to release more information about its gender indicators and projects. "
30277217,Estonia: Health System Review.,Habicht Triin; Reinap Marge; Kasekamp Kaija; Sikkut Riina; Aaben Laura; van Ginneken Ewout,Health systems in transition,2018,Journal Article|Review,"This analysis of the Estonian health system reviews recent developments in organization and governance, health financing, health care provision, health reforms and health system performance. In 2017, the Estonian government took the historic step of expanding the revenue base of the health system, which has been a longstanding challenge. However, in terms of percentage of GDP it remains a small increase and long-term financial sustainability could still pose a problem. That said, if these additional funds are invested wisely, they could play a positive role in further improving the health system. Indeed, although Estonia has made remarkable progress on many health indicators (e.g. the strongest gains in life expectancy of all EU countries, strongly falling amenable mortality rates), there are opportunities for improvements. They include overcoming the large health disparities between socioeconomic groups, improving population coverage, developing a comprehensive plan to tackle workforce shortages, better managing the growing number of people with (multiple) noncommunicable diseases and further reaping the benefits of the e-health system, especially for care integration and clinical decision-making. Also in terms of quality, large strides have been made but the picture is mixed. Avoidable hospital admissions are among the lowest in Europe for asthma and chronic obstructive pulmonary disease (COPD), about average for congestive heart failure and diabetes, but among the worst for hypertension. Moreover, the 30-day fatality rates for acute myocardial infarction and stroke are among the worst in the EU. These outcomes suggest substantial room to further improve service quality and care coordination. The new NHP, which is currently being revised will be play a crucial role in the success of future reform efforts. "
30277216,Spain: Health System Review.,Bernal-Delgado Enrique; Garcia-Armesto Sandra; Oliva Juan; Sanchez Martinez Fernando Ignacio; Repullo Jose Ramon; Pena-Longobardo Luz Maria; Ridao-Lopez Manuel; Hernandez-Quevedo Cristina,Health systems in transition,2018,Journal Article|Review,"This analysis of the Spanish health system reviews recent developments in organization and governance, health financing, health care provision, health reforms and health system performance. Overall health status continues to improve in Spain, and life expectancy is the highest in the European Union. Inequalities in self-reported health have also declined in the last decade, although long-standing disability and chronic conditions are increasing due to an ageing population. The macroeconomic context in the last decade in the country has been characterized by the global economic recession, which resulted in the implementation of health system-specific measures addressed to maintain the sustainability of the system. New legislation was issued to regulate coverage conditions, the benefits package and the participation of patients in the National Health System funding. Despite the budget constraints linked to the economic downturn, the health system remains almost universal, covering 99.1% of the population. Public expenditure in health prevails, with public sources accounting for over 71.1% of total health financing. General taxes are the main source of public funds, with regions (known as Autonomous Communities) managing most of those public health resources. Private spending, mainly related to out-of-pocket payments, has increased over time, and it is now above the EU average. Health care provision continues to be characterized by the strength of primary care, which is the core element of the health system; however, the increasing financing gap as compared with secondary care may challenge primary care in the long-term. Public health efforts over the last decade have focused on increasing health system coordination and providing guidance on addressing chronic conditions and lifestyle factors such as obesity. The underlying principles and goals of the national health system continue to focus on universality, free access, equity and fairness of financing. The evolution of performance measures over the last decade shows the resilience of the health system in the aftermath of the economic crisis, although some structural reforms may be required to improve chronic care management and the reallocation of resources to high-value interventions. "
30277215,Austria: Health System Review.,Bachner Florian; Bobek Julia; Habimana Katharina; Ladurner Joy; Lepuschutz Lena; Ostermann Herwig; Rainer Lukas; Schmidt Andrea E; Zuba Martin; Quentin Wilm; Winkelmann Juliane,Health systems in transition,2018,Journal Article|Review,"This analysis of the Austrian health system reviews recent developments in organization and governance, health financing, health care provision, health reforms and health system performance. Two major reforms implemented in 2013 and 2017 are among the main issues today. The central aim of the reforms that put in place a new governance system was to strengthen coordination and cooperation between different levels of government and self-governing bodies by promoting joint planning, decision-making and financing. Yet despite these efforts, the Austrian health system remains complex and fragmented in its organizational and financial structure. The Austrian population has a good level of health. Life expectancy at birth is above the EU average and low amenable mortality rates indicate that health care is more effective than in most EU countries. Yet, the number of people dying from cardiovascular diseases and cancer is high compared to the EU-28 average. Tobacco and alcohol represent the major health risk factors. Tobacco consumption has not declined over the last decade like in most other EU countries and lies well above the EU-28 average. In terms of performance, the Austrian health system provides good access to health care services. Austrias residents report the lowest levels of unmet needs for medical care across the EU. Virtually all the population is covered by social health insurances and enjoys a broad benefit basket. Yet, rising imbalances between the numbers of contracted and non-contracted physicians may contribute to social and regional inequalities in accessing care. The Austrian health system is relatively costly. It has a strong focus on inpatient care as characterized by high hospital utilization and imbalances in resource allocation between the hospital and ambulatory care sector. The ongoing reforms therefore aim to bring down publicly financed health expenditure growth with a global budget cap and reduce overutilization of hospital care. Efficiency of inpatient care has improved over the reform period but the fragmented financing between the inpatient and ambulatory sector remain a challenge. Current reforms to strengthen primary health care are an important step to further shift activities out of the large and costly hospital sector and improve skill mix within the health workforce. "
30277214,Bulgaria: Health System Review.,Dimova Antoniya; Rohova Maria; Koeva Stefka; Atanasova Elka; Koeva-Dimitrova Lubomira; Kostadinova Todorka; Spranger Anne,Health systems in transition,2018,Journal Article|Review,"This analysis of the Bulgarian health system reviews developments in its organization and governance, health financing, health care provision, health reforms and health system performance. With the 2015 National Health Strategy 2020 at its core, there have been ambitious reform plans to introduce more decentralization, strategic purchasing and integrated care into the Bulgarian social health insurance system. However, the main characteristics of the Bulgarian health system, including a high level of centralization and a single payer to administer social health insurance, remain intact and very few reforms have been implemented (for example, the introduction of health technology assessment). There are multiple reasons for this, of which political fragility and stakeholder resistance are among the most important. Overall, Bulgaria marked notable progress on some health indicators (for example, life expectancy and infant mortality) but generally progress lags behind EU averages. What is more, the system has not been effective in reducing amenable mortality, as reflected in the unsteady improvement patterns in mortality due to malignant neoplasms. This is despite an increase in total health expenditure as a percentage of gross domestic product to 8.2% in 2015. The overall high out-of-pocket spending (47.7% of total health spending in 2015) has been growing and is increasingly worrisome. It evidences the low degree of financial protection by the Bulgarian social health insurance system and exacerbates the already considerable inequities along socioeconomic and regional fault lines. For instance, there are regional imbalances of medical professionals, which are more concentrated in urban areas, and accessibility to physicians is further deteriorating, especially in rural areas. Current reforms have to tackle these challenges and build consensus among stakeholders of the health system to unlock the standstill. "
30159286,Effects of private and public health expenditure on health outcomes among countries with different health care systems: 2000 and 2014.,Raeesi Pouran; Harati-Khalilabad Touraj; Rezapour Aziz; Azari Samad; Javan-Noughabi Javad,Medical journal of the Islamic Republic of Iran,2018,Journal Article,"Background: In the recent decades, most studies have paid more attention to community expenditures in health sector and health outcomes. This study provides econometric evidence linking countries' health expenditures to 3 health outcomes: (1) infant mortality, (2) under 5 mortality and (3) life expectancy within 4 different health care systems. Methods: In this study, we used the econometric method to estimate the effect of health expenditure on health status. Panel data were collected and grouped for 25 countries according to the health care system over 15 years (2000-2015). The random effects model was selected over the fixed effects model based on the Hausman test to assess the effect of different factors on the 3 mentioned health outcomes. Results: A significant relationship was found between health expenditures and health indicators. The effect of private health expenditures on health outcomes in countries with mixed health financing system and traditional sickness fund insurance was higher than public expenditures. Also, after comparing the results between different health care systems, we found that the effect of health expenditure on the health outcome in countries with national health system (NHS) was more than other health care systems. Conclusion: To improve health status, health policymakers should focus on the factors that lie inside the health care system. Therefore, since private and public health expenditures have different effects on health outcomes in each health care system, countries should choose an optimal combination of private and public health expenditures. "
30112851,Sources of health financing and health outcomes: A panel data analysis.,Fujii Tomoki,Health economics,2018,"Journal Article|Research Support, Non-U.S. Gov't","We study the differential impacts of public and private sources of health spending on health outcomes using a triple difference approach. We find that private health spending has on average a higher health-promoting effect than public health spending. This result is robust with respect to the choice of outcome measure and covariates in the regression and driven primarily by the countries with ineffective governments. Once we restrict our sample to countries with effective governments, private health spending is found to be no better than public health spending in improving the health outcome. "
29997906,"The Brazilian health system at crossroads: progress, crisis and resilience.",Massuda Adriano; Hone Thomas; Leles Fernando Antonio Gomes; de Castro Marcia C; Atun Rifat,BMJ global health,2018,Journal Article|Review,"The Unified Health System (Sistema Único de Saúde (SUS)) has enabled substantial progress towards Universal Health Coverage (UHC) in Brazil. However, structural weakness, economic and political crises and austerity policies that have capped public expenditure growth are threatening its sustainability and outcomes. This paper analyses the Brazilian health system progress since 2000 and the current and potential effects of the coalescing economic and political crises and the subsequent austerity policies. We use literature review, policy analysis and secondary data from governmental sources in 2000-2017 to examine changes in political and economic context, health financing, health resources and healthcare service coverage in SUS. We find that, despite a favourable context, which enabled expansion of UHC from 2003 to 2014, structural problems persist in SUS, including gaps in organisation and governance, low public funding and suboptimal resource allocation. Consequently, large regional disparities exist in access to healthcare services and health outcomes, with poorer regions and lower socioeconomic population groups disadvantaged the most. These structural problems and disparities will likely worsen with the austerity measures introduced by the current government, and risk reversing the achievements of SUS in improving population health outcomes. The speed at which adverse effects of the current and political crises are manifested in the Brazilian health system underscores the importance of enhancing health system resilience to counteract external shocks (such as economic and political crises) and internal shocks (such as sector-specific austerity policies and rapid ageing leading to rise in disease burden) to protect hard-achieved progress towards UHC. "
29972131,Greece: Health System Review.,Economou Charalampos; Kaitelidou Daphne; Karanikolos Marina; Maresso Anna,Health systems in transition,2017,Journal Article|Review,"This analysis of the Greek health system reviews developments in its organization and governance, health financing, health care provision, health reforms and health system performance. The economic crisis has had a major impact on Greek society and the health system. Health status indicators such as life expectancy at birth and at age sixtyfive are above the average in the European Union but health inequalities and particular risk factors such as high smoking rates and child obesity persist. The highly centralized health system is a mixed model incorporating both tax-based financing and social health insurance. Historically, a number of enduring structural and operational inadequacies within the health system required addressing, but reform attempts often failed outright or stagnated at the implementation phase. The countrys Economic Adjustment Programme has acted as a catalyst to tackle a large number of wide-ranging reforms in the health sector, aiming not only to reduce public sector spending but also to rectify inequities and inefficiencies. Since 2010, these reforms have included the establishment of a single purchaser for the National Health System, standardizing the benefits package, re-establishing universal coverage and access to health care, significantly reducing pharmaceutical expenditure through demand and supply-side measures, and important changes to procurement and hospital payment systems; all these measures have been undertaken in a context of severe fiscal constraints. A major overhaul of the primary care system is the priority in the period 2018-2021. Several other challenges remain, such as ensuring adequate funding for the health system (and reducing the high levels of out-of-pocket spending on health); maintaining universal health coverage and access to needed health services; and strengthening health system planning, coordination and governance. While the preponderance of reforms implemented so far have focused on reducing costs, there is a need to develop this focus into longer-term strategic reforms that enhance efficiency while guaranteeing the delivery of health services and improving the overall quality of care. "
29945690,"Does government expenditure reduce inequalities in infant mortality rates in low- and middle-income countries?: A time-series, ecological analysis of 48 countries from 1993 to 2013.",Baker Peter; Hone Thomas; Reeves Aaron; Avendano Mauricio; Millett Christopher,"Health economics, policy, and law",2019,Journal Article,"Inequalities in infant mortality rates (IMRs) are rising in some low- and middle-income countries (LMICs) and decreasing in others, but the explanation for these divergent trends is unclear. We investigate whether government expenditures and redistribution are associated with reductions in inequalities in IMRs. We estimated country-level fixed-effects panel regressions for 48 LMICs (142 country observations). Slope and Relative Indices of Inequality in IMRs (SII and RII) were calculated from Demographic and Health Surveys between 1993 and 2013. RII and SII were regressed on government expenditure (total, health and non-health) and redistribution, controlling for gross domestic product (GDP), private health expenditures, a democracy indicator, country fixed effects and time. Mean SII and RII was 39.12 and 0.69, respectively. In multivariate models, a 1 percentage point increase in total government expenditure (% of GDP) was associated with a decrease in SII of -2.468 [95% confidence intervals (CIs): -4.190, -0.746] and RII of -0.026 (95% CIs: -0.048, -0.004). Lower inequalities were associated with higher non-health government expenditure, but not higher government health expenditure. Associations with inequalities were non-significant for GDP, government redistribution, and private health expenditure. Understanding how non-health government expenditure reduces inequalities in IMR, and why health expenditures may not, will accelerate progress towards the Sustainable Development Goals. "
29350076,Health Care Public Sector Share and the U.S. Life Expectancy Lag: A Country-level Longitudinal Study.,Reynolds Megan M,"International journal of health services : planning, administration, evaluation",2018,"Journal Article|Research Support, N.I.H., Extramural","Growing research on the political economy of health has begun to emphasize sociopolitical influences on cross-national differences in population health above and beyond economic growth. While this research investigates the impact of overall public health spending as a share of GDP (""health care effort""), it has for the most part overlooked the distribution of health care spending across the public and private spheres (""public sector share""). I evaluate the relative contributions of health care effort, public sector share, and GDP to the large and growing disadvantage in U.S. life expectancy at birth relative to peer nations. I do so using fixed effects models with data from 16 wealthy democratic nations between 1960 and 2010. Results indicate that public sector share has a beneficial effect on longevity net of the effect of health care effort and that this effect is nonlinear, decreasing in magnitude as levels rise. Moreover, public sector share is a more powerful predictor of life expectancy at birth than GDP per capita. This study contributes to discussions around the political economy of health, the growth consensus, and the American lag in life expectancy. Policy implications vis-à-vis the U.S. Affordable Care Act are discussed. "
29297341,Measuring health systems strength and its impact: experiences from the African Health Initiative.,Sherr Kenneth; Fernandes Quinhas; Kanté Almamy M; Bawah Ayaga; Condo Jeanine; Mutale Wilbroad; ,BMC health services research,2017,"Journal Article|Research Support, N.I.H., Extramural|Research Support, Non-U.S. Gov't","BACKGROUND: Health systems are essential platforms for accessible, quality health services, and population health improvements. Global health initiatives have dramatically increased health resources; however, funding to strengthen health systems has not increased commensurately, partially due to concerns about health system complexity and evidence gaps demonstrating health outcome improvements. In 2009, the African Health Initiative of the Doris Duke Charitable Foundation began supporting Population Health Implementation and Training Partnership projects in five sub-Saharan African countries (Ghana, Mozambique, Rwanda, Tanzania, and Zambia) to catalyze significant advances in strengthening health systems. This manuscript reflects on the experience of establishing an evaluation framework to measure health systems strength, and associate measures with health outcomes, as part of this Initiative. METHODS: Using the World Health Organization's health systems building block framework, the Partnerships present novel approaches to measure health systems building blocks and summarize data across and within building blocks to facilitate analytic procedures. Three Partnerships developed summary measures spanning the building blocks using principal component analysis (Ghana and Tanzania) or the balanced scorecard (Zambia). Other Partnerships developed summary measures to simplify multiple indicators within individual building blocks, including health information systems (Mozambique), and service delivery (Rwanda). At the end of the project intervention period, one to two key informants from each Partnership's leadership team were asked to list - in rank order - the importance of the six building blocks in relation to their intervention. RESULTS: Though there were differences across Partnerships, service delivery and information systems were reported to be the most common focus of interventions, followed by health workforce and leadership and governance. Medical products, vaccines and technologies, and health financing, were the building blocks reported to be of lower focus. CONCLUSION: The African Health Initiative experience furthers the science of evaluation for health systems strengthening, highlighting areas for further methodological development - including the development of valid, feasible measures sensitive to interventions in multiple contexts (particularly in leadership and governance) and describing interactions across building blocks; in developing summary statistics to facilitate testing intervention effects on health systems and associations with health status; and designing appropriate analytic models for complex, multi-level open health systems. "
29244107,The importance of gender analysis in research for health systems strengthening.,Theobald Sally; Morgan Rosemary; Hawkins Kate; Ssali Sarah; George Asha; Molyneux Sassy,Health policy and planning,2017,Editorial,"This editorial discusses a collection of papers examining gender across a range of health policy and systems contexts, from access to services, governance, health financing, and human resources for health. The papers interrogate differing health issues and core health systems functions using a gender lens. Together they produce new knowledge on the multiple impacts of gender on health experiences and demonstrate the importance of gender analyses and gender sensitive interventions for promoting well-being and health systems strengthening. The findings from these papers collectively show how gender intersects with other axes of inequity within specific contexts to shape experiences of health and health seeking within households, communities and health systems; illustrate how gender power relations affect access to important resources; and demonstrate that gender norms, poverty and patriarchy interplay to limit women's choices and chances both within household interactions and within the health sector. Health systems researchers have a responsibility to promote the incorporation of gender analyses into their studies in order to inform more strategic, effective and equitable health systems interventions, programmes, and policies. Responding to gender inequitable systems, institutions, and services in this sector requires an 'all hands-on deck' approach. We cannot claim to take a 'people-centred approach' to health systems if the status quo continues. "
31391844,[Breast cancer mortality in Brazilian municipalities and associated factorsMortalidad por cáncer de mama en municipios brasileños y factores asociados].,Couto Maria Silvia de Azevedo; Guerra Maximiliano Ribeiro; Firme Vinícius de Azevedo Couto; Bustamante-Teixeira Maria Teresa,Revista panamericana de salud publica = Pan American journal of public health,2017,English Abstract|Journal Article,"OBJECTIVE: To analyze breast cancer mortality trends in Brazilian municipalities and assess the influence of socioeconomic and demographic factors on mortality rates. METHODS: Age-adjusted mortality rates were calculated for the periods centered in 1990, 2000, and 2010 and corrected for ill-defined causes of death. After that, panel data regression models were developed for analysis of the association between the factors of interest and the mortality rate from breast cancer in Brazilian municipalities. RESULTS: A growing trend was detected in breast cancer mortality in Brazil. However, the models showed that the mortality could have decreased (negative trend), especially in the Southeast and South regions, if some associated factors (such as income, education, longevity, fertility rate, health spending, and infrastructure, among others) had remained constant during the study period. Breast cancer mortality was positively/significantly associated with longevity and negatively/significantly associated with public health spending. Mortality was higher in the South and Southeast, in municipalities with more than 500 000 inhabitants and in those with population below 5 000. CONCLUSIONS: The growth in per capita income, the increase in life expectancy, and the decrease in fertility rates may be associated with high breast cancer mortality and a trend towards increased mortality from this cancer in Brazilian municipalities. "
28559673,Three Case Studies in Making Fair Choices on the Path to Universal Health Coverage.,Voorhoeve Alex; Edejer Tessa T T; Kapiriri Lydia; Norheim Ole F; Snowden James; Basenya Olivier; Bayarsaikhan Dorjsuren; Chentaf Ikram; Eyal Nir; Folsom Amanda; Tun Hussein Rozita Halina; Morales Cristian; Ostmann Florian; Ottersen Trygve; Prakongsai Phusit; Saenz Carla; Saleh Karima; Sommanustweech,Health and human rights,2016,Journal Article,"The goal of achieving Universal Health Coverage (UHC) can generally be realized only in stages. Moreover, resource, capacity, and political constraints mean governments often face difficult trade-offs on the path to UHC. In a 2014 report, Making fair choices on the path to UHC, the WHO Consultative Group on Equity and Universal Health Coverage articulated principles for making such trade-offs in an equitable manner. We present three case studies which illustrate how these principles can guide practical decision-making. These case studies show how progressive realization of the right to health can be effectively guided by priority-setting principles, including generating the greatest total health gain, priority for those who are worse off in a number of dimensions (including health, access to health services, and social and economic status), and financial risk protection. They also demonstrate the value of a fair and accountable process of priority setting. "
28485716,The former Yugoslav Republic of Macedonia: Health System Review.,Milevska Kostova Neda; Chichevalieva Snezhana; Ponce Ninez A; van Ginneken Ewout; Winkelmann Juliane,Health systems in transition,2017,Journal Article,"This analysis of the health system of the former Yugoslav Republic of Macedonia reviews recent developments in organization and governance, health financing, health care provision, health reforms and health system performance. The country has made important progress during its transition from a socialist system to a market-based system, particularly in reforming the organization, financing and delivery of health care and establishing a mix of private and public providers. Though total health care expenditure has risen in absolute terms in recent decades, it has consistently fallen as share of GDP, and high levels of private health expenditure remain. Despite this, the health of the population has improved over the last decades, with life expectancy and mortality rates for both adults and children reaching similar levels to those in ex-communist EU countries, though death rates caused by unhealthy behaviour remain high. Inheriting a large health infrastructure, good public health services and well-distributed health service coverage after independence in 1991, the country re-built a social health insurance system with a broad benefit package. Primary care providers were privatized and new private hospitals were allowed to enter the market. In recent years, the country reformed the organization of care delivery to better incorporate both public and private providers in an integrated system. Significant efficiency gains were reached with a pioneering health information system that has reduced waiting times and led to a better coordination of care. This multi-modular e-health system has the potential to further reduce existing inefficiencies and to generate evidence for assessment and research. Despite this progress, satisfaction with health care delivery is very mixed with low satisfaction levels with public providers. The public hospital sector in particular is characterized by inefficient organization, financing and provision of health care; and many professionals move to other countries and to the private sector. Future challenges include sustainable planning and management of human resources as well as enhancing quality and efficiency of care through reform of hospital financing and organization. "
28485714,Portugal: Health System Review.,de Almeida Simoes Jorge; Augusto Goncalo Figueiredo; Fronteira Ines; Hernandez-Quevedo Cristina,Health systems in transition,2017,Journal Article,"This analysis of the Portuguese health system reviews recent developments in organization and governance, health financing, health care provision, health reforms and health system performance. Overall health indicators such as life expectancy at birth and at age 65 years have shown a notable improvement over the last decades. However, these improvements have not been followed at the same pace by other important dimensions of health: child poverty and its consequences, mental health and quality of life after 65. Health inequalities remain a general problem in the country. All residents in Portugal have access to health care provided by the National Health Service (NHS), financed mainly through taxation. Out-of-pocket payments have been increasing over time, not only co-payments, but particularly direct payments for private outpatient consultations, examinations and pharmaceuticals. The level of cost-sharing is highest for pharmaceutical products. Between one-fifth and one-quarter of the population has a second (or more) layer of health insurance coverage through health subsystems (for specific sectors or occupations) and voluntary health insurance (VHI). VHI coverage varies between schemes, with basic schemes covering a basic package of services, whereas more expensive schemes cover a broader set of services, including higher ceilings of health care expenses. Health care delivery is by both public and private providers. Public provision is predominant in primary care and hospital care, with a gate-keeping system in place for access to hospital care. Pharmaceutical products, diagnostic technologies and private practice by physicians constitute the bulk of private health care provision. In May 2011, the economic crisis led Portugal to sign a Memorandum of Understanding with the International Monetary Fund, the European Commission and the European Central Bank, in exchange for a loan of 78 billion euros. The agreed Economic and Financial Adjustment Programme included 34 measures aimed at increasing cost-containment, improving efficiency and increasing regulation in the health sector. Reforms implemented since 2011 by the Ministry of Health include: improving regulation and governance, health promotion (launch of priority health programmes such as for diabetes and mental health), rebalancing the pharmaceutical market (new rules for price setting, reduction in the prices of pharmaceuticals, increasing use of generic drugs), expanding and coordinating long-term and palliative care, and strengthening primary and hospital care. "
28402469,Health system functionality in a low-income country in the midst of conflict: the case of Yemen.,Qirbi Naseeb; Ismail Sharif A,Health policy and planning,2017,Journal Article|Review,"BACKGROUND:  Although the literature on effects of armed conflict on population health is extensive, detailed assessments of effects on public health 'systems' are few. This article aims to help address this deficit through the medium of a case study on Yemen, describing health system and health outcome performance prior to the internationalisation of the conflict there in March 2015, before assessing the impact of war on health system functionality since that time. METHOD: Review of peer- and non-peer reviewed literature from 2005 to 2016 from academic sources, multilateral organizations, donors and governmental and non-governmental organizations, augmented by secondary data analysis. RESULTS: Despite significant health system weaknesses and structural vulnerabilities pre-conflict, there were important improvements in selected health outcome measures in Yemen up to early 2015 (life expectancy, and infant and maternal mortality, e.g.), partly driven by a fragile health sector that was heavily reliant on out-of-pocket expenditure, and hampered by weak service penetration especially in rural areas. High intensity conflict has resulted in rising mortality and injury rates since March 2015, the first decline in life expectancy and increase in child and maternal mortality in Yemen for some years, and worsening levels of malnutrition. Service delivery has become increasingly challenging in the context of a funding crisis, destruction of health facilities, widespread shortages of essential medicines and equipment across the country, and governance fragmentation. CONCLUSION: Conflict in Yemen has resulted in humanitarian disaster on a wide scale in a short period of time, and crippled an already weak health system. Important areas of uncertainty remain, however, including the scale of health worker flight, and the extent to which alternative providers have stepped in to fill widening service gaps as the conflict has unfolded. Planning for longer-term health system reconstruction should begin as soon as possible. "
28325241,Radiation Oncology in the Developing Economies of Central and Eastern Europe.,Esiashvili Natia,Seminars in radiation oncology,2017,Journal Article|Review,"Eastern Europe is represented by 22 countries of significant variability in population density and degree of economic development. They have been affected by past geopolitical isolation due to their association with the ""Soviet Block."" Currently, all Eastern European countries except Slovenia are low- or middle-income level and 10 of them are part of European Union. Health care systems in Central and Eastern Europe have been influenced by the legacy of centralized soviet-era governance; however, most countries, particularly in European Union zone, have gone through health care reforms directed toward modernizing infrastructure and staffing. The level of health financing available through health insurance has increased in the region, although still lags behind the Western European levels. After adjusting for differing population age structures, overall incidence rates in both sexes are lower in Eastern and Central Europe compared with the Northern and Western European countries; however, mortality remains higher. There is an ongoing shortage of oncology services in Eastern Europe, including radiotherapy equipment and personnel. Eastern European radiotherapy field is highly diverse with large differences among countries regarding staffing structure, training, accreditation, and defined roles and responsibilities. The rapid diffusion of technological innovations has been identified as one of the most important factors driving the escalating health care expenses, and the need for better cost-effective solutions applicable to the local health care systems and levels of economic development. "
28282397,Evaluation of the performance of national health systems in 2004-2011: An analysis of 173 countries.,Sun Daxin; Ahn Haksoon; Lievens Tomas; Zeng Wu,PloS one,2017,Journal Article,"In an effort to improve health service delivery and achieve better health outcomes, the World Health Organization (WHO) has called for improved efficiency of health care systems to better use the available funding. This study aims to examine the efficiency of national health systems using longitudinal country-level data. Data on health spending per capita, infant mortality rate (IMR), under 5 mortality rate (U5MR), and life expectancy (LE) were collected from or imputed for 173 countries from 2004 through 2011. Data envelopment analyses were used to evaluate the efficiency and regression models were constructed to examine the determinants of efficiency. The average efficiency of the national health system, when examined yearly, was 78.9%, indicating a potential saving of 21.1% of health spending per capita to achieve the same level of health status for children and the entire population, if all countries performed as well as their peers. Additionally, the efficiency of the national health system varied widely among countries. On average, Africa had the lowest efficiency of 67%, while West Pacific countries had the highest efficiency of 86%. National economic status, HIV/AIDS prevalence, health financing mechanisms and governance were found to be statistically associated with the efficiency of national health systems. Taking health financing as an example, a 1% point increase of social security expenses as a percentage of total health expenditure correlated to a 1.9% increase in national health system efficiency. The study underscores the need to enhance efficiency of national health systems to meet population health needs, and highlights the importance of health financing and governance in improving the efficiency of health systems, to ultimately improve health outcomes. "
28139461,Slovakia: Health System Review.,Smatana Martin; Pazitny Peter; Kandilaki Daniela; Laktisova Michaela; Sedlakova Darina; Paluskova Monika; van Ginneken Ewout; Spranger Anne,Health systems in transition,2016,Journal Article,"This analysis of the Slovak health system reviews recent developments in organization and governance, health financing, health-care provision, health reforms and health system performance. The health care system in Slovakia is based on universal coverage, compulsory health insurance, a basic benefit package and a competitive insurance model with selective contracting of health care providers. Containment of health spending became a major policy goal after the 2008 financial crisis. Health spending stabilized after 2010 but remains well below European averages. Some health indicators, such as life expectancy, healthy life years and avoidable deaths are worrisome. Furthermore, weak hospital management, high numbers of unused acute beds, overprescribing pharmaceuticals, and poor gatekeeping of the system all lead to over-utilization of services and system inefficiency. This suggests substantial room for improvement in delivery of care, especially for primary and long-term care. Additionally, there is inequity in the distribution of health providers, resulting in lengthy travelling distances and waiting times for patients. Given the ageing workforce, this trend is likely to continue. Current strategic documents and reform efforts aim to address the lack of efficiency and accountability. There has been a strong will to tackle these challenges but this has often been hindered by a lack of political consensus over issues such as the role of the state, the appropriate role of market mechanisms and profits, as well as the extent of out-of-pocket payments. Successive governments have taken different positions on these issues since the establishment of the current health system in 2002, and major reforms remain to be implemented. "
28049495,"The link between the West African Ebola outbreak and health systems in Guinea, Liberia and Sierra Leone: a systematic review.",Shoman Haitham; Karafillakis Emilie; Rawaf Salman,Globalization and health,2017,Journal Article|Systematic Review,"BACKGROUND: An Ebola outbreak started in December 2013 in Guinea and spread to Liberia and Sierra Leone in 2014. The health systems in place in the three countries lacked the infrastructure and the preparation to respond to the outbreak quickly and the World Health Organisation (WHO) declared a public health emergency of international concern on August 8 2014. OBJECTIVE: The aim of this study was to determine the effects of health systems' organisation and performance on the West African Ebola outbreak in Guinea, Liberia and Sierra Leone and lessons learned. The WHO health system building blocks were used to evaluate the performance of the health systems in these countries. METHODS: A systematic review of articles published from inception until July 2015 was conducted following the PRISMA guidelines. Electronic databases including Medline, Embase, Global Health, and the Cochrane library were searched for relevant literature. Grey literature was also searched through Google Scholar and Scopus. Articles were exported and selected based on a set of inclusion and exclusion criteria. Data was then extracted into a spreadsheet and a descriptive analysis was performed. Each study was critically appraised using the Crowe Critical Appraisal Tool. The review was supplemented with expert interviews where participants were identified from reference lists and using the snowball method. FINDINGS: Thirteen articles were included in the study and six experts from different organisations were interviewed. Findings were analysed based on the WHO health system building blocks. Shortage of health workforce had an important effect on the control of Ebola but also suffered the most from the outbreak. This was followed by information and research, medical products and technologies, health financing and leadership and governance. Poor surveillance and lack of proper communication also contributed to the outbreak. Lack of available funds jeopardised payments and purchase of essential resources and medicines. Leadership and governance had least findings but an overarching consensus that they would have helped prompt response, adequate coordination and management of resources. CONCLUSION: Ensuring an adequate and efficient health workforce is of the utmost importance to ensure a strong health system and a quick response to new outbreaks. Adequate service delivery results from a collective success of the other blocks. Health financing and its management is crucial to ensure availability of medical products, fund payments to staff and purchase necessary equipment. However, leadership and governance needs to be rigorously explored on their main defects to control the outbreak. "
27831620,"[Health sector reform in Peru: Law, governance, universal coverage, and responses to health risks].",Velásquez Aníbal; Suarez Dalia; Nepo-Linares Edgardo,Revista peruana de medicina experimental y salud publica,2016,Journal Article,"In 2013, Peru initiated a reform process under the premise of recognizing the nature of health as a right that must be protected by the state. This reform aimed to improve health conditions through the elimination or reduction of restrictions preventing the full exercise of this right, and the consequent approach aimed to protect both individual and public health and rights within a framework characterized by strengthened stewardship and governance, which would allow system conduction and effective responses to risks and emergencies. The reform led to an increase in population health insurance coverage from 64% to 73%, with universalization occurring through the SIS affiliation of every newborn with no other protection mechanism. Health financing increased by 75% from 2011, and the SIS budget tripled from 570 to 1,700 million soles. From 2012 to May 2016, 168 health facilities have become operational, 51 establishments are nearing completion, and 265 new projects are currently under technical file and work continuity with an implemented investment of more than 7 billion soles. Additionally, this reform led to the approval of the Ministry of Health intervention for health emergencies and strengthened the health authority of the ministry to implement responses in case of risks or service discontinuity resulting from a lack of regional or local government compliance with public health functions. "
27603897,Romania: Health System Review.,Vladescu Cristian; Scintee Silvia Gabriela; Olsavszky Victor; Hernandez-Quevedo Cristina; Sagan Anna,Health systems in transition,2016,Journal Article,"This analysis of the Romanian health system reviews recent developments in organization and governance, health financing, health care provision, health reforms and health system performance. The Romanian health care system is a social health insurance system that has remained highly centralized despite recent efforts to decentralize some regulatory functions. It provides a comprehensive benefits package to the 85% of the population that is covered, with the remaining population having access to a minimum package of benefits. While every insured person has access to the same health care benefits regardless of their socioeconomic situation, there are inequities in access to health care across many dimensions, such as rural versus urban, and health outcomes also differ across these dimensions. The Romanian population has seen increasing life expectancy and declining mortality rates but both remain among the worst in the European Union. Some unfavourable trends have been observed, including increasing numbers of new HIV/AIDS diagnoses and falling immunization rates. Public sources account for over 80% of total health financing. However, that leaves considerable out-of-pocket payments covering almost a fifth of total expenditure. The share of informal payments also seems to be substantial, but precise figures are unknown. In 2014, Romania had the lowest health expenditure as a share of gross domestic product (GDP) among the EU Member States. In line with the government's objective of strengthening the role of primary care, the total number of hospital beds has been decreasing. However, health care provision remains characterized by underprovision of primary and community care and inappropriate use of inpatient and specialized outpatient care, including care in hospital emergency departments. The numbers of physicians and nurses are relatively low in Romania compared to EU averages. This has mainly been attributed to the high rates of workers emigrating abroad over the past decade, exacerbated by Romania's EU accession and the reduction of public sector salaries due to the economic crisis. Reform in the Romanian health system has been both constant and yet frequently ineffective, due in part to the high degree of political instability. Recent reforms have focused mainly on introducing cost-saving measures, for example, by attempting to shift some of the health care costs to drug manufacturers by claw-back and to the population through co-payments, and on improving the monitoring of health care expenditure. "
27467813,Slovenia: Health System Review.,Albreht Tit; Pribakovic Brinovec Radivoje; Josar Dusan; Poldrugovac Mircha; Kostnapfel Tatja; Zaletel Metka; Panteli Dimitra; Maresso Anna,Health systems in transition,2016,Journal Article|Review,"This analysis of the Slovene health system reviews recent developments in organization and governance, health financing, health care provision, health reforms and health system performance. The health of the population has improved over the last few decades. While life expectancy for both men and women is similar to EU averages, morbidity and mortality data show persistent disparities between regions, and mortality from external causes is particularly high. Satisfaction with health care delivery is high, but recently waiting times for some outpatient specialist services have increased. Greater focus on preventive measures is also needed as well as better care coordination, particularly for those with chronic conditions. Despite having relatively high levels of co-payments for many services covered by the universal compulsory health insurance system, these expenses are counterbalanced by voluntary health insurance, which covers 95% of the population liable for co-payments. However, Slovenia is somewhat unique among social health insurance countries in that it relies almost exclusively on payroll contributions to fund its compulsory health insurance system. This makes health sector revenues very susceptible to economic and labour market fluctuations. A future challenge will be to diversify the resource base for health system funding and thus bolster sustainability in the longer term, while preserving service delivery and quality of care. Given changing demographics and morbidity patterns, further challenges include restructuring the funding and provision of long-term care and enhancing health system efficiency through reform of purchasing and provider-payment systems. "
27467715,Netherlands: Health System Review.,Kroneman Madelon; Boerma Wienke; van den Berg Michael; Groenewegen Peter; de Jong Judith; van Ginneken Ewout,Health systems in transition,2016,Journal Article|Review,"This analysis of the Dutch health system reviews recent developments in organization and governance, health financing, healthcare provision, health reforms and health system performance. Without doubt, two major reforms implemented since the mid-2000s are among the main issues today. The newly implemented long-term care reform will have to realize a transition from publicly provided care to more self-reliance on the part of the citizens and a larger role for municipalities in its organization. A particular point of attention is how the new governance arrangements and responsibilities in long-term care will work together. The 2006 reform replaced the division between public and private insurance by one universal social health insurance and introduced managed competition as a driving mechanism in the healthcare system. Although the reform was initiated almost a decade ago, its stepwise implementation continues to bring changes in the healthcare system in general and in the role of actors in particular. In terms of performance, essential healthcare services are within easy reach and waiting times have been decreasing. The basic health insurance package and compensations for lower incomes protect citizens against catastrophic spending. Out-of-pocket payments are low from an international perspective. Moreover, the Dutch rate the quality of the health system and their health as good. International comparisons show that the Netherlands has low antibiotic use, a low number of avoidable hospitalizations and a relatively low avoidable mortality. National studies show that healthcare has made major contributions to the health of the Dutch population as reflected in increasing life expectancy. Furthermore, some indicators such as the prescription of generics and length of stay reveal improvements in efficiency over the past years. Nevertheless, the Netherlands still has one of the highest per capita health expenditures in Europe, although growth has slowed considerably after reverting to more traditional sector agreements on spending. "
27140980,"Variation In Health Outcomes: The Role Of Spending On Social Services, Public Health, And Health Care, 2000-09.",Bradley Elizabeth H; Canavan Maureen; Rogan Erika; Talbert-Slagle Kristina; Ndumele Chima; Taylor Lauren; Curry Leslie A,Health affairs (Project Hope),2016,Journal Article,"Although spending rates on health care and social services vary substantially across the states, little is known about the possible association between variation in state-level health outcomes and the allocation of state spending between health care and social services. To estimate that association, we used state-level repeated measures multivariable modeling for the period 2000-09, with region and time fixed effects adjusted for total spending and state demographic and economic characteristics and with one- and two-year lags. We found that states with a higher ratio of social to health spending (calculated as the sum of social service spending and public health spending divided by the sum of Medicare spending and Medicaid spending) had significantly better subsequent health outcomes for the following seven measures: adult obesity; asthma; mentally unhealthy days; days with activity limitations; and mortality rates for lung cancer, acute myocardial infarction, and type 2 diabetes. Our study suggests that broadening the debate beyond what should be spent on health care to include what should be invested in health-not only in health care but also in social services and public health-is warranted. "
27049966,United Kingdom: Health System Review.,Cylus Jonathan; Richardson Erica; Findley Lisa; Longley Marcus; O'Neill Ciaran; Steel David,Health systems in transition,2015,Journal Article,"This analysis of the United Kingdom health system reviews recent developments in organization and governance, health financing, health care provision, health reforms and health system performance. It provides an overview of how the national health services operate in the four nations that make up the United Kingdom, as responsibility for organizing health financing and services was devolved from 1997. With devolution, the health systems in the United Kingdom have diverged in the details of how services are organized and paid for, but all have maintained national health services which provide universal access to a comprehensive package of services that are mostly free at the point of use. These health services are predominantly financed from general taxation and 83.5% of total health expenditure in the United Kingdom came from public sources in 2013. Life expectancy has increased steadily across the United Kingdom, but health inequalities have proved stubbornly resistant to improvement, and the gap between the most deprived and the most privileged continues to widen, rather than close. The United Kingdom faces challenges going forward, including how to cope with the needs of an ageing population, how to manage populations with poor health behaviours and associated chronic conditions, how to meet patient expectations of access to the latest available medicines and technologies, and how to adapt a system that has limited resources to expand its workforce and infrastructural capacity so it can rise to these challenges. "
31514642,"The Effect of Demand- and Supply-Side Health Financing on Infant, Child, and Maternal Mortality in Low- and Middle-Income Countries.",Bowser Diana; Gupta Jaya; Nandakumar Allyala,Health systems and reform,2016,Journal Article,"-Demand- and supply-side health financing programs that improve maternal and child health are being implemented more frequently; however, there is limited evidence estimating their impact on maternal, infant, and child mortality at the macro level. The purpose of the study was to determine the impact of four specific types of demand- and supply-side health financing programs on infant, child, and maternal mortality at the global level and by county income categories. The following four demand- and supply-side health financing programs were chosen for inclusion in the analysis: conditional cash transfer programs, voucher programs, community-based health insurance, and pay-for-performance schemes. A fixed effects model was estimated, using panel data for 147 countries over the period 1995-2010, to measure the impact of these four demand- and supply-side health financing programs on infant, under-five, and maternal mortality. The model was estimated for all countries and for three country income categories: low, lower-middle, and upper-middle income. The implementation of demand- and supply-side health financing programs has increased over time, with 45 out of 147 countries in the data set implementing at least one of these programs by 2010. The results show that there is a significant decline in infant and under-five mortality from community-based health insurance when examined across all countries. There is also an impact from demand- and supply-side health financing when examined across the three country income classifications, with vouchers and pay-for-performance showing a varying impact on reduced infant, under-five, and maternal mortality depending on the country income classification. Health insurance schemes with a broad population reach, such as community-based health insurance, can have a large impact on infant and under-five mortality. Demand- and supply-side health financing programs, such as pay-for-performance and voucher programs, have a varying impact on infant, under-five, and maternal mortality depending on the income level of the country. "
26989011,Analysis of health promotion and prevention financing mechanisms in Thailand.,Watabe Akihito; Wongwatanakul Weranuch; Thamarangsi Thaksaphon; Prakongsai Phusit; Yuasa Motoyuki,Health promotion international,2017,Journal Article,"In the transition to the post-2015 agenda, many countries are striving towards universal health coverage (UHC). Achieving this, governments need to shift from curative care to promotion and prevention services. This research analyses Thailand's financing system for health promotion and prevention, and assesses policy options for health financing reforms. The study employed a mixed-methods approach and integrates multiple sources of evidence, including scientific and grey literature, expenditure data, and semi-structured interviews with key stakeholders in Thailand. The analysis was underpinned by the use of a well-known health financing framework. In Thailand, three agencies plus local governments share major funding roles for health promotion and prevention services: the Ministry of Public Health (MOPH), the National Health Security Office, the Thai Health Promotion Foundation and Tambon Health Insurance Funds. The total expenditure on prevention and public health in 2010 was 10.8% of the total health expenditure, greater than many middle-income countries that average 7.0-9.2%. MOPH was the largest contributor at 32.9%, the Universal Coverage scheme was the second at 23.1%, followed by the local governments and ThaiHealth at 22.8 and 7.3%, respectively. Thailand's health financing system for promotion and prevention is strategic and innovative due to the three complementary mechanisms in operation. There are several methodological limitations to determine the adequate level of spending. The health financing reforms in Thailand could usefully inform policymakers on ways to increase spending on promotion and prevention. Further comparative policy research is needed to generate evidence to support efforts towards UHC. "
26766626,Switzerland: Health System Review.,De Pietro Carlo; Camenzind Paul; Sturny Isabelle; Crivelli Luca; Edwards-Garavoglia Suzanne; Spranger Anne; Wittenbecher Friedrich; Quentin Wilm,Health systems in transition,2015,Journal Article|Review,"This analysis of the Swiss health system reviews recent developments in organization and governance, health financing, health care provision, health reforms and health system performance. The Swiss health system is highly complex, combining aspects of managed competition and corporatism (the integration of interest groups in the policy process) in a decentralized regulatory framework shaped by the influences of direct democracy. The health system performs very well with regard to a broad range of indicators. Life expectancy in Switzerland (82.8 years) is the highest in Europe after Iceland, and healthy life expectancy is several years above the European Union (EU) average. Coverage is ensured through mandatory health insurance (MHI), with subsidies for people on low incomes. The system offers a high degree of choice and direct access to all levels of care with virtually no waiting times, though managed care type insurance plans that include gatekeeping restrictions are becoming increasingly important. Public satisfaction with the system is high and quality is generally viewed to be good or very good. Reforms since the year 2000 have improved the MHI system, changed the financing of hospitals, strengthened regulations in the area of pharmaceuticals and the control of epidemics, and harmonized regulation of human resources across the country. In addition, there has been a slow (and not always linear) process towards more centralization of national health policy-making. Nevertheless, a number of challenges remain. The costs of the health care system are well above the EU average, in particular in absolute terms but also as a percentage of gross domestic product (GDP) (11.5%). MHI premiums have increased more quickly than incomes since 2003. By European standards, the share of out-of-pocket payments is exceptionally high at 26% of total health expenditure (compared to the EU average of 16%). Low and middle-income households contribute a greater share of their income to the financing of the health system than higher-income households. Flawed financial incentives exist at different levels of the health system, potentially distorting the allocation of resources to different providers. Furthermore, the system remains highly fragmented as regards both organization and planning as well as health care provision. "
26766545,France: Health System Review.,Chevreul Karine; Berg Brigham Karen; Durand-Zaleski Isabelle; Hernandez-Quevedo Cristina,Health systems in transition,2015,Journal Article|Review,"This analysis of the French health system reviews recent developments in organization and governance, health financing, health care provision, health reforms and health system performance. The French population has a good level of health, with the second highest life expectancy in the world for women. It has a high level of choice of providers, and a high level of satisfaction with the health system. However, unhealthy habits such as smoking and harmful alcohol consumption remain significant causes of avoidable mortality. Combined with the significant burden of chronic diseases, this has underscored the need for prevention and integration of services, although these have not historically been strengths of the French system. Although the French health care system is a social insurance system, it has historically had a stronger role for the state than other Bismarckian social insurance systems. Public financing of health care expenditure is among the highest in Europe and out-of-pocket spending among the lowest. Public insurance is compulsory and covers the resident population; it is financed by employee and employer contributions as well as increasingly through taxation. Complementary insurance plays a significant role in ensuring equity in access. Provision is mixed; providers of outpatient care are largely private, and hospital beds are predominantly public or private non-profit-making. Despite health outcomes being among the best in the European Union, social and geographical health inequities remain. Inequality in the distribution of health care professionals is a considerable barrier to equity. The rising cost of health care and the increasing demand for long-term care are also of concern. Reforms are ongoing to address these issues, while striving for equity in financial access; a long-term care reform including public coverage of long-term care is still pending. "
26605512,State variation in HIV/AIDS health outcomes: the effect of spending on social services and public health.,Talbert-Slagle Kristina M; Canavan Maureen E; Rogan Erika M; Curry Leslie A; Bradley Elizabeth H,"AIDS (London, England)",2016,"Journal Article|Research Support, Non-U.S. Gov't","OBJECTIVE: Despite considerable advances in the prevention and treatment of HIV/AIDS, the burden of new infections of HIV and AIDS varies substantially across the country. Previous studies have demonstrated associations between increased healthcare spending and better HIV/AIDS outcomes; however, less is known about the association between spending on social services and public health spending and HIV/AIDS outcomes. We sought to examine the association between state-level spending on social services and public health and HIV/AIDS case rates and AIDS deaths across the United States. DESIGN: We conducted a retrospective, longitudinal study of the 50 U.S. states over 2000-2009 using a dataset of HIV/AIDS case rates and AIDS deaths per 100 000 people matched with a unique dataset of state-level spending on social services and public health per person in poverty. METHODS: We estimated multivariable regression models for each HIV/AIDS outcome as a function of the social service and public health spending 1 and 5 years earlier in the state, adjusted for the log of state GDP per capita, regional and time fixed effects, Medicaid spending as % of GDP, and socio-demographic, economic, and health resource factors. RESULTS: States with higher spending on social services and public health per person in poverty had significantly lower HIV and AIDS case rates and fewer AIDS deaths, both 1 and 5 years post expenditure (P ≤ 0.05). CONCLUSION: Our findings suggest that spending on social services and public health may provide a leverage point for state policymakers to reduce HIV/AIDS case rates and AIDS deaths in their state. "
26391115,Kangaroo mother care: a multi-country analysis of health system bottlenecks and potential solutions.,Vesel Linda; Bergh Anne-Marie; Kerber Kate J; Valsangkar Bina; Mazia Goldy; Moxon Sarah G; Blencowe Hannah; Darmstadt Gary L; de Graft Johnson Joseph; Dickson Kim E; Ruiz Peláez Juan; von Xylander Severin; Lawn Joy E; ,BMC pregnancy and childbirth,2015,Journal Article,"BACKGROUND: Preterm birth is now the leading cause of under-five child deaths worldwide with one million direct deaths plus approximately another million where preterm is a risk factor for neonatal deaths due to other causes. There is strong evidence that kangaroo mother care (KMC) reduces mortality among babies with birth weight <2000 g (mostly preterm). KMC involves continuous skin-to-skin contact, breastfeeding support, and promotion of early hospital discharge with follow-up. The World Health Organization has endorsed KMC for stabilised newborns in health facilities in both high-income and low-resource settings. The objectives of this paper are to: (1) use a 12-country analysis to explore health system bottlenecks affecting the scale-up of KMC; (2) propose solutions to the most significant bottlenecks; and (3) outline priority actions for scale-up. METHODS: The bottleneck analysis tool was applied in 12 countries in Africa and Asia as part of the Every Newborn Action Plan process. Country workshops involved technical experts to complete the survey tool, which is designed to synthesise and grade health system ""bottlenecks"", factors that hinder the scale-up, of maternal-newborn intervention packages. We used quantitative and qualitative methods to analyse the bottleneck data, combined with literature review, to present priority bottlenecks and actions relevant to different health system building blocks for KMC. RESULTS: Marked differences were found in the perceived severity of health system bottlenecks between Asian and African countries, with the former reporting more significant or very major bottlenecks for KMC with respect to all the health system building blocks. Community ownership and health financing bottlenecks were significant or very major bottlenecks for KMC in both low and high mortality contexts, particularly in South Asia. Significant bottlenecks were also reported for leadership and governance and health workforce building blocks. CONCLUSIONS: There are at least a dozen countries worldwide with national KMC programmes, and we identify three pathways to scale: (1) champion-led; (2) project-initiated; and (3) health systems designed. The combination of all three pathways may lead to more rapid scale-up. KMC has the potential to save lives, and change the face of facility-based newborn care, whilst empowering women to care for their preterm newborns. "
26390867,"Quality of governance, public spending on health and health status in Sub Saharan Africa: a panel data regression analysis.",Makuta Innocent; O'Hare Bernadette,BMC public health,2015,Journal Article,"BACKGROUND: The population in Sub Saharan Africa (SSA) suffers poor health as manifested in high mortality rates and low life expectancy. Economic growth has consistently been shown to be a major determinant of health outcomes. However, even with good economic growth rates, it is not possible to achieve desired improvements in health outcomes. Public spending on health (PSH) has long been viewed as a potential complement to economic growth in improving health. However, the relationship between PSH and health outcomes is inconclusive and this inconclusiveness may, in part, be explained by governance-related factors which mediate the impact of the former on the latter. Little empirical work has been done in this regard on SSA. This paper investigates whether or not the quality of governance (QoG) has a modifying effect on the impact of public health spending on health outcomes, measured by under-five mortality (U5M) and life expectancy at birth (LE), in SSA. METHODS: Using two staged least squares regression technique on panel data from 43 countries in SSA over the period 1996-2011, we estimated the effect of public spending on health and quality of governance U5M and LE, controlling for GDP per capita and other socio-economic factors. We also interacted PSH and QoG to find out if the latter has a modifying effect on the former's impact on U5M and LE. RESULTS: Public spending on health has a statistically significant impact in improving health outcomes. Its direct elasticity with respect to under-five mortality is between -0.09 and -0.11 while its semi-elasticity with respect to life expectancy is between 0.35 and 0.60. Allowing for indirect effect of PSH spending via interaction with quality of governance, we find that an improvement in QoG enhances the overall impact of PSH. In countries with higher quality of governance, the overall elasticity of PSH with respect to under-five mortality is between -0.17 and -0.19 while in countries with lower quality of governance, it is about -0.09. The corresponding semi elasticities with respect to life expectancy are about 6 in countries with higher QoG and about 3 in countries with lower QoG. DISCUSSION: Public spending on health improves health outcomes. Its impact is mediated by quality of governance, having the higher impact on health outcomes in countries with higher quality of governance and lower impact in countries with lower quality of governance. This may be due to increased efficiency in the use of available resources and better allocation of the same as QoG improves. CONCLUSION: Improving QoG would improve health outcomes in SSA. The same increase in PSH is twice as effective in reducing U5M and increasing LE in countries with good QoG when compared with countries with poor QoG. "
26106825,Czech Republic: health system review.,Alexa Jan; Recka Lukas; Votapkova Jana; van Ginneken Ewout; Spranger Anne; Wittenbecher Friedrich,Health systems in transition,2015,Evaluation Study|Journal Article,"This analysis of the Czech health system reviews recent developments in organization and governance, health financing, health-care provision, health reforms and health system performance. The Czech health-care system is based on compulsory statutory health insurance providing virtually universal coverage and a broad range of benefits, and doing so at 7.7 % of GDP in 2012 - well below the EU average - of which a comparatively high 85 % was publicly funded. Some important health indicators are better than the EU averages (such as mortality due to respiratory disease) or even among the best in the world (in terms of infant mortality, for example). On the other hand, mortality rates for diseases of the circulatory system and malignant neoplasms are well above the EU average, as are a range of health-care utilization rates, such as outpatient contacts and average length of stay in acute care hospitals. In short, there is substantial potential in the Czech Republic for efficiency gains and to improve health outcomes. Furthermore, the need for reform in order to financially sustain the system became evident again after the global financial crisis, but there is as yet no consensus about how to achieve this. "
28462255,Does More Public Health Spending Buy Better Health?,Marton James; Sung Jaesang; Honore Peggy,Health services research and managerial epidemiology,2015,Journal Article,"BACKGROUND: In this article, we attempt to address a persistent question in the health policy literature: Does more public health spending buy better health? This is a difficult question to answer due to unobserved differences in public health across regions as well as the potential for an endogenous relationship between public health spending and public health outcomes. METHODS: We take advantage of the unique way in which public health is funded in Georgia to avoid this endogeneity problem, using a twelve year panel dataset of Georgia county public health expenditures and outcomes in order to address the ""unobservables"" problem. RESULTS: We find that increases in public health spending lead to increases in mortality by several different causes, including early deaths and heart disease deaths. We also find that increases in such spending leads to increases in morbidity from heart disease. CONCLUSIONS: Our results suggest that more public health funding may not always lead to improvements in health outcomes at the county level. "
25752354,Policy commercializing nonprofits in health: the history of a paradox from the 19th century to the ACA.,Fox Daniel M,The Milbank quarterly,2015,Historical Article|Journal Article,"UNLABELLED: POLICY POINTS: Health policy in the United States has, for more than a century, simultaneously and paradoxically incentivized the growth as well as the commercialization of nonprofit organizations in the health sector. This policy paradox persists during the implementation of the Affordable Care Act of 2010. CONTEXT: For more than a century, policy in the United States has incentivized both expansion in the number and size of tax-exempt nonprofit organizations in the health sector and their commercialization. The implementation of the Affordable Care Act of 2010 (ACA) began yet another chapter in the history of this policy paradox. METHODS: This article explores the origin and persistence of the paradox using what many scholars call ""interpretive social science."" This methodology prioritizes history and contingency over formal theory and methods in order to present coherent and plausible narratives of events and explanations for them. These narratives are grounded in documents generated by participants in particular events, as well as conversations with them, observing them in action, and analysis of pertinent secondary sources. The methodology achieves validity and reliability by gathering information from multiple sources and making disciplined judgments about its coherence and correspondence with reality. FINDINGS: A paradox with deep historical roots persists as a result of consensus about its value for both population health and the revenue of individuals and organizations in the health sector. Participants in this consensus include leaders of governance who have disagreed about many other issues. The paradox persists because of assumptions about the burden of disease and how to address it, as well as about the effects of biomedical science that is translated into professional education, practice, and the organization of services for the prevention, diagnosis, treatment, and management of illness. CONCLUSIONS: The policy paradox that has incentivized the growth and commercialization of nonprofits in the health sector since the late 19th century remains influential in health policy, especially for the allocation of resources. However, aspects of the implementation of the ACA may constrain some of the effects of the paradox. "
25720021,Iceland: health system review.,Sigurgeirsdóttir Sigurbjörg; Waagfjörð Jónína; Maresso Anna,Health systems in transition,2014,Historical Article|Journal Article,"This analysis of the Icelandic health system reviews the developments in its organization and governance, health financing, health care provision, health reforms and health system performance. Life expectancy at birth is high and Icelandic men and women enjoy longer life in good health than the average European. However, Icelanders are putting on weight, more than half of adult Icelanders were overweight or obese in 2004, and total consumption of alcohol has increased considerably since 1970. The health care system is a small, state centred, publicly funded system with universal coverage, and an integrated purchaser provider relationship in which the state as payer is also the owner of most organizations providing health care services. The country's centre of clinical excellence is the University Hospital, Landspitali, in the capital Reykjavik, which alone accounts for 70 percent of the total national budget for general hospital services. However, since 1990, the health system has become increasingly characterized by a mixed economy of care and service provision, in which the number and scope of private non profit and private for profit providers has increased. While Iceland's health outcomes are some of the best among OECD countries, the health care system faces challenges involving the financial sustainability of the current system in the context of an ageing population, new public health challenges, such as obesity, and the continued impact of the country's financial collapse in 2008. The most important challenge is to change the pattern of health care utilization to steer it away from the most expensive end of the health services spectrum towards more cost efficient and effective alternatives. To a large degree, this will involve renewed attempts to prioritize primary care as the first port of call for patients, and possibly to introduce a gatekeeping function for GPs in order to moderate the use of specialist services. "
25598588,Broader health coverage is good for the nation's health: evidence from country level panel data.,Moreno-Serra Rodrigo; Smith Peter C,"Journal of the Royal Statistical Society. Series A, (Statistics in Society)",2015,"Journal Article|Research Support, Non-U.S. Gov't","Progress towards universal health coverage involves providing people with access to needed health services without entailing financial hardship and is often advocated on the grounds that it improves population health. The paper offers econometric evidence on the effects of health coverage on mortality outcomes at the national level. We use a large panel data set of countries, examined by using instrumental variable specifications that explicitly allow for potential reverse causality and unobserved country-specific characteristics. We employ various proxies for the coverage level in a health system. Our results indicate that expanded health coverage, particularly through higher levels of publicly funded health spending, results in lower child and adult mortality, with the beneficial effect on child mortality being larger in poorer countries. "
25303845,"Social protection and tuberculosis control in 21 European countries, 1995-2012: a cross-national statistical modelling analysis.",Reeves Aaron; Basu Sanjay; McKee Martin; Stuckler David; Sandgren Andreas; Semenza Jan,The Lancet. Infectious diseases,2014,"Journal Article|Research Support, Non-U.S. Gov't","BACKGROUND: WHO stresses the need to act on the social determinants of tuberculosis. We tested whether alternative social protection programmes have affected tuberculosis case notifications, prevalence, and mortality, and case detection and treatment success rates in 21 European countries from 1995 to 2012. METHODS: We obtained tuberculosis case notification data from the European Centre for Disease Prevention and Control's 2014 European Surveillance System database. We also obtained data for case detection, treatment success, prevalence, and mortality rates from WHO's 2014 tuberculosis database. We extracted data for 21 countries between Jan 1, 1995, and Dec 31, 2012. Social protection data were from EuroStat, 2014 edition. We used multivariate cross-national statistical models to quantify the association of differing types of social protection programmes with tuberculosis outcomes. All analyses were prespecified. FINDINGS: After we controlled for economic output, public health spending, and country fixed effects, each US$100 increase in social protection spending was associated with a decrease per 100,000 population in the number of tuberculosis case notifications of -1·53% (95% CI -0·28 to -2·79; p=0·0191), estimated incidence rates of -1·70% (-0·30 to -3·11; p=0·0201), non-HIV-related tuberculosis mortality rate of -2·74% (-0·66 to -4·82; p=0·0125), and all-cause tuberculosis mortality rate of -3·08% (-0·73 to -5·43; p=0·0127). We noted no relation between increased social spending and tuberculosis prevalence (-1·50% [-3·10 to 0·10] per increase of $100; p=0·0639) or smear-positive treatment success rates (-0·079% [-0·18 to 0·34] per increase of $100; p=0·5235) or case detection (-0·59% [-1·31 to 0·14] per increase of $100; p=0·1066). Old age pension expenditure seemed to have the strongest association with reductions in tuberculosis case notification rates for those aged 65 years or older (-3·87% [-0·95 to -6·78]; p=0·0137). INTERPRETATION: Investment in social protection programmes are likely to provide an effective complement to tuberculosis prevention and treatment programmes, especially for vulnerable groups. FUNDING: European Centre for Disease Prevention and Control. "
25207449,The role of health systems and policy in producing behavior and social change to enhance child survival and development in low- and middle-income countries: an examination of the evidence.,Vélez Luis F; Sanitato Mary; Barry Donna; Alilio Martin; Apfel Franklin; Coe Gloria; Garcia Amparo; Kaufman Michelle; Klein Jonathan; Kutlesic Vesna; Meadowcroft Lisa; Nilsen Wendy; O'Sullivan Gael; Peterson Stefan; Raiten Daniel; Vorkoper Susan,Journal of health communication,2014,"Journal Article|Research Support, Non-U.S. Gov't|Review","Evidence-based behavior change interventions addressing health systems must be identified and disseminated to improve child health outcomes. Studies of the efficacy of such interventions were identified from systematic searches of the published literature. Two hundred twenty-nine of the initially identified references were judged to be relevant and were further reviewed for the quality and strength of the evidence. Studies were eligible if an intervention addressed policy or health systems interventions, measured relevant behavioral or health outcomes (e.g., nutrition, childhood immunization, malaria prevention and treatment), used at least a moderate quality research design, and were implemented in low- or middle-income countries. Policy or systems interventions able to produce behavior change reviewed included media (e.g., mass media, social media), community mobilization, educational programs (for caregivers, communities, or providers), social marketing, opinion leadership, economic incentives (for both caregiver and provider), health systems strengthening/policy/legislation, and others. Recommendations for policy, practice, and research are given based on fairly strong data across the areas of health service delivery, health workforce, health financing, governance and leadership, and research. "
25024038,Socialized medicine and mortality.,Peltzman Sam,International journal of health care finance and economics,2014,Journal Article,"Over the last century life expectancy has increased substantially and so has the share of health care expenditures financed by governments. In cross-country comparisons, the US, which has the lowest government health expenditure share, often has the poorest health outcomes. Is there a plausible connection between health outcomes and government financing of health care? This paper addresses this question with panel data from 20 developed countries from 1950 to 2010. I review the history of government involvement in health care financing over this period. Then I use panel regression methods to examine whether a variety of mortality based outcome measures are correlated with the extent of government involvement. The answers are robustly negative. "
24334772,Austria: health system review.,Hofmarcher Maria M; Quentin Wilm,Health systems in transition,2013,Journal Article|Review,"This analysis of the Austrian health system reviews recent developments in organization and governance, health financing, health-care provision, health reforms and health-system performance. The Austrian health system provides universal coverage for a wide range of benefits and high-quality care. Free choice of providers and unrestricted access to all care levels (general practitioners, specialist physicians and hospitals) are characteristic features of the system. Unsurprisingly, population satisfaction is well above EU average. Income-related inequality in health has increased since 2005, although it is still relatively low compared to other countries. The health-care system has been shaped by both the federal structure of the state and a tradition of delegating responsibilities to self-governing stakeholders. On the one hand, this enables decentralized planning and governance, adjusted to local norms and preferences. On the other hand, it also leads to fragmentation of responsibilities and frequently results in inadequate coordination. For this reason, efforts have been made for several years to achieve more joint planning, governance and financing of the health-care system at the federal and regional level. As in any health system, a number of challenges remain. The costs of the health-care system are well above the EU15 average, both in absolute terms and as a percentage of GDP. There are important structural imbalances in healthcare provision, with an oversized hospital sector and insufficient resources available for ambulatory care and preventive medicine. This is coupled with stark regional differences in utilization, both in curative services (hospital beds and specialist physicians) and preventative services such as preventive health check-ups, outpatient rehabilitation, psychosocial and psychotherapeutic care and nursing. There are clear social inequalities in the use of medical services, such as preventive health check-ups, immunization or dentistry. One of the key weaknesses of the health-care system is in the prevention of illness. Spending on preventive medicine, at 2% of total health spending, is significantly lower than the EU15 and OECD average (both 3%), and also shows a below-average rate of growth. It remains to be seen whether the focus on health promotion and prevention of the 'framework health goals' approved in 2012 will be translated into concrete measures, whether clear responsibilities for implementation can be assigned, and whether sufficient funding will be made available. This would be likely to improve the health of the Austrian population and would help to reduce costs associated with preventable diseases. "
24334730,Estonia: health system review.,Lai Taavi; Habicht Triin; Kahur Kristiina; Reinap Marge; Kiivet Raul; van Ginneken Ewout,Health systems in transition,2013,Journal Article|Review,"This analysis of the Estonian health system reviews recent developments in organization and governance, health financing, health-care provision, health reforms and health system performance. Without doubt, the main issue has been the 2008 financial crisis. Although Estonia has managed the downturn quite successfully and overall satisfaction with the system remains high, it is hard to predict the longer-term effects of the austerity package. The latter included some cuts in benefits and prices, increased cost sharing for certain services, extended waiting times, and a reduction in specialized care. In terms of health outcomes, important progress was made in life expectancy, which is nearing the European Union (EU) average, and infant mortality. Improvements are necessary in smoking and alcohol consumption, which are linked to the majority of avoidable diseases. Although the health behaviour of the population is improving, large disparities between groups exist and obesity rates, particularly among young people, are increasing. In health care, the burden of out-of-pocket payments is still distributed towards vulnerable groups. Furthermore, the number of hospitals, hospital beds and average length of stay has decreased to the EU average level, yet bed occupancy rates are still below EU averages and efficiency advances could be made. Going forwards, a number of pre-crisis challenges remain. These include ensuring sustainability of health care financing, guaranteeing a sufficient level of human resources, prioritizing patient-centred health care, integrating health and social care services, implementing intersectoral action to promote healthy behaviour, safeguarding access to health care for lower socioeconomic groups, and, lastly, improving evaluation and monitoring tools across the health system. "
24334702,Belarus: health system review.,Richardson Erica; Malakhova Irina; Novik Irina; Famenka Andrei,Health systems in transition,2013,Journal Article|Review,"This analysis of the Belarusian health system reviews the developments in organization and governance, health financing, healthcare provision, health reforms and health system performance since 2008. Despite considerable change since independence, Belarus retains a commitment to the principle of universal access to health care, provided free at the point of use through predominantly state-owned facilities, organized hierarchically on a territorial basis. Incremental change, rather than radical reform, has also been the hallmark of health-care policy, although capitation funding has been introduced in some areas and there have been consistent efforts to strengthen the role of primary care. Issues of high costs in the hospital sector and of weaknesses in public health demonstrate the necessity of moving forward with the reform programme. The focus for future reform is on strengthening preventive services and improving the quality and efficiency of specialist services. The key challenges in achieving this involve reducing excess hospital capacity, strengthening health-care management, use of evidence-based treatment and diagnostic procedures, and the development of more efficient financing mechanisms. Involving all stakeholders in the development of further reform planning and achieving consensus among them will be key to its success. "
24334656,Armenia: health system review.,Richardson Erica,Health systems in transition,2013,Journal Article|Review,"This analysis of the Armenian health system reviews the developments in organization and governance, health financing, healthcare provision, health reforms and health system performance since 2006. Armenia inherited a Semashko style health system on independence from the Soviet Union in 1991. Initial severe economic and sociopolitical difficulties during the 1990s affected the population health, though strong economic growth from 2000 benefited the populations health. Nevertheless, the Armenian health system remains unduly tilted towards inpatient care concentrated in the capital city despite overall reductions in hospital beds and concerted efforts to reform primary care provision. Changes in health system financing since independence have been more profound, as out-of-pocket (OOP) payments now account for over half of total health expenditure. This reduces access to essential services for the poorest households - particularly for inpatient care and pharmaceuticals - and many households face catastrophic health expenditure. Improving health system performance and financial equity are therefore the key challenges for health system reform. The scaling up of some successful recent programmes for maternal and child health may offer solutions, but require sustained financial resources that will be challenging in the context of financial austerity and the low base of public financing. "
23902994,Lithuania: health system review.,Murauskiene Liubove; Janoniene Raimonda; Veniute Marija; van Ginneken Ewout; Karanikolos Marina,Health systems in transition,2013,"Journal Article|Research Support, Non-U.S. Gov't|Review","This analysis of the Lithuanian health system reviews the developments in organization and governance, health financing, health-care provision, health reforms and health system performance since 2000.The Lithuanian health system is a mixed system, predominantly funded from the National Health Insurance Fund through a compulsory health insurance scheme, supplemented by substantial state contributions on behalf of the economically inactive population amounting to about half of its budget. Public financing of the health sector has gradually increased since 2004 to 5.2 per cent of GDP in 2010.Although the Lithuanian health system was tested by the recent economic crisis, Lithuanias counter-cyclical state health insurance contribution policies (ensuring coverage for the economically inactive population) helped the health system to weather the crisis, and Lithuania successfully used the crisis as a lever to reduce the prices of medicines.Yet the future impact of cuts in public health spending is a cause for concern. In addition, out-of-pocket payments remain high (in particular for pharmaceuticals) and could threaten health access for vulnerable groups.A number of challenges remain. The primary care system needs strengthening so that more patients are treated instead of being referred to a specialist, which will also require a change in attitude by patients. Transparency and accountability need to be increased in resource allocation, including financing of capital investment and in the payer provider relationship. Finally, population health,albeit improving, remains a concern, and major progress can be achieved by reducing the burden of amenable and preventable mortality. "
23255848,The incidence of thyroid cancer is affected by the characteristics of a healthcare system.,Lee Tae-Jin; Kim Sun; Cho Hong-Jun; Lee Jae-Ho,Journal of Korean medical science,2012,Journal Article,"The aim of this study was to investigate the associations between the incidence of thyroid cancer and the characteristics of healthcare systems in OECD countries and to demonstrate that the increasing incidence of thyroid cancer is mainly due to overdiagnosis. We used a random effects panel model to regress the incidence of thyroid cancer on the characteristics of healthcare systems (i.e., share of public expenditure on health, mode of health financing, existence of referral system to secondary care, mode of payment to primary care physicians), controlling for macro context variables (i.e., GDP per capita, educational level) on a country level. Data were derived from 34 OECD countries for 2002 and 2008. The share of public expenditure on health was negatively associated with the incidence of thyroid cancer. However, it had no statistically significant effect on the mortality of thyroid cancer and on the incidence of stomach and lung cancer. In the case of colorectal cancer, it had a positive effect on the incidence rate. The upward trend of the incidence of thyroid cancer is closely related to the healthcare system that permits overdiagnosis. Increases in the proportion of public financing may help reduce the overdiagnosis of thyroid cancer. "
23221008,Engaging sub-national governments in addressing health equities: challenges and opportunities in China's health system reform.,Brixi Hana; Mu Yan; Targa Beatrice; Hipgrave David,Health policy and planning,2013,"Journal Article|Research Support, Non-U.S. Gov't","China's current health system reform (HSR) is striving to resolve deep inequities in health outcomes. Achieving this goal is difficult not only because of continuously increasing income disparities in China but also because of weaknesses in healthcare financing and delivery at the local level. We explore to what extent sub-national governments, which are largely responsible for health financing in China, are addressing health inequities. We describe the recent trend in health inequalities in China, and analyse government expenditure on health in the context of China's decentralization and intergovernmental model to assess whether national, provincial and sub-provincial public resource allocations and local government accountability relationships are aligned with this goal. Our analysis reveals that government expenditure on health at sub-national levels, which accounts for ∼90% of total government expenditure on health, is increasingly regressive across provinces, and across prefectures within provinces. Increasing inequity in public expenditure at sub-national levels indicates that resources and responsibilities at sub-national levels in China are not well aligned with national priorities. China's HSR would benefit from complementary measures to improve the governance and financing of public service delivery. We discuss the existing weaknesses in local governance and suggest possible approaches to better align the responsibilities and capacity of sub-national governments with national policies, standards, laws and regulations, therefore ensuring local-level implementation and enforcement. Drawing on China's institutional framework and ongoing reform pilots, we present possible approaches to: (1) consolidate key health financing responsibilities at the provincial level and strengthen the accountability of provincial governments, (2) define targets for expenditure on primary health care, outputs and outcomes for each province and (3) use independent sources to monitor and evaluate policy implementation and service delivery and to strengthen sub-national government performance management. "
20727211,Framing health and foreign policy: lessons for global health diplomacy.,Labonté Ronald; Gagnon Michelle L,Globalization and health,2010,Journal Article,"Global health financing has increased dramatically in recent years, indicative of a rise in health as a foreign policy issue. Several governments have issued specific foreign policy statements on global health and a new term, global health diplomacy, has been coined to describe the processes by which state and non-state actors engage to position health issues more prominently in foreign policy decision-making. Their ability to do so is important to advancing international cooperation in health. In this paper we review the arguments for health in foreign policy that inform global health diplomacy. These are organized into six policy frames: security, development, global public goods, trade, human rights and ethical/moral reasoning. Each of these frames has implications for how global health as a foreign policy issue is conceptualized. Differing arguments within and between these policy frames, while overlapping, can also be contradictory. This raises an important question about which arguments prevail in actual state decision-making. This question is addressed through an analysis of policy or policy-related documents and academic literature pertinent to each policy framing with some assessment of policy practice. The reference point for this analysis is the explicit goal of improving global health equity. This goal has increasing national traction within national public health discourse and decision-making and, through the Millennium Development Goals and other multilateral reports and declarations, is entering global health policy discussion. Initial findings support conventional international relations theory that most states, even when committed to health as a foreign policy goal, still make decisions primarily on the basis of the 'high politics' of national security and economic material interests. Development, human rights and ethical/moral arguments for global health assistance, the traditional 'low politics' of foreign policy, are present in discourse but do not appear to dominate practice. While political momentum for health as a foreign policy goal persists, the framing of this goal remains a contested issue. The analysis offered in this article may prove helpful to those engaged in global health diplomacy or in efforts to have global governance across a range of sectoral interests pay more attention to health equity impacts. "
18062603,Progress towards health reform in Tajikistan.,Mirzoev Tolib N; Green Andrew T; Newell James N,Journal of health organization and management,2007,Journal Article,"PURPOSE: The purpose of this paper is to provide an up-to-date overview of Tajikistan's health system, focusing on the main factors affecting health systems development. The wider contextual environment is to be explored, focusing on political, social and economic issues. Different elements of the health system including health policy, governance, service delivery, human resources and health financing are reviewed in the light of their development over the past decade. DESIGN/METHODOLOGY/APPROACH: The paper shows that the Republic of Tajikistan is in transition. Formerly one of the most neglected republics within the USSR, the country became independent in 1990 and faced the civil conflict shortly thereafter. In the last few years there have been major public sector reforms with health reforms formally launched in the late 1990s. Little information about current Tajikistan is widely available. FINDINGS: The paper finds that the progress of health reforms in Tajikistan has been relatively slow compared with neighbouring Kazakhstan and Kyrgyzstan. This is largely due to the effects of civil war in the mid-1990s and significant out-migration of qualified experts, but it can also be attributed to an inability of central government to adequately adapt to the requirements of transition. ORIGINALITY/VALUE: The paper shows that many problems are still to be overcome by the health system, ranging from operational issues related to service delivery to strategic issues such as formulating an explicit privatisation policy, reducing fragmentation of, and aligning, external aid. However, some recent developments, such as adoption of a country health reform conception, a health financing strategy, and willingness of central government to improve coordination, suggest that improvements are possible. "
16076396,"Health system outcomes and determinants amenable to public health in industrialized countries: a pooled, cross-sectional time series analysis.",Arah Onyebuchi A; Westert Gert P; Delnoij Diana M; Klazinga Niek S,BMC public health,2005,Comparative Study|Journal Article,"BACKGROUND: Few studies have tried to assess the combined cross-sectional and temporal contributions of a more comprehensive set of amenable factors to population health outcomes for wealthy countries during the last 30 years of the 20th century. We assessed the overall ecological associations between mortality and factors amenable to public health. These amenable factors included addictive and nutritional lifestyle, air quality, public health spending, healthcare coverage, and immunizations. METHODS: We used a pooled cross-sectional, time series analysis with corrected fixed effects regression models in an ecological design involving eighteen member countries of the Organisation for Economic Cooperation and Development during the period 1970 to 1999. RESULTS: Alcohol, tobacco, and fat consumption, and sometimes, air pollution were significantly associated with higher all-cause mortality and premature death. Immunizations, health care coverage, fruit/vegetable and protein consumption, and collective health expenditure had negative effects on mortality and premature death, even after controlling for the elderly, density of practicing physicians, doctor visits and per capita GDP. However, tobacco, air pollution, and fruit/vegetable intake were sometimes sensitive to adjustments. CONCLUSION: Mortality and premature deaths could be improved by focusing on factors that are amenable to public health policies. Tackling these issues should be reflected in the ongoing assessments of health system performance. "
12109504,Welfare state and infant mortality.,Conley D; Springer K W,AJS; American journal of sociology,2001,Historical Article|Journal Article,"This article seeks to understand the effects of welfare-state spending on infant mortality rates. Infant mortality was chosen for its importance as a social indicator and its putative sensitivity to state action over a short time span. Country fixed-effects models are used to determine that public health spending does have a significant impact in lowering infant mortality rates, net of other factors, such as economic development, and that this effect is cumulative over a five-year time span. A net effect of health spending is also found, even when controlling for the level of spending in the year after which the outcome is measured (to account for spurious effects or reverse causation). State spending effects infant mortality both through social mechanisms and through medical ones. This article also shows that the impact of state spending may vary by the institutional structure of the welfare state. Finally, this study tests for structural breaks in the relationship between health spending and infant mortality and finds none over this time period. "
