pmid,title,decision,source,reason
11467213,Changes in public health in South Africa from 1876.,exclude,v2_search,non-quantitative design
11575245,"[Allocation of health care resources in the state of Santa Catarina, Brazil: a contribution to a discussion on health financing].",exclude,v2_search,sub-national units
12109504,Welfare state and infant mortality.,include,v2_search,
12167730,Viability of the health protection account in Hong Kong.,exclude,v2_search,non-quantitative design
12917266,Lumping and splitting: the health policy agenda in India.,exclude,v2_search,non-quantitative design
12941495,Determinants of child mortality in LDCs: empirical findings from demographic and health surveys.,exclude,v2_search,non-quantitative design
15571898,Reform strategies in Georgia and their impact on health care provision in rural areas: evidence from a household survey.,exclude,v2_search,non-quantitative design
16076396,"Health system outcomes and determinants amenable to public health in industrialized countries: a pooled, cross-sectional time series analysis.",include,v2_search,
16688643,[Cost-effectiveness of photodynamic therapy in age-related macular degeneration].,exclude,v2_search,non-quantitative design
17098091,Benchmarking of performance of Mexican states with effective coverage.,exclude,v2_search,non-quantitative design
17469399,[Benchmarking of performance of Mexican states with effective coverage].,exclude,v2_search,non-quantitative design
17530551,"Socioeconomic determinants of infant mortality: a worldwide study of 152 low-, middle-, and high-income countries.",include,v2_search,
17546312,A financial road map to scaling up essential child health interventions in 75 countries.,exclude,v2_search,non-quantitative design
17681975,Health care financing and utilization of maternal health services in developing countries.,exclude,v2_search,non-quantitative design
18406862,Child survival gains in Tanzania: analysis of data from demographic and health surveys.,exclude,v2_search,non-quantitative design
18408554,Aligning public health spending and priorities in Oklahoma.,exclude,v2_search,non-quantitative design
18607031,Financing health improvements in India.,exclude,v2_search,non-quantitative design
19048587,[Non-immunological therapy in nephropathies leading to chronic renal failure and in post-transplant chronic renal dysfunction].,exclude,v2_search,non-quantitative design
19066181,Health care financing and health outcomes in Pacific Island countries.,include,v2_search,
19229779,Public health expenditure as a determinant of health status in Lesotho.,include,v2_search,
19407532,Obstetric ultrasonography in low-income countries.,exclude,v2_search,non-quantitative design
19501425,Health system strengthening in Cambodia-a case study of health policy response to social transition.,exclude,v2_search,non-quantitative design
19886877,Socioeconomic instability and the availability of health resources: their effects on infant mortality rates in Macau from 1957-2006.,exclude,v2_search,non-quantitative design
19937613,Effects of state-level public spending on health on the mortality probability in India.,exclude,v2_search,sub-national units
20027275,Providing free maternal health care: ten lessons from an evaluation of the national delivery exemption policy in Ghana.,exclude,v2_search,non-quantitative design
20107701,"The impact of changing health indicators on infant mortality rates in Brazil, 2000 and 2005.",exclude,v2_search,non-quantitative design
20443521,Forty six years of health financing in Fiji (1962 - 2008).,include,v2_search,
20724284,Equity and the child health Millennium Development Goal: the role of pro-poor health policies.,exclude,v2_search,non-quantitative design
20878458,Factors underlying diagnostic delay in tuberculosis patients in a rural area in Tanzania: a qualitative approach.,exclude,v2_search,non-quantitative design
20961944,"The other crisis: the economics and financing of maternal, newborn and child health in Asia.",exclude,v2_search,non-quantitative design
21373369,"WOMEN'S SUFFRAGE, POLITICAL RESPONSIVENESS, AND CHILD SURVIVAL IN AMERICAN HISTORY.",exclude,v2_search,non-quantitative design
21429862,Ukraine: Health system review.,exclude,v2_search,non-quantitative design
21540135,Slovakia health system review.,exclude,v2_search,non-quantitative design
21737401,The role of political and welfare state characteristics in infant mortality: a comparative study in wealthy countries since the late 19th century.,include,v2_search,
21778174,Evidence links increases in public health spending to declines in preventable deaths.,include,v2_search,
21992224,Impact of health system challenges on prostate cancer control: health care experiences in Nigeria.,exclude,v2_search,individual- or facility-level design
22195679,Resource flows for health care: Namibia reproductive health sub-accounts.,exclude,v2_search,non-quantitative design
22222781,Portugal. Health system review.,exclude,v2_search,non-quantitative design
22407513,"Terminal costs, improved life expectancy and future public health expenditure.",exclude,v2_search,non-quantitative design
22894828,Bulgaria health system review.,exclude,v2_search,non-quantitative design
22894852,Kazakhkstan health system review.,exclude,v2_search,non-quantitative design
23130457,The impact and disease burden of thalassemia in Thailand: a population-based study in 2010.,exclude,v2_search,non-quantitative design
23130458,Disease burden of immune thrombocytopenic purpura among adult patients: the analysis of Thailand healthcare databases 2010.,exclude,v2_search,non-quantitative design
23255848,The incidence of thyroid cancer is affected by the characteristics of a healthcare system.,exclude,v2_search,individual- or facility-level design
23409166,Social sector expenditure and child mortality in India: a state-level analysis from 1997 to 2009.,exclude,v2_search,sub-national units
23575590,Defining sustainable practice in community-based health promotion: a Delphi study of practitioner perspectives.,exclude,v2_search,non-quantitative design
23629543,The Problem With Estimating Public Health Spending.,exclude,v2_search,non-quantitative design
23681459,Decentralization and equity: public health expenditure in the municipalities of the Province of Buenos Aires.,exclude,v2_search,sub-national units
23837577,"A decade of improvements in equity of access to reproductive and maternal health services in Cambodia, 2000-2010.",exclude,v2_search,non-quantitative design
23902994,Lithuania: health system review.,exclude,v2_search,non-quantitative design
23959358,Reducing maternal mortality in Nigeria: the need for urgent changes in financing for maternal health in the Nigerian health system.,exclude,v2_search,non-quantitative design
23968601,Reforms in Pakistan: decisive times for improving maternal and child health.,exclude,v2_search,non-quantitative design
23986120,Health protection in times of economic crisis: challenges and opportunities for Europe.,exclude,v2_search,non-quantitative design
24212105,Global determinants of mortality in under 5s: 10 year worldwide longitudinal study.,include,v2_search,
24228347,Financing health care in the United Arab Emirates.,exclude,v2_search,non-quantitative design
24237922,"Tax levy financing for local public health: fiscal allocation, effort, and capacity.",exclude,v2_search,non-quantitative design
24315070,"Reproductive health financing in Kenya: an analysis of national commitments, donor assistance, and the resources tracking process.",exclude,v2_search,non-quantitative design
24334656,Armenia: health system review.,exclude,v2_search,non-quantitative design
24334730,Estonia: health system review.,exclude,v2_search,non-quantitative design
24371219,Cost-effectiveness analysis of a voucher scheme combined with obstetrical quality improvements: quasi experimental results from Uganda.,exclude,v2_search,non-quantitative design
24434287,Norway: health system review.,exclude,v2_search,non-quantitative design
24667532,Demographic and clinical predictors of mortality from highly pathogenic avian influenza A (H5N1) virus infection: CART analysis of international cases.,exclude,v2_search,non-quantitative design
24816953,"Health system costs by sex, age and proximity to death, and implications for estimation of future expenditure.",exclude,v2_search,non-quantitative design
24863988,"[Cuts, austerity and health. SESPAS report 2014].",exclude,v2_search,non-quantitative design
24870001,[Inequality in primary care interventions in maternal and child health care in Mexico].,exclude,v2_search,non-quantitative design
24986366,The influence of (public) health expenditure on longevity.,include,v2_search,
25024038,Socialized medicine and mortality.,include,v2_search,
25078783,Assessment of the association of health with the liberalisation of trade in services under the World Trade Organisation.,exclude,v2_search,non-quantitative design
25084684,Public health spending and population health: a systematic review.,include,v2_search,
25103520,"Effects of health-system strengthening on under-5, infant, and neonatal mortality: 11-year provincial-level time-series analyses in Mozambique.",exclude,v2_search,sub-national units
25164547,Trends in Australian government health expenditure by age: a fiscal incidence analysis.,exclude,v2_search,non-quantitative design
25303845,"Social protection and tuberculosis control in 21 European countries, 1995-2012: a cross-national statistical modelling analysis.",exclude,v2_search,non-quantitative design
25332111,"Factors affecting the survival probability of becoming a centenarian for those aged 70, based on the human mortality database: income, health expenditure, telephone, and sanitation.",exclude,v2_search,non-quantitative design
25588453,"Unemployment, government healthcare spending, and cerebrovascular mortality, worldwide 1981-2009: an ecological study.",include,v2_search,
25598588,Broader health coverage is good for the nation's health: evidence from country level panel data.,include,v2_search,
25603320,Are natural resources bad for health?,exclude,v2_search,non-quantitative design
25720021,Iceland: health system review.,exclude,v2_search,non-quantitative design
25752354,Policy commercializing nonprofits in health: the history of a paradox from the 19th century to the ACA.,exclude,v2_search,non-quantitative design
25783004,Hospital Community Benefit in the Context of the Larger Public Health System: A State-Level Analysis of Hospital and Governmental Public Health Spending Across the United States.,exclude,v2_search,non-quantitative design
25839740,Disparities in treatment rates of paediatric end-stage renal disease across Europe: insights from the ESPN/ERA-EDTA registry.,exclude,v2_search,non-quantitative design
25853000,Socio-economic determinants of life expectancy in Nigeria (1980 - 2011).,include,v2_search,
26015428,"Factors Influencing Delayed Health Care Seeking Among Pulmonary Tuberculosis Suspects in Rural Communities in Ntcheu District, Malawi.",exclude,v2_search,sub-national units
26087986,"Tanzania's countdown to 2015: an analysis of two decades of progress and gaps for reproductive, maternal, newborn, and child health, to inform priorities for post-2015.",exclude,v2_search,non-quantitative design
26106825,Czech Republic: health system review.,exclude,v2_search,non-quantitative design
26224021,Impact of Performance-Based Financing in a Low-Resource Setting: A Decade of Experience in Cambodia.,include,v2_search,
26230561,[The Chilean Health Care System: the task ahead].,exclude,v2_search,non-quantitative design
26240458,"Tuberculosis control and economic recession: longitudinal study of data from 21 European countries, 1991-2012.",exclude,v2_search,no country-level financing-health analysis
26249104,Implementation of the Every Newborn Action Plan: Progress and lessons learned.,exclude,v2_search,non-quantitative design
26313107,Estimation of the economic burden of injury in north India: a prospective cohort study.,exclude,v2_search,individual- or facility-level design
26390867,"Quality of governance, public spending on health and health status in Sub Saharan Africa: a panel data regression analysis.",include,v2_search,
26391115,Kangaroo mother care: a multi-country analysis of health system bottlenecks and potential solutions.,exclude,v2_search,non-quantitative design
26557885,Costs of breast cancer care in Mexico: analysis of two insurance coverage scenarios.,exclude,v2_search,individual- or facility-level design
26766545,France: Health System Review.,exclude,v2_search,non-quantitative design
26766626,Switzerland: Health System Review.,exclude,v2_search,non-quantitative design
26770795,Quality use of medicine in a developing economy: Measures to overcome challenges in the Malaysian healthcare system.,exclude,v2_search,non-quantitative design
26807044,Exploring the influence of context and policy on health district productivity in Cambodia.,exclude,v2_search,sub-national units
26825416,"Predictors of maternal health services utilization by poor, rural women: a comparative study in Indian States of Gujarat and Tamil Nadu.",exclude,v2_search,sub-national units
26905710,Analysis of Health Sector Budget of Nepal.,exclude,v2_search,non-quantitative design
26952194,Effect of Governance Indicators on Under-Five Mortality in OECD Nations: Generalized Method of Moments.,include,v2_search,
26989011,Analysis of health promotion and prevention financing mechanisms in Thailand.,exclude,v2_search,non-quantitative design
27049966,United Kingdom: Health System Review.,exclude,v2_search,non-quantitative design
27103840,Pharmacogenetics in type 2 diabetes: influence on response to oral hypoglycemic agents.,exclude,v2_search,non-quantitative design
27140980,"Variation In Health Outcomes: The Role Of Spending On Social Services, Public Health, And Health Care, 2000-09.",include,v2_search,
27461007,"Economic Crisis, Austerity Policies, Health and Fairness: Lessons Learned in Spain.",exclude,v2_search,non-quantitative design
27467715,Netherlands: Health System Review.,exclude,v2_search,non-quantitative design
27467813,Slovenia: Health System Review.,exclude,v2_search,non-quantitative design
27487605,MATERNAL MORTALITY AUDIT IN A TERTIARY HEALTH INSTITUTION IN NIGERIA: LESSONS FROM DIRECT CAUSES AND ITS DRIVERS.,exclude,v2_search,non-quantitative design
27489749,Implementing an Innovative Prehospital Care Provider Training Course in Nine Cambodian Provinces.,exclude,v2_search,non-quantitative design
27541279,India's Proposed Universal Health Coverage Policy: Evidence for Age Structure Transition Effect and Fiscal Sustainability.,exclude,v2_search,non-quantitative design
27603897,Romania: Health System Review.,exclude,v2_search,non-quantitative design
27831620,"[Health sector reform in Peru: Law, governance, universal coverage, and responses to health risks].",exclude,v2_search,non-quantitative design
27886527,Universal health coverage at the macro level: Synthetic control evidence from Thailand.,include,v2_search,
27907034,Budget Impact of Long-Acting Insulin Analogues: The Case in Brazil.,exclude,v2_search,non-quantitative design
27935801,Maternal and neonatal health impact of obstetrical risk insurance scheme in Mauritania: a quasi experimental before-and-after study.,exclude,v2_search,non-quantitative design
28139461,Slovakia: Health System Review.,exclude,v2_search,non-quantitative design
28275252,National legislation and spending on vaccines in Latin America and the Caribbean.,exclude,v2_search,non-quantitative design
28282397,Evaluation of the performance of national health systems in 2004-2011: An analysis of 173 countries.,include,v2_search,
28325241,Radiation Oncology in the Developing Economies of Central and Eastern Europe.,exclude,v2_search,non-quantitative design
28327143,"The imperative for systems thinking to promote access to medicines, efficient delivery, and cost-effectiveness when implementing health financing reforms: a qualitative study.",exclude,v2_search,non-quantitative design
28336050,Mortality risk disparities in children receiving chronic renal replacement therapy for the treatment of end-stage renal disease across Europe: an ESPN-ERA/EDTA registry analysis.,exclude,v2_search,non-quantitative design
28341117,Progress and challenges in maternal health in western China: a Countdown to 2015 national case study.,exclude,v2_search,non-quantitative design
28402469,Health system functionality in a low-income country in the midst of conflict: the case of Yemen.,exclude,v2_search,non-quantitative design
28462255,Does More Public Health Spending Buy Better Health?,include,v2_search,
28485714,Portugal: Health System Review.,exclude,v2_search,non-quantitative design
28485716,The former Yugoslav Republic of Macedonia: Health System Review.,exclude,v2_search,non-quantitative design
28669355,HEALTH TECHNOLOGY DISINVESTMENT WORLDWIDE: OVERVIEW OF PROGRAMS AND POSSIBLE DETERMINANTS.,exclude,v2_search,non-quantitative design
28688726,"Associations Between County Wealth, Health and Social Services Spending, and Health Outcomes.",exclude,v2_search,sub-national units
28702174,Costs of implementing integrated community case management (iCCM) in six African countries: implications for sustainability.,exclude,v2_search,non-quantitative design
28789646,Stakeholders' views on the strengths and weaknesses of maternal care financing and its reform in Georgia.,exclude,v2_search,non-quantitative design
28864710,Principles of Child Health Care Financing.,exclude,v2_search,non-quantitative design
28945758,Melanoma screening: Informing public health policy with quantitative modelling.,exclude,v2_search,non-quantitative design
28981760,Community-Based Interventions for Newborns in Ethiopia (COMBINE): Cost-effectiveness analysis.,exclude,v2_search,non-quantitative design
29055188,Healthcare investment and income inequality.,exclude,v2_search,non-quantitative design
29088357,Health financing at district level in Malawi: an analysis of the distribution of funds at two points in time.,exclude,v2_search,sub-national units
29092033,The welfare implications of public healthcare financing: a macro-micro simulation analysis of Uganda.,include,v2_search,
29128200,Exploring sociodemographic and economic factors that promote adverse drug reactions reporting by patients.,exclude,v2_search,non-quantitative design
29164947,Trading Equality for Health? Evaluating the Trade-off and Institutional Hypotheses on Health Inequalities in the Global South.,exclude,v2_search,non-quantitative design
29239587,"Redefining ""Medical Care."".",exclude,v2_search,non-quantitative design
29273843,Estimating the Reference Incremental Cost-Effectiveness Ratio for the Australian Health System.,exclude,v2_search,non-quantitative design
29297341,Measuring health systems strength and its impact: experiences from the African Health Initiative.,exclude,v2_search,non-quantitative design
29343991,"Trends and inequities in use of maternal health care services in Indonesia, 1986-2012.",exclude,v2_search,non-quantitative design
29349249,The differential effects of rural health care access on race-specific mortality.,exclude,v2_search,non-quantitative design
29350076,Health Care Public Sector Share and the U.S. Life Expectancy Lag: A Country-level Longitudinal Study.,include,v2_search,
29415238,"New approaches to ranking countries for the allocation of development assistance for health: choices, indicators and implications.",exclude,v2_search,non-quantitative design
29415240,"The financing gaps framework: using need, potential spending and expected spending to allocate development assistance for health.",exclude,v2_search,non-quantitative design
29421461,Assessing the feasibility of community health insurance in Uganda: A mixed-methods exploratory analysis.,exclude,v2_search,non-quantitative design
29729149,A systematic review of micro correlates of maternal mortality.,exclude,v2_search,non-quantitative design
29759682,Mortality reductions from marginal increases in public spending on health.,include,v2_search,
29862055,Accelerating Kenya's progress to 2030: understanding the determinants of under-five mortality from 1990 to 2015.,exclude,v2_search,non-quantitative design
29876340,High Out-of-Pocket Health Spending in Countries With a Mediterranean Connection.,include,v2_search,
29885571,"Effectiveness of public health spending on infant mortality in Florida, 2001-2014.",exclude,v2_search,non-quantitative design
29945690,"Does government expenditure reduce inequalities in infant mortality rates in low- and middle-income countries?: A time-series, ecological analysis of 48 countries from 1993 to 2013.",include,v2_search,
29972131,Greece: Health System Review.,exclude,v2_search,non-quantitative design
29997906,"The Brazilian health system at crossroads: progress, crisis and resilience.",exclude,v2_search,non-quantitative design
30029607,"Development of a richer measure of health outcomes incorporating the impacts of income inequality, ethnic diversity, and ICT development on health.",exclude,v2_search,non-quantitative design
30043967,Analysis of Joint External Evaluations in the WHO Eastern Mediterranean Region.,exclude,v2_search,non-quantitative design
30055996,"The burden of disease in Greece, health loss, risk factors, and health financing, 2000-16: an analysis of the Global Burden of Disease Study 2016.",include,v2_search,
30093415,Distributional health and financial benefits of increased tobacco taxes in Colombia: results from a modelling study.,exclude,v2_search,non-quantitative design
30112851,Sources of health financing and health outcomes: A panel data analysis.,include,v2_search,
30157828,Real and predicted mortality under health spending constraints in Italy: a time trend analysis through artificial neural networks.,include,v2_search,
30159286,Effects of private and public health expenditure on health outcomes among countries with different health care systems: 2000 and 2014.,include,v2_search,
30270772,Health system reforms in five sub-Saharan African countries that experienced major armed conflicts (wars) during 1990-2015: a literature review.,exclude,v2_search,non-quantitative design
30277214,Bulgaria: Health System Review.,exclude,v2_search,non-quantitative design
30277215,Austria: Health System Review.,exclude,v2_search,non-quantitative design
30277216,Spain: Health System Review.,exclude,v2_search,non-quantitative design
30277217,Estonia: Health System Review.,exclude,v2_search,non-quantitative design
30279657,The Influence of Universal Health Coverage on Life Expectancy at Birth (LEAB) and Healthy Life Expectancy (HALE): A Multi-Country Cross-Sectional Study.,include,v2_search,
30290812,Health and sustainable development; strengthening peri-operative care in low income countries to improve maternal and neonatal outcomes.,exclude,v2_search,non-quantitative design
30316246,Conditional Cash Transfers for Maternal Health Interventions: Factors Influencing Uptake in North-Central Nigeria.,exclude,v2_search,non-quantitative design
30379907,"Enabling reproductive, maternal, neonatal and child health interventions: Time trends and driving factors of health expenditure in the successful story of Peru.",exclude,v2_search,non-quantitative design
30466452,Health care expenditure and health outcome nexus: new evidence from the SAARC-ASEAN region.,include,v2_search,
30482387,The cyclicality of government health expenditure and its effects on population health.,include,v2_search,
30498583,"Pushing the envelope through the Global Financing Facility: potential impact of mobilising additional support to scale-up life-saving interventions for women, children and adolescents in 50 high-burden countries.",exclude,v2_search,non-quantitative design
30521004,"Structural adjustment, state capacity and child health: evidence from IMF programmes.",include,v2_search,
30532605,"Progress and challenges in improving maternal health in the Tibet Autonomous Region, China.",exclude,v2_search,non-quantitative design
30705237,Inequalities in healthcare resources and outcomes threatening sustainable health development in Ethiopia: panel data analysis.,include,v2_search,
30792908,The impact of user charges on health outcomes in low-income and middle-income countries: a systematic review.,include,v2_search,
30819034,Evaluation of Intervention Impact on Health Inequality for Resource Allocation.,exclude,v2_search,non-quantitative design
31050394,"Africa Rising, a Narrative for Life Expectancy Gains? Evidence from a Health Production Function.",include,v2_search,
31075148,Potential determinants of health system efficiency: Evidence from Latin America and the Caribbean.,exclude,v2_search,non-quantitative design
31199815,A systematic review of the health-financing mechanisms in the Association of Southeast Asian Nations countries and the People's Republic of China: Lessons for the move towards universal health coverage.,include,v2_search,
31222802,Understanding the effectiveness of government health expenditure in improving health equity: Preliminary evidence from global health expenditure and child mortality rate.,include,v2_search,
31297244,Effect of results-based financing on facility-based maternal mortality at birth: an interrupted time-series analysis with independent controls in Malawi.,exclude,v2_search,no country-level financing-health analysis
31391844,[Breast cancer mortality in Brazilian municipalities and associated factorsMortalidad por cáncer de mama en municipios brasileños y factores asociados].,exclude,v2_search,individual- or facility-level design
31434254,The Impact of Public Health Expenditure on Health Outcomes in South Africa.,include,v2_search,
31485477,Examining the relationship between U.S. incarceration rates and population health at the county level.,exclude,v2_search,sub-national units
31492134,Effects of implementing free maternity service policy in Kenya: an interrupted time series analysis.,include,v2_search,
31508769,The effect of redistribution of ill-defined causes of death on the mortality rate of breast cancer in Brazil.,exclude,v2_search,individual- or facility-level design
31514642,"The Effect of Demand- and Supply-Side Health Financing on Infant, Child, and Maternal Mortality in Low- and Middle-Income Countries.",include,v2_search,
31582279,"Corrigendum to ""The cyclicality of government health expenditure and its effects on population health"" [Health Policy 123 (2019) 96-103].",exclude,v2_search,non-quantitative design
31603476,"A rapid assessment of the political economy of health at district level, with a focus on maternal, newborn and child health, in Bangladesh, Indonesia, Nepal and the Philippines.",exclude,v2_search,sub-national units
31615140,"Developmental Changes in the Philippine Health System: Accomplishments, Successes and Challenges.",exclude,v2_search,non-quantitative design
31658067,Affordability versus innovation: Is compulsory licensing the solution?,exclude,v2_search,non-quantitative design
31679362,"So Near, So Far: Four Decades of Health Policy Reforms in Iran, Achievements and Challenges.",exclude,v2_search,non-quantitative design
31722443,The 2019 report of the MJA-Lancet Countdown on health and climate change: a turbulent year with mixed progress.,exclude,v2_search,non-quantitative design
31759893,"Italy's health performance, 1990-2017: findings from the Global Burden of Disease Study 2017.",include,v2_search,
31778490,"Economic crises, child mortality and the protective role of public health expenditure.",include,v2_search,
31778496,Alterity or austerity: a review on the value of health equity in times of international economic crises.,exclude,v2_search,non-quantitative design
31849335,Financing intersectoral action for health: a systematic review of co-financing models.,exclude,v2_search,non-quantitative design
31943403,Maternal Mortality and Public Health Programs: Evidence from Florida.,exclude,v2_search,non-quantitative design
31990444,Understanding the effectiveness of government health expenditure in improving health equity: Preliminary evidence from global health expenditure and child mortality rate.,include,v2_search,
32016435,Sex Differences in the Association between Local Government Spending and Mortality: Evidence from Tennessee.,exclude,v2_search,sub-national units
32037317,Global Cash Flows for Sustainable Development: A Case Study of Accountability and Health Systems Strengthening in Lesotho.,exclude,v2_search,non-quantitative design
32141591,Analysis of life expectancy across countries using a decision tree.,exclude,v2_search,non-quantitative design
32296671,Health System Outcomes in BRICS Countries and Their Association With the Economic Context.,include,v2_search,
32358935,The State of Maternal and Infant Health and Mortality in Chad.,exclude,v2_search,sub-national units
32375346,The Role of Macroeconomic Indicators on Healthcare Cost.,exclude,v2_search,non-quantitative design
32514200,"The evolution of community-based primary health care, Slovenia.",exclude,v2_search,non-quantitative design
32600381,CARTA fellows' scientific contribution to the African public and population Health Research agenda (2011 to 2018).,exclude,v2_search,non-quantitative design
32663082,Integration of Health and Social Services at the Systems Level: A Framework for Addressing Funding and Jurisdictional Silos.,exclude,v2_search,non-quantitative design
32731871,Measuring socioeconomic and health financing inequality in maternal mortality in Colombia: a mixed methods approach.,include,v2_search,
32733658,The association between medical spending and health status: A study of selected African countries.,include,v2_search,
32818850,Spatial heterogeneity of the associations of economic and health care factors with infant mortality in China using geographically weighted regression and spatial clustering.,exclude,v2_search,no country-level financing-health analysis
32835839,Socioeconomic Factors Associated With Liver-Related Mortality From 1985 to 2015 in 36 Developed Countries.,exclude,v2_search,non-quantitative design
32851979,Serbia: Health System Review.,exclude,v2_search,non-quantitative design
32863240,Latvia: Health System Review.,exclude,v2_search,non-quantitative design
32863241,Norway: Health System Review.,exclude,v2_search,non-quantitative design
32904937,"Does life expectancy, death rate and public health expenditure matter in sustaining economic growth under COVID-19: Empirical evidence from Nigeria?",exclude,v2_search,non-quantitative design
32932859,Economic Crisis Impact and Social Determinants of Perinatal Outcomes and Infant Mortality in Greece.,exclude,v2_search,non-quantitative design
32971137,A global investment framework for the elimination of hepatitis B.,exclude,v2_search,non-quantitative design
33039987,Is an ounce of prevention worth a pound of cure? A cross-sectional study of the impact of English public health grant on mortality and morbidity.,exclude,v2_search,non-quantitative design
33085753,Participatory learning and action cycles with women's groups to prevent neonatal death in low-resource settings: A multi-country comparison of cost-effectiveness and affordability.,exclude,v2_search,non-quantitative design
33131456,"Universal access to essential medicines as part of the right to health: a cross-national comparison of national laws, medicines policies, and health system indicators.",exclude,v2_search,non-quantitative design
33213263,Priorities for sexual and reproductive health in Morocco as part of universal health coverage: maternal health as a national priority.,exclude,v2_search,non-quantitative design
33228227,The Relative Importance of Globalization and Public Expenditure on Life Expectancy in Europe: An Approach Based on MARS Methodology.,include,v2_search,
33264812,"The 2020 special report of the MJA-Lancet Countdown on health and climate change: lessons learnt from Australia's ""Black Summer"".",exclude,v2_search,non-quantitative design
33288965,[Public healthcare expenditure and COVID-19 mortality in Spain and in Europe].,exclude,v2_search,non-quantitative design
33388634,Noncommunicable disease outcomes and the effects of vertical and horizontal health aid.,include,v2_search,
33412917,"A Systematic Review of Sociodemographic, Macroeconomic, and Health Resources Factors on Life Expectancy.",include,v2_search,
33491082,"The effects of performance-based financing on neonatal health outcomes in Burundi, Lesotho, Senegal, Zambia and Zimbabwe.",include,v2_search,
33527903,Canada: Health System Review.,exclude,v2_search,non-quantitative design
33532857,The relationship between development assistance for health and public health financing in 134 countries between 2000 and 2015.,exclude,v2_search,non-quantitative design
33540505,Mid-Regional Proadrenomedullin as a New Biomarker of Kidney and Cardiovascular Diseases-Is It the Future?,exclude,v2_search,individual- or facility-level design
33553086,Associating the Change in New COVID-19 Cases to GDP per Capita in 38 European Countries in the First Wave of the Pandemic.,exclude,v2_search,non-quantitative design
33664220,[Mortality by COVID-19 in Spain. Approximation through public health expenditure by autonomous communities.].,exclude,v2_search,non-quantitative design
33727320,Galvanizing Action on Primary Health Care: Analyzing Bottlenecks and Strategies to Strengthen Community Health Systems in West and Central Africa.,exclude,v2_search,non-quantitative design
33885782,"Sin taxes and their effect on consumption, revenue generation and health improvement: a systematic literature review in Latin America.",exclude,v2_search,non-quantitative design
33968891,How Do Economic Fluctuations Affect the Mortality of Infectious Diseases?,exclude,v2_search,non-quantitative design
33991792,Can Results-Based Financing improve health outcomes in resource poor settings? Evidence from Zimbabwe.,include,v2_search,
34049840,Public healthcare expenditure and COVID-19 mortality in Spain and in Europe.,include,v2_search,
34056129,Metabolic Shock in Elderly Pertrochanteric or Intertrochanteric Surgery. Comparison of Three Surgical Methods. Is there a Much Safer?,exclude,v2_search,individual- or facility-level design
34078460,The impacts of health systems financing fragmentation in low- and middle-income countries: a systematic review protocol.,exclude,v2_search,non-quantitative design
34248183,The importance of investing in a public health system: evidence from COVID-19 mortality.,include,v2_search,
34318445,Incidence of Catastrophic Health Expenditure and Its Determinants in Cancer Patients: A Systematic Review and Meta-analysis.,exclude,v2_search,individual- or facility-level design
34380436,"Maternal mortality ratio in China from 1990 to 2019: trends, causes and correlations.",include,v2_search,
34492405,"Global collective action in mental health financing: Allocation of development assistance for mental health in 142 countries, 2000-2015.",exclude,v2_search,non-quantitative design
34654700,"Causal impact of social care, public health and healthcare expenditure on mortality in England: cross-sectional evidence for 2013/2014.",exclude,v2_search,non-quantitative design
34670328,The 2021 report of the MJA-Lancet Countdown on health and climate change: Australia increasingly out on a limb.,exclude,v2_search,non-quantitative design
34682472,Government Health Expenditure and Public Health Outcomes: A Comparative Study among EU Developing Countries.,include,v2_search,
34715058,The global and regional costs of healthy and sustainable dietary patterns: a modelling study.,exclude,v2_search,non-quantitative design
34724932,"The role of access to electricity, female education, and public health expenditure on female health outcomes: evidence from SAARC-ASEAN countries.",include,v2_search,
34748114,What drives variations in public health and social services expenditures? the association between political fragmentation and local expenditure patterns.,exclude,v2_search,non-quantitative design
34862668,Does the augmentation of monetary and non-monetary factors prerequisite for the improvement of health outcomes? Evidence from the Indian states.,exclude,v2_search,sub-national units
34895235,Is value-based payment for healthcare feasible under Ghana's National Health Insurance Scheme?,exclude,v2_search,non-quantitative design
34916854,"Evaluation of the Direct Health Facility Financing Program in Improving Maternal Health Services in Pangani District, Tanzania.",exclude,v2_search,sub-national units
34946475,Factors Associated with Out-of-Pocket Health Expenditure in Polish Regions.,exclude,v2_search,non-quantitative design
34981612,The dynamics of public and private health expenditure on health outcome in Southeast Asia.,include,v2_search,
34994690,Slovenia: Health System Review.,exclude,v2_search,non-quantitative design
35124741,Does voluntary health insurance improve health and longevity? Evidence from European OECD countries.,exclude,v2_search,non-quantitative design
35206794,"Disparities in Health Financing Allocation among Infectious Diseases in Ebola Virus Disease (EVD)-Affected Countries, 2005-2017.",exclude,v2_search,non-quantitative design
35287680,Risk management of pregnant women and the associated low maternal mortality from 2008-2017 in China: a national longitude study.,exclude,v2_search,non-quantitative design
35313932,Financially incentivized knowledge assessments to improve provider compliance with treatment guidelines: a cluster-randomized controlled trial.,exclude,v2_search,individual- or facility-level design
35327065,"The Impact of Public, Private, and Out-of-Pocket Health Expenditures on Under-Five Mortality in Malaysia.",include,v2_search,
35330891,HEALTHCARE FINANCING FOR ANTENATAL CARE AND DELIVERY SERVICES IN A TERTIARY HEALTH FACILITY IN SOUTH-WEST NIGERIA.,exclude,v2_search,non-quantitative design
35400071,"Role of Environmental Degradation, Institutional Quality, and Government Health Expenditures for Human Health: Evidence From Emerging Seven Countries.",include,v2_search,
35415037,SARS-CoV-2 Vaccination Coverage and Key Public Health Indicators May Explain Disparities in COVID-19 Country-Specific Case Fatality Rate Within European Economic Area.,exclude,v2_search,non-quantitative design
35446198,Why Is Strategic Purchasing Critical for Universal Health Coverage in Sub-Saharan Africa?,exclude,v2_search,non-quantitative design
35446200,Collaborative Learning to Advance Knowledge and Implementation of Strategic Health Purchasing in Sub-Saharan Africa.,exclude,v2_search,non-quantitative design
35549935,Cost-Effectiveness Threshold for Healthcare: Justification and Quantification.,exclude,v2_search,non-quantitative design
35563381,Preservation of Organs to Be Transplanted: An Essential Step in the Transplant Process.,exclude,v2_search,non-quantitative design
35690351,Improved screening of fall risk using free-living based accelerometer data.,exclude,v2_search,non-quantitative design
35730593,Growing debt burden in low- and middle-income countries during COVID-19 may constrain health financing.,exclude,v2_search,non-quantitative design
35761378,The predictors of COVID-19 mortality among health systems parameters: an ecological study across 203 countries.,exclude,v2_search,non-quantitative design
35787104,Strategic Purchasing Arrangements in Uganda and Their Implications for Universal Health Coverage.,exclude,v2_search,non-quantitative design
35799303,Socio-economic factors affecting high infant and child mortality rates in selected African countries: does globalisation play any role?,exclude,v2_search,non-quantitative design
35801583,Neighborhood inequalities and the decline of infant mortality in São Paulo.,exclude,v2_search,non-quantitative design
35802419,The Government Budget: An Overlooked Vehicle for Advancing Strategic Health Purchasing.,exclude,v2_search,non-quantitative design
35819006,Comparative health systems analysis of differences in the catastrophic health expenditure associated with non-communicable vs communicable diseases among adults in six countries.,exclude,v2_search,non-quantitative design
35865801,Macro-level factors explaining inequalities in expected years lived free of and with chronic conditions across Spanish regions and over time (2006-2019).,exclude,v2_search,non-quantitative design
35879697,The superposition effects of air pollution on government health expenditure in China- spatial evidence from GeoDetector.,exclude,v2_search,non-quantitative design
35894364,"Health expenditures and causa mortis: an investigation on municipalities of the State of Paraná, Brazil.",exclude,v2_search,sub-national units
35997895,Estimating the Health Effects of Expansions in Health Expenditure in Indonesia: A Dynamic Panel Data Approach.,include,v2_search,
36039277,"Cuts to local government spending, multimorbidity and health-related quality of life: A longitudinal ecological study in England.",exclude,v2_search,sub-national units
36113529,Cancer burden and status of cancer control measures in fragile states: a comparative analysis of 31 countries.,exclude,v2_search,individual- or facility-level design
36211653,Regional well-being inequalities arising from healthcare expenditure public policies in Spain.,exclude,v2_search,non-quantitative design
36283699,The 2022 report of the MJA-Lancet Countdown on health and climate change: Australia unprepared and paying the price.,exclude,v2_search,non-quantitative design
36360592,The Effect of Public Healthcare Expenditure on the Reduction in Mortality Rates Caused by Unhealthy Habits among the Population.,include,v2_search,
36440012,Cardiovascular diseases in Africa in the twenty-first century: Gaps and priorities going forward.,exclude,v2_search,non-quantitative design
36480236,The effect of health financing systems on health system outcomes: A cross-country panel analysis.,include,v2_search,
36522731,A systematic review of individual and ecological determinants of maternal mortality in the world based on the income level of countries.,exclude,v2_search,non-quantitative design
36527269,"Drivers of COVID-19 policy stringency in 175 countries and territories: COVID-19 cases and deaths, gross domestic products per capita, and health expenditures.",exclude,v2_search,non-quantitative design
36562733,Can Strategic Health Purchasing Reduce Inefficiency and Corruption in the Health Sector? The Case of Nigeria.,exclude,v2_search,non-quantitative design
36620274,"Understanding the relationships between health spending, treatable mortality and economic productivity in OECD countries.",include,v2_search,
36778580,Cost-benefit analysis for health project evaluation (example of a Russian outpatient clinics' project in the Novosibirsk region).,exclude,v2_search,non-quantitative design
36826553,Socioeconomic Macro-Level Determinants of Hypertension: Ecological Analysis of 138 Low- and Middle-Income Countries.,exclude,v2_search,non-quantitative design
36833725,"Environmental Governance, Public Health Expenditure, and Economic Growth: Analysis in an OLG Model.",exclude,v2_search,non-quantitative design
36901646,"COVID-19 in the Eastern Brazilian Amazon: Incidence, Clinical Management, and Mortality by Social Determinants of Health, Symptomatology, and Comorbidities in the Xingu Health Region.",exclude,v2_search,non-quantitative design
36932411,Cost-effectiveness and budget impact of heat-stable carbetocin compared to oxytocin and misoprostol for the prevention of postpartum hemorrhage (PPH) in women giving birth in India.,exclude,v2_search,non-quantitative design
36943411,Weaving and Layering Funding: A Territorial Health Agency's Guide to Effective Health Financing.,exclude,v2_search,non-quantitative design
36951263,Italy: Health System Review.,exclude,v2_search,non-quantitative design
36966780,"Assessing COVID-19 pandemic policies and behaviours and their economic and educational trade-offs across US states from Jan 1, 2020, to July 31, 2022: an observational analysis.",exclude,v2_search,non-quantitative design
37029778,"Child health nurses in Solomon Islands, piloting the 'Bachelor of nursing: Child health'.",exclude,v2_search,non-quantitative design
37056662,Impacts of health expenditures and environmental degradation on health status-Disability-adjusted life years and infant mortality.,include,v2_search,
37123748,Prevalence and Determinants of Low Birth Weight in India: Findings From a Nationally Representative Cross-Sectional Survey (2019-21).,exclude,v2_search,non-quantitative design
37162604,Health outcome convergence in Africa: the roles of immunization and public health spending.,include,v2_search,
37164365,"Association between inequalities in human resources for health and all cause and cause specific mortality in 172 countries and territories, 1990-2019: observational study.",exclude,v2_search,non-quantitative design
37317682,The economic impact of a COVID-19 illness from the perspective of families seeking care in a private hospital in India.,exclude,v2_search,non-quantitative design
37347062,The long-run effects of health aid in low-income countries.,include,v2_search,
37383572,Effect of public health expenditure on health outcomes in Nigeria and Ghana.,include,v2_search,
37392842,The current status of National Cancer Control Plans in Africa: Data from 32 countries.,exclude,v2_search,individual- or facility-level design
37408951,Breast cancer survival in Mexico between 2007 and 2016 in women without social security: a retrospective cohort study.,exclude,v2_search,individual- or facility-level design
37432943,Extending universal health coverage to informal workers: A systematic review of health financing schemes in low- and middle-income countries in Southeast Asia.,exclude,v2_search,non-quantitative design
37435526,"Implementation of the Community-based Health Planning and Services (CHPS) in rural and urban Ghana: a history and systematic review of what works, for whom and why.",exclude,v2_search,non-quantitative design
37443153,Evolving market-shaping strategies to boost access to essential medical products in developing countries with HIV self-testing as a case study.,exclude,v2_search,non-quantitative design
37461113,Heterogeneity in health funding and disparities in health outcome: a comparison between high focus and non-high focus states in India.,exclude,v2_search,non-quantitative design
37505413,The Economic Cost of Rising Non-communicable Diseases in India: A Systematic Literature Review of Methods and Estimates.,exclude,v2_search,non-quantitative design
37519312,Emerging public health challenges during the COVID-19 pandemic in Malawi: A review.,exclude,v2_search,non-quantitative design
37622210,Child abuse and premature mortality: disrupting the harm cascade.,exclude,v2_search,non-quantitative design
37680869,A time series analysis of government expenditure and health outcomes in Nigeria.,include,v2_search,
37778112,The birthing experiences of mothers with clinical healthcare professionals and community birth attendants in rural northern Ghana.,exclude,v2_search,non-quantitative design
37822540,Unmet needs in countries participating in the undiagnosed diseases network international: an international survey considering national health care and economic indicators.,exclude,v2_search,non-quantitative design
37827731,Province-level distribution and drivers of infant mortality in mainland China: a Geodetector-based analysis of data from 2020.,exclude,v2_search,sub-national units
37829578,[Health expenditure and health outcomes in Latin America and the CaribbeanGastos em saúde e resultados de saúde na América Latina e no Caribe].,include,v2_search,
37851126,Do public health expenditures affect maternal and child health in Madagascar?,include,v2_search,
37861131,"Spatiotemporal patterns of healthy life expectancy and the effects of health financing in West African countries, 1995-2019: A Spatial Panel Modelling Study.",include,v2_search,
37950257,A global perspective on the governance-health nexus.,exclude,v2_search,no country-level financing-health analysis
37982350,The Lancet Countdown on health and climate change: Australia a world leader in neglecting its responsibilities.,exclude,v2_search,non-quantitative design
37988058,Country-Level Factors Associated With Nurse Salaries: Empirical Evidence From Organisation for Economic Co-operation and Development Countries and Taiwan.,exclude,v2_search,non-quantitative design
38007489,Dataset of the impact of food insecurity on health outcomes in sub-Saharan Africa.,exclude,v2_search,non-quantitative design
38025920,Improving Middle-Income Countries Access to Vaccines. A Blueprint to Overcome Current Challenges.,exclude,v2_search,non-quantitative design
38053205,Measuring health equity in the ASEAN region: conceptual framework and assessment of data availability.,exclude,v2_search,non-quantitative design
38098013,Investment case for small and sick newborn care in Tanzania: systematic analyses.,exclude,v2_search,non-quantitative design
38098461,Do health expenditures affect under-five mortality and life expectancy in the ECOWAS sub-Region?,include,v2_search,
38110967,Political Economy of Non-Communicable Disease (NCD) prevention and control in Lebanon: identifying challenges and opportunities for policy change and care provision reforms.,exclude,v2_search,non-quantitative design
38156335,Facilitators and Barriers to Scaling-Up Integrated Care for Arterial Hypertension and Type 2 Diabetes in Slovenia: Qualitative Study.,exclude,v2_search,non-quantitative design
38225860,Does Public Financial Management Save Life? Evidence from a Quantitative Review of PFM and Health Outcomes in Sub-Saharan African Countries.,include,v2_search,
38230754,Estonia: Health System Review.,exclude,v2_search,non-quantitative design
38336729,Effect of public health expenditure on maternal mortality ratio in the West African Economic and Monetary Union.,include,v2_search,
38346131,,exclude,v2_search,non-quantitative design
38362207,Implementing health system and the new federalism in Somalia: challenges and opportunities.,exclude,v2_search,non-quantitative design
38372932,Public health spending in Sub-Saharan Africa: exploring transmission mechanisms using the latent growth curve mediation model.,include,v2_search,
38454438,Factors influencing inequality in government health expenditures within African regional economic communities.,exclude,v2_search,non-quantitative design
38500641,"Factors associated with late diagnosis of cervical cancer at two national referral hospitals, Kenya 2017: A case control study.",exclude,v2_search,individual- or facility-level design
38522009,The 2023 report of the MJA-Lancet Countdown on health and climate change: sustainability needed in Australia's health care sector.,exclude,v2_search,non-quantitative design
38575627,Democratic quality and excess mortality during the COVID-19 pandemic.,exclude,v2_search,non-quantitative design
38580960,The impact of health insurance on maternal and reproductive health service utilization and financial protection in low- and lower middle-income countries: a systematic review of the evidence.,exclude,v2_search,non-quantitative design
38645667,The impact of antiretroviral treatment and child-focused unconditional cash transfers on child mortality.,exclude,v2_search,non-quantitative design
38660356,Health care expenses impact on the disability-adjusted life years in non-communicable diseases in the European Union.,include,v2_search,
38720364,Does health voucher intervention increase antenatal consultations and skilled birth attendances in Cameroon? Results from an interrupted time series analysis.,exclude,v2_search,no country-level financing-health analysis
38730305,"Persistent inequities in maternal mortality in Latin America and the Caribbean, 1990-2019.",exclude,v2_search,non-quantitative design
38753811,Tackling syndemics by integrating infectious and noncommunicable diseases in health systems of low- and middle-income countries: A narrative systematic review.,exclude,v2_search,non-quantitative design
38816003,Reconciling devolution with health financing and public financial management: challenges and policy options for the health sector.,exclude,v2_search,non-quantitative design
38841673,"Eco-friendly revenues for healthcare: assessing the relationship between green taxation, public health expenditures, and life expectancy in China.",include,v2_search,
38841877,Denmark: Health System Review.,exclude,v2_search,non-quantitative design
38847632,Does Public Spending Reflect the Need for Health: A Cross-sectional Analysis at District Level in India.,exclude,v2_search,sub-national units
38920270,Government health expenditures and neonatal mortality in China: Implication for Sustainable Development Goal 3.,include,v2_search,
38967540,"Global Financing Facility investments for vulnerable populations: content analysis regarding maternal and newborn health and stillbirths in 11 African countries, 2015 to 2019.",exclude,v2_search,non-quantitative design
38978095,Effectiveness of public health spending: Investigating the moderating role of governance using partial least squares structural equation modelling (PLS-SEM).,include,v2_search,
39022531,Using economic analysis to inform health resource allocation: lessons from Malawi.,exclude,v2_search,non-quantitative design
39024379,"""Sickness has no time"": Awareness and perceptions of health care workers on universal health coverage in Uganda.",exclude,v2_search,non-quantitative design
39028638,An Assessment of Provider Payment Mechanisms (PPMs) in Ethiopia: Implications for Redesign of PPMs and Progress Toward Universal Health Coverage.,exclude,v2_search,non-quantitative design
39151300,Public healthcare efficiency in India: Estimates and determinants using two stage DEA approach.,exclude,v2_search,non-quantitative design
39264949,"Financing for equity for women's, children's and adolescents' health in low- and middle-income countries: A scoping review.",exclude,v2_search,non-quantitative design
39312310,Longitudinal analysis of social and community factors effective in increasing the number of liver donors in the United States.,exclude,v2_search,no country-level financing-health analysis
39317511,"Trends in under-five mortality rate in China, 1996-2020: a Joinpoint regression and correlation analysis.",include,v2_search,
39385862,Building Climate-Resilient Health Systems in India: A Comprehensive Health Systems Approach.,exclude,v2_search,non-quantitative design
39405320,Health outcome convergence and the roles of public health financing and governance in Africa.,include,v2_search,
39451446,Government Health Expenditure and Maternal Mortality: The Moderating Role of External Debt.,include,v2_search,
39456097,Modelling the potential impact of a tax on fruit juice in South Africa: implications for the primary prevention of type 2 diabetes and health financing.,exclude,v2_search,non-quantitative design
39473171,Facilitators and barriers to maternal immunization and strategies to improve uptake in low-income and lower-middle income countries: A systematic review.,exclude,v2_search,non-quantitative design
39521995,"Examining malaria treatment and prevention spending efficiency in malaria-endemic countries, 2000-2020.",exclude,v2_search,non-quantitative design
39624418,The impact of regional poverty on public health expenditure efficacy across South Africa's provinces: investigating the influence of historical economic factors on health.,exclude,v2_search,non-quantitative design
39633162,The value of lives in New Zealand.,exclude,v2_search,non-quantitative design
39781008,What justifies public engagement in health financing decisions?,exclude,v2_search,non-quantitative design
39811368,Examining the association between public health unit spending and adolescent substance use.,exclude,v2_search,non-quantitative design
39819394,Exploring health outcome disparities in African regional economics communities: a multilevel linear mixed-effect analysis.,exclude,v2_search,non-quantitative design
39917535,A protocol for mobilising novel finance models for collaborative health promotion and disease prevention initiatives: taking a smart capacitating investment approach in the Invest4Health project.,exclude,v2_search,non-quantitative design
39930525,Agenda setting for health equity assessment through the lenses of social determinants of health using machine learning approach: a framework and preliminary pilot study.,exclude,v2_search,non-quantitative design
39962535,"Measurement of district health system strengthening efforts for maternal and newborn health service delivery: synchronized application of evaluation models in the West Nile region, Uganda, 2019-2021.",exclude,v2_search,sub-national units
40083093,"The Fossil Fuel Non-Proliferation Treaty: what it is, its importance for health, and why Australia should endorse it.",exclude,v2_search,non-quantitative design
40116331,Accounting for aid: estimating the impact of United States' global health investments on mortality among women of reproductive age using synthetic control and Bayesian methods.,include,v2_search,
40140811,Threshold effect of governance quality in the relationship between public health expenditure and life expectancy at birth in the West African Economic and Monetary Union.,include,v2_search,
40151906,"Long-term outcomes of a paediatric quality improvement project in Central Asia: changes take time, time for a change.",exclude,v2_search,non-quantitative design
40188421,The 2024 report of the MJA-Lancet Countdown on health and climate change: Australia emerging as a hotspot for litigation.,exclude,v2_search,non-quantitative design
40205437,Financing of non-communicable diseases in Afghanistan.,exclude,v2_search,non-quantitative design
40270690,"Leveraging health financing, digital health and self-care approaches to strengthen maternal health journeys in India: perspectives from Assam.",exclude,v2_search,non-quantitative design
40316413,Operationalising an integrated mortality transition framework for programmatic priority setting across maternal and newborn health.,exclude,v2_search,non-quantitative design
40376441,World Health Day 2025: Time to Change Mindset Beyond Global Commitment to Maternal Health and Women's Well-Being.,exclude,v2_search,non-quantitative design
40386870,North Macedonia: Health System Review.,exclude,v2_search,non-quantitative design
40433502,Distribution of government health financing benefits among women who delivered in public institutions in Bangladesh: a nationally representative cross-sectional study.,exclude,v2_search,non-quantitative design
40453688,Towards attaining universal health coverage in Kazakhstan: Challenges and important next steps.,exclude,v2_search,non-quantitative design
40564675,"Official Development Assistance and Private Voluntary Support for Reproductive, Maternal, Neonatal, and Child Health in Guinea-Bissau: Assessing Trends and Effectiveness.",exclude,v2_search,non-quantitative design
40622319,The Economic Burden of Maternal Death in Jordan From 2018 to 2021: Social and Geographic Variations.,exclude,v2_search,non-quantitative design
40624691,Associations between previous local health expenditures and COVID-19 mortality outcomes large cities in the united states: results from a forward-selecting linear regression analysis.,exclude,v2_search,no country-level financing-health analysis
40717485,Impact of Government Health Expenditure on Maternal Mortality: An Appraisal of South-Asian-Economies.,include,v2_search,
40764911,"Public health surveillance of tropical diseases in Madagascar: a scoping review of population burden, intervention strategies, and health system responses.",exclude,v2_search,non-quantitative design
40820273,Primary health care reforms: a scoping review.,exclude,v2_search,non-quantitative design
40866812,"Financial development, public health financing, and health outcomes in Sub-Saharan Africa.",include,v2_search,
40969627,"Toward SDG 3 in a developing nation: the role of health expenditure, financial development, and population growth in shaping health outcomes.",include,v2_search,
40970110,"Achieving Universal Health Coverage in Cambodia: Barriers, Strategies, and Policy Recommendations.",exclude,v2_search,non-quantitative design
40984849,Comparative analysis of cardiac surgical outcomes across different healthcare funding modalities: a comprehensive cohort study.,exclude,v2_search,individual- or facility-level design
41017309,What affects the performance of hospital financing interventions in low and lower-middle income countries from the program design and implementation perspective? A scoping review.,exclude,v2_search,non-quantitative design
41083317,"Maintaining essential health services during COVID-19: cross-country lessons of health system resilience from Asia, Sub-Saharan Africa and Latin America.",exclude,v2_search,non-quantitative design
41094470,Determinants of equitable public health human resource allocation in China: a multidimensional analysis using RIF-I-OLS decomposition.,exclude,v2_search,no country-level financing-health analysis
41095608,A Systematic Review of Government-Led Free Caesarean Section Policies in Low- and Middle-Income Countries from 2009 to 2025.,exclude,v2_search,non-quantitative design
41098464,Futures of financing of the health services for the elderly: A protocol foresight study.,exclude,v2_search,non-quantitative design
41123457,Investigating the relationship between corruption and health system outcomes in Central and Eastern Europe.,exclude,v2_search,non-quantitative design
41126498,Association of State and Local Social and Public Health Spending With Cancer Incidence and Mortality.,exclude,v2_search,individual- or facility-level design
41141566,"23 years of public policy towards universal health coverage in Mexico. A cross-sectional time-series analysis using routinely collected health data, 2000-2022.",include,v2_search,
41163104,The maternal and child mortality in the Middle East and North Africa between 2000 and 2020: the role of health financing.,include,v2_search,
41233630,Subnational life expectancy disparities in low and middle-income countries: measurement and determinants.,exclude,v2_search,non-quantitative design
41237708,[Analysis of the relationship between public health expenditure and health outcomes in Spain (2002-2022)].,include,v2_search,
41246083,"The global response to HIV/AIDS in sub-Saharan Africa: achievements, challenges, and perspectives for the future.",exclude,v2_search,non-quantitative design
41248390,Long-term trends and the role of health resources in under-5 mortality rates: a 2000-2021 longitudinal analysis at the global level.,exclude,v2_search,no country-level financing-health analysis
41310559,"Bridging divides or deepening gaps? ICT, quality of life, and the challenge of inclusive development at the intersection of healthcare and human development in South Asia.",exclude,v2_search,non-quantitative design
41316130,Fund contraction challenges for supplies for maternal and newborn health services in low- and middle-income countries: a scoping review.,exclude,v2_search,non-quantitative design
41343599,Social and health system factors associated with maternal mortality in Eastern and Western China: Population health estimates using provincial-level data.,exclude,v2_search,sub-national units
41356740,Impact of health expenditure on universal health coverage (UHC) (composite index): Global evidence.,include,v2_search,
41373366,Evaluating Health Financing Typologies Through Healthy Life Expectancy and Infant Mortality: Evidence from OECD Countries and Türkiye.,include,v2_search,
41373384,Innovating for Health: Measuring the Path of Global Innovation in Healthcare Systems.,exclude,v2_search,non-quantitative design
41413485,Evaluating the value for money of global fund's expenditures (2017-2019).,exclude,v2_search,non-quantitative design
41539139,[Public health and cervical cancer in Latin America: the impact of health spending and legislation on prevention in three countries].,include,v2_search,
41539142,"[Health disparities and legislative determinants in Latin America: Multivariate comparative analysis of life expectancy, infant mortality, and immunization in Chile, Colombia, and Honduras (2011-2019)].",exclude,v2_search,non-quantitative design
41550028,"Mental health burdens, typhoon and structural health inequities: evidence from a global perspective.",exclude,v2_search,non-quantitative design
41602032,"When the cure leaks: corruption, health spending, and health outcomes in Malawi.",include,v2_search,
41635454,Building health system resilience in Romania: a consensus on policy priorities.,exclude,v2_search,non-quantitative design
41647058,Critical assessment of health financing indicators and expenditure in South Africa.,exclude,v2_search,non-quantitative design
41689602,"Cancer navigation in Africa: challenges, impacts, and future directions.",exclude,v2_search,individual- or facility-level design
41711751,Analysis of fossil fuel consumption and socioeconomic drivers of respiratory disease mortality in G7 countries: an ARDL and VAR model approach.,exclude,v2_search,no country-level financing-health analysis
41764361,How Corruption Influences Population Health.,exclude,v2_search,non-quantitative design
41776413,Challenges and opportunities in financing urban primary healthcare in Iran: pathways to universal health coverage.,exclude,v2_search,non-quantitative design
41788519,"Distributional dynamics of child mortality in Africa: quantile evidence from economic, environmental, and demographic transitions.",exclude,v2_search,non-quantitative design
41807120,"Aid cut, lives lost: estimating the impact of USAID's withdrawal on maternal mortality in six African countries.",include,v2_search,
41820995,The impact of the United States' distancing from the UN and withholding WHO funding on maternal and child health and nutrition in the Latin America & Caribbean region.,include,v2_search,
41862057,Shifting vulnerabilities in suicide mortality from the COVID-19 crisis to the socioeconomic aftermath in Spain (2016-2024): A Bayesian triple-interaction analysis.,exclude,v2_search,non-quantitative design
41877334,"Global patterns and disparities in maternal and child health: a panel analysis of global health observatory and world development indicators data, 2000-2023.",include,v2_search,
41908250,Economic burden of typhoid fever by antimicrobial resistance in India: a modelling study 2023.,exclude,v2_search,non-quantitative design
41943212,A Health Systems Analysis of Global Head and Neck Cancer Outcomes.,exclude,v2_search,individual- or facility-level design
41964839,The impact of health risks on healthcare expenditure in European countries.,exclude,v2_search,non-quantitative design
42022433,Better Governance and Skilled Health Workforce Density: Are They Twin Catalysts for Health Outcomes in Sub-Saharan Africa?,exclude,v2_search,non-quantitative design
42029441,Household Out-of-Pocket Burden Costs for Pediatric Pneumonia in Low- and Middle-Income Countries: Evidence Review and Econometric Framework.,exclude,v2_search,non-quantitative design
42042794,"Economic Evaluation of Pneumococcal Vaccination in Egypt: Cost-Effectiveness, Budget Impact, and Domestic Manufacturing Potential.",exclude,v2_search,non-quantitative design
42078565,A Decisive Decade for Cardiovascular Health in Africa: Turning Evidence into System Design.,exclude,v2_search,non-quantitative design
42145516,Ensuring effective transitions in care for hospitalized people living with HIV.,exclude,v2_search,non-quantitative design
42194464,The Structural Imbalance and Trajectory of Chinese National Policies on Medical-Preventive Integration: A Three-Dimensional Analysis of Policy Instruments (2015-2025).,exclude,v2_search,non-quantitative design
42198994,"Impact of Artificial Intelligence, Health Expenditure and Digital Financial Inclusion on Life Expectancy.",exclude,v2_search,non-quantitative design
42218447,The role of health financing system and pluralism in achieving sustainable development goal health outcomes in India: a multilevel analysis.,exclude,v2_search,non-quantitative design
42283042,"Transforming the health system in Gombe State: accomplishments, challenges and the next frontier.",exclude,v2_search,sub-national units
42288568,Assessing the effects of population aging on health financing structures: evidence from APEC countries using panel data.,exclude,v2_search,no country-level financing-health analysis
42332714,Building resilient primary health care in somalia: integrating noncommunicable disease and mental health interventions for universal health coverage amidst fragility-a health systems analysis and prospective economic review.,exclude,v2_search,non-quantitative design
42354281,"Environmental Quality, Renewable Energy, and Life Expectancy in Gulf Cooperation Council Countries.",exclude,v2_search,non-quantitative design
42362782,Comparing universal health coverage models: an analysis of policy transmission efficiency in SAARC and ASEAN countries.,include,v2_search,
42377653,Beyond spending: nonlinear impacts of health financing and out-of-pocket costs on mortality in Africa.,include,v2_search,
42382572,Strengthening health systems in low and middle-income countries: performance determinants and pathways to universal health coverage.,exclude,v2_search,non-quantitative design
42385762,"Global, regional, and national burden of tuberculosis and multidrug-resistant tuberculosis by HIV status, 1990-2023: a systematic analysis for the Global Burden of Disease Study 2023.",exclude,v2_search,non-quantitative design
42404321,Epidemiological Challenges and Health Disparities in the Eastern Mediterranean Region: A Region in Crisis.,exclude,v2_search,non-quantitative design
42422535,Perspectives of cardiac care providers on the continuum of care among women with cardiovascular disease in a tertiary care hospital of South India.,exclude,v2_search,non-quantitative design
42464231,Reassessing the health-agriculture nexus: evidence from super-efficiency DEA and panel models in OECD countries.,exclude,v2_search,no country-level financing-health analysis
42481996,Catastrophic health expenditure associated to bellwether surgery care in Northcentral Ethiopia.,exclude,v2_search,individual- or facility-level design
42482135,Who will pay for the malaria vaccines in Africa?,exclude,v2_search,non-quantitative design
42538115,Impact of government health expenditure on health outcomes in China: a quantitative analysis of mediation and threshold effects.,include,v2_search,
42568929,"Temporal trends and associations between domestic public health spending, donor funding and tuberculosis outcomes in Africa: a serial cross-sectional study (1990-2022).",include,v2_search,
42572050,"Mapping infant streptococcal mortality burden in low- and middle-income countries: temporal trends, geospatial patterns, and socioeconomic determinants.",exclude,v2_search,non-quantitative design
42574166,A Study on Health Variables of the BRICS Countries: From Period 2000 to 2019.,include,v2_search,
https://openalex.org/W2014407480,Government health expenditures and health outcomes,include,openalex,
https://openalex.org/W1971753106,Public Health Spending and Population Health,include,openalex,
https://openalex.org/W2168160838,"Income Inequality, Trust, and Population Health in 33 Countries",exclude,openalex,no country-level financing-health analysis
https://openalex.org/W2214685914,"The Effect of Public Health Expenditure on Infant Mortality: Evidence from a Panel of Indian States, 1983–1984 to 2011–2012",exclude,openalex,no country-level financing-health analysis
https://openalex.org/W2609963187,Public Health Expenditure and Health Outcomes in Nigeria,include,openalex,
https://openalex.org/W4366221519,Government health expenditures and health outcome nexus: a study on OECD countries,include,openalex,
https://openalex.org/W2042978541,Women in cabinet and public health spending: evidence across countries,exclude,openalex,no country-level financing-health analysis
https://openalex.org/W4226134117,Longitudinal analysis of the determinants of life expectancy and healthy life expectancy: A causal approach,include,openalex,
https://openalex.org/W2899104309,Public Health Expenditures and Health Outcomes: New Evidence from Ghana,include,openalex,
https://openalex.org/W2005188955,"Public Health Spending, Governance and Child Health Outcomes: Revisiting the Links",include,openalex,
https://openalex.org/W2106826881,Determinants of Public Health Expenditure in Ghana: A Cointegration Analysis,exclude,openalex,no country-level financing-health analysis
https://openalex.org/W2551708045,Government Health Expenditure and Public Health Outcomes: A Comparative Study among 17 Countries and Implications for US Health Care Reform,exclude,openalex,non-peer-reviewed source
https://openalex.org/W1645164932,PUBLIC HEALTH EXPENDITURE AND HEALTH OUTCOME IN NIGERIA: THE IMPACT OF GOVERNANCE,include,openalex,
https://openalex.org/W1754382842,"LIFE EXPECTANCY, PUBLIC HEALTH SPENDING AND ECONOMIC GROWTH IN NIGERIA: A VECTOR AUTOREGRESSIVE (VAR) MODEL",include,openalex,
https://openalex.org/W2900452435,Public Health Expenditure and Child Mortality: Does Institutional Quality Matter?,include,openalex,
https://openalex.org/W1541289542,Life expectancy as an indicator of environmental health,exclude,openalex,no country-level financing-health analysis
https://openalex.org/W4220991944,Human development and decentralization: The importance of public health expenditure,exclude,openalex,no country-level financing-health analysis
https://openalex.org/W3122482082,Pollution and life expectancy: How environmental policy can promote growth,exclude,openalex,no country-level financing-health analysis
https://openalex.org/W3122376151,Public health expenditure and child mortality in Southern Africa,include,openalex,
https://openalex.org/W2274923879,Effect of public health expenditure on health status in Ghana,include,openalex,
https://openalex.org/W2727500763,Life expectancy effects of public and private health expenditures in OECD countries 1970–2012: Panel time series approach,include,openalex,
https://openalex.org/W3035006969,Public health spending and health outcome in Nigeria: the role of governance,include,openalex,
https://openalex.org/W1522165052,Determinants of child mortality in LDCs,exclude,openalex,no country-level financing-health analysis
https://openalex.org/W2623205387,An Empirical Analysis of Public Health Expenditure on Life Expectancy: Evidence from Nigeria,include,openalex,
https://openalex.org/W2952200272,Infant Mortality and Public Health Expenditure in Nigeria: Empirical Explanation of the Nexus,include,openalex,
https://openalex.org/W2181562588,The Effect of Private and Public Health Expenditure on Infant Mortality Rates: Does the Level of Development Matter?,exclude,openalex,non-peer-reviewed source
https://openalex.org/W3087037258,Public Health Expenditure and Under-five Mortality in Nigeria: An Overview for Policy Intervention,include,openalex,
https://openalex.org/W3173903798,The Nexus between Sustainable Economic Development and Government Health Expenditure in Asian Countries Based on Ecological Footprint Consumption,exclude,openalex,no country-level financing-health analysis
https://openalex.org/W2796198945,Assessing The Value Of 40 Years Of Local Public Expenditures On Health,exclude,openalex,no country-level financing-health analysis
https://openalex.org/W2966636652,The Effects of Health Expenditure on Health Outcomes Based on the Classification of Public Health Expenditure: A Panel Data Approach,include,openalex,
https://openalex.org/W2056049574,Public health spending on infant and child mortality in India during the years 1980–2006,include,openalex,
https://openalex.org/W1976024989,Healthy and happy in Europe? On the association between happiness and life expectancy over time,exclude,openalex,no country-level financing-health analysis
https://openalex.org/W2998418024,Healthcare expenditure and life expectancy in Cameroon,include,openalex,
https://openalex.org/W2761401122,"Economic growth, public expenditure on health and IMR in India",include,openalex,
https://openalex.org/W3201523314,Public Health Expenditures and Health Outcomes in Pakistan: Evidence from Quantile Autoregressive Distributed Lag Model,include,openalex,
https://openalex.org/W2029692678,"For Health, Strength, and Daily Food: The Dual Impact of Remittances and Public Health Expenditure on Household Health Spending and Child Health Outcomes",include,openalex,
https://openalex.org/W2053744711,Basic health care provision and under-5 mortality: A Cross-National study of developing Countries,include,openalex,
https://openalex.org/W2993123114,The Effects of Public Health Spending on Maternal Mortality in Nigeria,exclude,openalex,non-peer-reviewed source
https://openalex.org/W2996901367,"Life Expectancy, Public Health Spending and Economic Growth in Nigeria",include,openalex,
https://openalex.org/W2947012878,Health Financing: Relationship between Public Health expenditure and maternal mortality in Zimbabwe between the years 1980 to 2010,include,openalex,
https://openalex.org/W3158392879,An assessment of the contribution of healthcare expenditure to life expectancy at birth in Nigeria,include,openalex,
https://openalex.org/W2900591118,Health care expenditure and infant mortality in sub-Saharan Africa,include,openalex,
https://openalex.org/W3038755095,The Impact of Public Health Expenditure on Health Component of Human Capital,exclude,openalex,no country-level financing-health analysis
https://openalex.org/W4311041998,The Relationship between Government Health Expenditure and Economic Growth: Evidence from Western Balkan Countries,exclude,openalex,no country-level financing-health analysis
https://openalex.org/W4378648617,Public health expenditure and under-five mortality in low-income Sub-Saharan African countries,include,openalex,
https://openalex.org/W2786050575,The Effect of Public Health Spending on Under-five Mortality Rate in Uganda,exclude,openalex,non-peer-reviewed source
https://openalex.org/W3202490679,"City health departments, public health expenditures, and urban mortality over 1910–1940",exclude,openalex,non-quantitative design
https://openalex.org/W2603324638,The IMF and government health expenditure: A response to Sanjeev Gupta,exclude,openalex,no country-level financing-health analysis
https://openalex.org/W3099354105,"Health Status, Government Health Expenditure and Economic Growth Nexus in India: A Toda–Yamamoto Causality Approach",include,openalex,
https://openalex.org/W2912538887,"Public Health Expenditure, Economic Growth and Health Outcomes in Nigeria",include,openalex,
https://openalex.org/W3189196350,"Politics, government health expenditure and infant mortality: does political party orientation matter?",include,openalex,
https://openalex.org/W4393083765,PUBLIC HEALTH EXPENDITURE AND MATERNAL MORTALITY IN NIGERIA,include,openalex,
https://openalex.org/W2786984624,Determinants of Public Health Expenditure Growth in Tanzania: An Application of Bayesian Model,exclude,openalex,non-peer-reviewed source
https://openalex.org/W1959813528,"Aging, growth and the allocation of public expenditures on health and education",exclude,openalex,no country-level financing-health analysis
https://openalex.org/W4398765910,Public Health Expenditure and Health Outcomes in Africa: The Moderating Effect of ICT Development,include,openalex,
https://openalex.org/W1456555466,"IMF Structural Adjustment, Public Health Spending, and Tuberculosis",include,openalex,
https://openalex.org/W4386415296,Impact of urbanization and income inequality on life expectancy of male and female in South Asian countries: a moderating role of health expenditures,include,openalex,
https://openalex.org/W2504180509,Public health expenditure of BRICS countries - an empirical analysis,exclude,openalex,no country-level financing-health analysis
https://openalex.org/W3010831243,"Public health financing, environmental quality, and the quality of life in Nigeria",include,openalex,
https://openalex.org/W1966217703,Public Health Finance,exclude,openalex,sub-national units
https://openalex.org/W1600506726,Public Expenditure and Health Status in Ghana,exclude,openalex,non-peer-reviewed source
https://openalex.org/W2919150685,"Public Health Expenditures, Environmental Pollution and Health Outcomes: Evidence from Nigeria",include,openalex,
https://openalex.org/W2596331862,Can a causal link be drawn? A commentary on “the impact of IMF conditionality on government health expenditure: A cross-national analysis of 16 West African nations”,exclude,openalex,no country-level financing-health analysis
https://openalex.org/W4384822980,The puzzle of public health expenditure and healthcare infrastructure in India: An empirical investigation,exclude,openalex,no country-level financing-health analysis
https://openalex.org/W4386897735,Widening rural–urban gap in life expectancy in China since COVID-19,exclude,openalex,non-quantitative design
https://openalex.org/W3196521118,Are Wealthy Countries Always Healthy? Health Outcomes and Public Health Spending Nexus in Nigeria,include,openalex,
https://openalex.org/W1967352821,Universal coverage and health financing from China's perspective,exclude,openalex,no country-level financing-health analysis
https://openalex.org/W2075620142,Working in health: financing and managing the public sector health workforce,exclude,openalex,no country-level financing-health analysis
https://openalex.org/W2964660713,Public and private health expenditure and life expectancy in Iran,exclude,openalex,non-peer-reviewed source
https://openalex.org/W2913926256,Public Health Spending and Health Outcomes in Kenya,include,openalex,
https://openalex.org/W2997189272,Life Expectancy of Population of the Country: The Role of Health Services Effectiveness,include,openalex,
https://openalex.org/W2971663793,"Health expenditure, longevity, and child mortality: dynamic panel data approach with global data",include,openalex,
https://openalex.org/W3035695894,Empirical analysis of factors influencing the public health expenditure in Malaysia,exclude,openalex,no country-level financing-health analysis
https://openalex.org/W3127098206,How do trade openness and public expenditures affect health status in OIC member countries? An empirical analysis,exclude,openalex,non-peer-reviewed source
https://openalex.org/W4319791771,Socioeconomic Determinants of Life Expectancy: Southeastern European Countries,include,openalex,
https://openalex.org/W2901446412,Impact Assessment of the Public Health Expenditure on the Health Outcome in Nigeria,include,openalex,
https://openalex.org/W4409791675,Navigating health financing cliffs: a new era in global health,exclude,openalex,no country-level financing-health analysis
https://openalex.org/W2016713662,How effective are public health departments at preventing mortality?,include,openalex,
https://openalex.org/W3019706636,Socio-economic Determinants of Life Expectancy in Nigeria,exclude,openalex,non-quantitative design
https://openalex.org/W2123498363,Maternal mortality: a cross-sectional study in global health,exclude,openalex,no country-level financing-health analysis
https://openalex.org/W4308465472,Public Health Expenditure and Life Expectancy: A Healthy Investment,include,openalex,
https://openalex.org/W4386011179,"National culture, public health spending and life insurance consumption: an international comparison",exclude,openalex,no country-level financing-health analysis
https://openalex.org/W2058992582,Does central government health expenditure and medical technology advancement determine economic growth rates in the Pacific island countries?,exclude,openalex,non-quantitative design
https://openalex.org/W4393260418,Effectiveness of public health spending in Sub-Saharan Africa: The moderating role of health system efficiency,include,openalex,
https://openalex.org/W4382315485,Public Policy and Health Outcomes: Impact of Health Expenditure on Life Expectancy and Child Mortality,include,openalex,
https://openalex.org/W2598744999,Per capita income and public health expenditure: what makes good child health outcomes in Tanzania? a comparison of Frequentist and Bayesian approach (1995-2013),include,openalex,
https://openalex.org/W4408792095,"Sustainable Development Goals (SDGs), Public Health Expenditures, and Maternal and Child Mortality in Selected African Countries: Forecasting Modelling",include,openalex,
https://openalex.org/W2775365519,Determinants of Public Expenditure on Health in Nigeria: A Factor Analysis,exclude,openalex,non-peer-reviewed source
https://openalex.org/W4381480395,Inequality aversion and government health expenditure,exclude,openalex,no country-level financing-health analysis
https://openalex.org/W3124710241,PUBLIC HEALTH EXPENDITURE AND INFANT MORTALITY RATE IN NIGERIA,include,openalex,
https://openalex.org/W406005444,Health Care Performance and Health Financing Systems in Countries from Central and Eastern Europe,exclude,openalex,non-peer-reviewed source
https://openalex.org/W3175527917,Impact of Government Health Expenditure on Health Outcomes in the West African Sub-Region,include,openalex,
https://openalex.org/W4387775663,Government health expenditure and child health: empirical evidence from West African countries,include,openalex,
https://openalex.org/W2970509707,"Causal Linkage amongst Public Expenditure on Health, Health Status and Growth: New Empirical Evidence from Toda-Yamamoto Approach for Nigeria",include,openalex,
https://openalex.org/W4403867077,The role of public health expenditure in reducing infant mortality rate in India: insights from cointegration analysis,include,openalex,
https://openalex.org/W2511088390,The impact of health financing and CO2 emission on health outcomes in Sub-Saharan Africa: A cross-country analysis,include,openalex,
https://openalex.org/W3131282271,Implementing health financing policies to overhaul the healthcare delivery system in Ukraine,exclude,openalex,individual- or facility-level design
https://openalex.org/W2606081124,Patterns of global health financing and potential future spending on health,exclude,openalex,no country-level financing-health analysis
https://openalex.org/W2903915637,"Health-care expenditures, economic growth and infant mortality: Evidence from developed and developing countries",include,openalex,
https://openalex.org/W4252401277,Public Health Expenditure and Child Mortality Rate as Determinants of Full Immunization Coverage and Poverty Rates in Cameroon,exclude,openalex,no country-level financing-health analysis
https://openalex.org/W2162443162,Pharmaceutical Expenditure as a Determinant of Health Outcomes in EU Countries,include,openalex,
https://openalex.org/W89509560,"Public Health Expenditures, Public Health Delivery Systems, and Population Health",exclude,openalex,non-peer-reviewed source
https://openalex.org/W2992450641,Impact of Public Health Expenditure on Infant and Under-five Mortality in Tanzania (1995-2013): An Application of Bayesian Approach.,include,openalex,
https://openalex.org/W3191852511,"Impact Of Economic Growth, Energy And Public Health Expenditure On Life Expectancy In Nigeria: Bound Test Approach",exclude,openalex,non-peer-reviewed source
https://openalex.org/W4297063763,"Public health spending, macroeconomic uncertainty and health outcome: New evidence from Nigeria",include,openalex,
https://openalex.org/W2899783293,Does Health Aid Reduce Infant and Child Mortality from Diarrhoea in Sub-Saharan Africa?,include,openalex,
https://openalex.org/W2597992454,"Relationships among gross domestic product per capita, government health expenditure per capita and infant mortality rate in China",include,openalex,
https://openalex.org/W4409614042,Revisiting the forecasting power of public health expenditure and climate change impact on life expectancy in Nigeria: A scenario analysis.,include,openalex,
https://openalex.org/W4313584539,"Health expenditure, life expectancy, fertility rate, CO2 emissions and economic growth Do public, private and external health expenditure matter",include,openalex,
https://openalex.org/W4386609969,Associations between county-level public health expenditures and community health planning activities with COVID-19 incidence and mortality,exclude,openalex,sub-national units
https://openalex.org/W2795497759,"Better spending, better care : a look at Haiti's health financing",exclude,openalex,non-peer-reviewed source
https://openalex.org/W2531735240,Spillover Effects of County Public Health Spending on Child Mortality,exclude,openalex,sub-national units
https://openalex.org/W4380996576,GOVERNMENT HEALTH EXPENDITURE (GHE) AND HEALTH SECTOR PERFORMANCE IN NIGERIA,include,openalex,
https://openalex.org/W4402395979,Factors Influencing Life Expectancy in Low-Income Countries: A Panel Data Analysis,include,openalex,
https://openalex.org/W4411497586,Government Health Expenditure and Health Outcomes in Nigeria,include,openalex,
https://openalex.org/W2095631580,The political context of social inequalities and health,exclude,openalex,no country-level financing-health analysis
https://openalex.org/W4407601857,"Impact of Government Health Expenditure, Energy Use and Ecological Foot Prints Consumption on Life Expectancy: An Analysis from Developing Countries",include,openalex,
https://openalex.org/W4409988701,Factors Influencing Life Expectancy: Global Evidence from 125 Countries,exclude,openalex,no country-level financing-health analysis
https://openalex.org/W4298105354,Life Expectancy at Birth and Environmental Degradation Link in Countries with High Air Pollution,include,openalex,
https://openalex.org/W3014427099,Infant Mortality in Low- and Middle-income Countries: Does Government Health Spending Matter?,include,openalex,
https://openalex.org/W4317209743,Assessment of the Impact of Some Socio - Economic Variables on Worldwide Average Life Expectancy: A Logit Approach,exclude,openalex,no country-level financing-health analysis
https://openalex.org/W3124491661,Impact of public health expenditure on health outcomes in Zimbabwe (1980-2014),exclude,openalex,non-peer-reviewed source
https://openalex.org/W4389879530,"Contemporary Public Health Finance: Varied Definitions, Patterns, and Implications",exclude,openalex,non-quantitative design
https://openalex.org/W4401548595,Public Health Financing and Population Health: What Role Do Institutions Play?,include,openalex,
https://openalex.org/W4229378939,Effects of health expenditures on infant and child mortality rates: A dynamic panel data analysis of 37 African countries,include,openalex,
https://openalex.org/W2804526681,The elasticity of demand for public health expenditure in South Africa: a cointegration approach,exclude,openalex,no country-level financing-health analysis
https://openalex.org/W4410499700,Multidimensional Determinants of Life Expectancy in Developing Countries: Evidence From Preston Curve Hypothesis,include,openalex,
https://openalex.org/W4220804971,Healthcare financing to achieve 78 years of life expectancy in Russia by 2030,include,openalex,
https://openalex.org/W4416440860,The Effect of Public Health Expenditure on Health Outcomes in Ethiopia,include,openalex,
https://openalex.org/W2040620604,Public spending and outcomes: Does governance matter?,include,openalex,
https://openalex.org/W2808593291,Public Health Financing and Infant Mortality: Does Governance Quality Matter?,include,openalex,
https://openalex.org/W3124959599,"An Analysis of Pattern and Determinants of Public Expenditure on Health in Andhra Pradesh, India",exclude,openalex,no country-level financing-health analysis
https://openalex.org/W4394726983,A distribution dependence study on the impacts of public health expenditure on national health across countries using quantile-on-quantile method,include,openalex,
https://openalex.org/W3122139764,"Economic Crises, Maternal and Infant Mortality, Low Birth Weight and Enrollment Rates: Evidence from Argentina’s Downturns",exclude,openalex,no country-level financing-health analysis
https://openalex.org/W2072027331,"Waste not, want not: The efficiency of health expenditure in emerging and developing economies",exclude,openalex,non-quantitative design
https://openalex.org/W4391268108,Public Health Expenditure and Economic Growth in Tanzania: Evidence from Autoregressive Distributed Lag And Causality Approaches,exclude,openalex,no country-level financing-health analysis
https://openalex.org/W2998752185,Can Public Health Spending and Maternal Education Predict Future Under-5 Mortality Rate in Nigeria?,exclude,openalex,non-peer-reviewed source
https://openalex.org/W2557157693,Effect of GDP Per Capita on National Life Expectancy,exclude,openalex,non-peer-reviewed source
https://openalex.org/W2068574119,The correlation of health spending and infant mortality rate in Asian countries,include,openalex,
https://openalex.org/W107728962,Estimating the Health and Economic Effects of Public Health Spending,exclude,openalex,non-peer-reviewed source
https://openalex.org/W3021925496,Is health expenditure effective for achieving healthcare goals? Empirical evidence from South-East Asia Region,include,openalex,
https://openalex.org/W2085944679,Factor Analysis of Attributive Determinants for Life Expectancy and Infant Mortality Rate with Recipient Country Data in Consideration of Socioeconomic Environment,exclude,openalex,no country-level financing-health analysis
https://openalex.org/W1603229256,Estimating Medical Cost Offsets Attributable to Public Health Spending,exclude,openalex,non-peer-reviewed source
https://openalex.org/W2755579718,The Effects of Health Expenditure on Health Outcomes in Sub-Saharan Africa (SSA),include,openalex,
https://openalex.org/W190735349,Brazil - Health financing profile,exclude,openalex,non-peer-reviewed source
https://openalex.org/W2883441291,"Health financing, environmental quality and health outcomes: evidence from developing countries",exclude,openalex,non-peer-reviewed source
https://openalex.org/W4402990892,Public Health Expenditure and Gross State Domestic Product in India: A Regression Analysis,exclude,openalex,sub-national units
https://openalex.org/W3107354066,Public health financing and health outcomes in Nigeria,exclude,openalex,non-peer-reviewed source
https://openalex.org/W3204615048,An Empirical Analysis of the Impact of Government Health Expenditures on the Performance of the Health Sector in Nigeria,include,openalex,
https://openalex.org/W4386397726,"PUBLIC HEALTH EXPENDITURE, ENVIROMENTAL POLLUTION AND HEALTH OUTCOMES IN NIGERIA",include,openalex,
https://openalex.org/W4399531752,Do Changes in Demographic Factors Affect Public Health Expenditures? The Case of Turkiye,exclude,openalex,no country-level financing-health analysis
https://openalex.org/W3026274128,Some Determinants of Infant Mortality Rate in SAARC Countries: an Empirical Assessment through Panel Data Analysis,include,openalex,
https://openalex.org/W7144171537,The moderating role of health financing and National security policies in addressing the effects of COVID-19 risks and poverty on life expectancy in developing nations,include,openalex,
https://openalex.org/W4405377771,Gender Health Inequalities in South Asia: A Case for Higher Public Health Expenditure,exclude,openalex,no country-level financing-health analysis
https://openalex.org/W2896814208,Macroeconomic Determinants of Infant Mortality in WAEMU Countries: Evidence from Panel Data Analysis,include,openalex,
https://openalex.org/W7164642289,Exploring Health Development Aid and Anthropogenic Stress as Drivers of Under-Five Malaria Mortality in Nigeria with Domestic Public Health Spending as a Moderator: A Bootstrap ARDL Analysis,include,openalex,
https://openalex.org/W4389042951,Towards equitable healthcare provision: convergence of public health spending and the role of decentralization in Malaysia,exclude,openalex,non-quantitative design
https://openalex.org/W2805325779,Kiribati - Health financing system assessment : spend better,exclude,openalex,non-peer-reviewed source
https://openalex.org/W2104656620,Do Socioeconomic Inequalities in Neonatal Mortality Reflect Inequalities in Coverage of Maternal Health Services? Evidence from 48 Low- and Middle-Income Countries,exclude,openalex,no country-level financing-health analysis
https://openalex.org/W4381046875,Gender inequity in physical activity and governmental health expenditure: evidence from big data,exclude,openalex,non-quantitative design
https://openalex.org/W4297819403,The Nexus Between Education and Life Expectancy in Ghana: Critical Analysis on the Impact of Educational Policies,exclude,openalex,no country-level financing-health analysis
https://openalex.org/W2029008402,Health Expenditures and Health Outcomes in Africa*,include,openalex,
https://openalex.org/W7117423018,An Econometric Analysis of Carbon Footprints and Life Expectancy in China,exclude,openalex,non-quantitative design
https://openalex.org/W328357766,Does Medicaid Crowd Out Other Public Health Spending? Projecting ACA’s Health & Economic Effects,exclude,openalex,non-peer-reviewed source
https://openalex.org/W2955753217,"Waste Not, Want Not",exclude,openalex,no country-level financing-health analysis
https://openalex.org/W2259302690,HEALTH ECONOMICS EVALUATION IN HEALTH FINANCING POLICY,exclude,openalex,non-quantitative design
https://openalex.org/W4408134143,The Nexus Between Per-capita Income and Life Expectancy in Ghana,include,openalex,
https://openalex.org/W1758895213,Argentina - Health Financing Profile,exclude,openalex,non-peer-reviewed source
https://openalex.org/W1906932881,Chile - Health financing profile,exclude,openalex,non-peer-reviewed source
https://openalex.org/W3020921190,Health Financing in the Republic of Gabon,exclude,openalex,non-peer-reviewed source
https://openalex.org/W4391825051,Do expenditures on public health reduce preventable mortality in the long run? Evidence from the Canadian provinces,exclude,openalex,non-quantitative design
https://openalex.org/W4401788419,Public Health Expenditure and Health Outcomes in Comoros: An Asymmetric Evidence Using Multiple Threshold Nonlinear ARDL Model,include,openalex,
https://openalex.org/W3010245554,A Panel Data Study of the Determinants of Life Expectancy in Low Income Countries,exclude,openalex,non-peer-reviewed source
https://openalex.org/W4297473211,Public health departments and the mortality transition in Latin America: Evidence from Puerto Rico,exclude,openalex,non-quantitative design
https://openalex.org/W66017975,Who benefits from public health spending and how long does it take? Estimating community-specific spending effects,exclude,openalex,non-peer-reviewed source
https://openalex.org/W2082793359,"Metropolitan Social Environments and Pre-HAART/HAART Era Changes in Mortality Rates (per 10,000 Adult Residents) among Injection Drug Users Living with AIDS",exclude,openalex,individual- or facility-level design
https://openalex.org/W1019423702,The Effectiveness of Health Expenditure on the Proximate and Ultimate Goals of Healthcare in Sub-Saharan Africa,include,openalex,
https://openalex.org/W4399739468,"Nexus Among Public Health Expenditure, Environmental Pollution, Governance and Health Status: Empirical Perspective from Nigeria",include,openalex,
https://openalex.org/W2159272558,Determinants of Child Mortality in Low-Income Countries: Empirical Findings from Demographic and Health Surveys,exclude,openalex,non-peer-reviewed source
https://openalex.org/W1670706318,Determinant of Infant Mortality Rate: A Panel Data Analysis of African Countries,exclude,openalex,no country-level financing-health analysis
https://openalex.org/W4416229783,Dual Effects of Education Expenditure on Life Expectancy: An Empirical Assessment of Crowding-Out and Complementarity,include,openalex,
https://openalex.org/W4362712646,"Health Expenditure, Child Mortality and Economic Growth in Nigeria",include,openalex,
https://openalex.org/W2514751353,"Deadly Politics: Elections, Medical Spending, and Mortality",include,openalex,
https://openalex.org/W2560820480,Sexuality and older people: a neglected issue,exclude,openalex,no country-level financing-health analysis
https://openalex.org/W4396802139,"Governance, Health Financing and Health Outcomes in Nigeria: A Quantitative Assessment",include,openalex,
https://openalex.org/W2061817167,Public Expenditure on Health and Private Old-Age Insurance in an OLG Growth Model with Endogenous Fertility: Chaotic Dynamics Under Perfect Foresight,exclude,openalex,no country-level financing-health analysis
https://openalex.org/W3082342579,Macroeconomic Determinants of Under-Five Mortality Rate in Nigeria,include,openalex,
https://openalex.org/W2943780527,State medical provision and health financing in Ukraine as compared to the experience of western European countries,exclude,openalex,non-quantitative design
https://openalex.org/W2913601078,Democracy and Infant Mortality in Less-Developed Nations: Dismantling Differences in Direct and Indirect Effects Modeling,exclude,openalex,no country-level financing-health analysis
https://openalex.org/W7125641912,"Integrating Preston’s Curve and the SDH Framework in China: How Natural Resources, Healthcare, and Environmental Degradation Shape Life Expectancy",include,openalex,
https://openalex.org/W2210645152,PUBLIC SPENDING ON HEALTH CARE AND HEALTH OUTCOMES: CROSS- COUNTRY COMPARISON,exclude,openalex,non-peer-reviewed source
https://openalex.org/W4396542991,From lemming to leader: Moving beyond Gross Domestic Product (GDP) to bring health financing assistance into the 21st century,exclude,openalex,non-quantitative design
https://openalex.org/W2980885302,"Corruption, mortality rates, and development: policies for escaping from the poverty trap",exclude,openalex,no country-level financing-health analysis
https://openalex.org/W2805264062,How Does the Health Sector Benefit from Trade Openness? Evidence from Sub‐Saharan Africa,exclude,openalex,no country-level financing-health analysis
https://openalex.org/W7135370627,"Remittances, Health Financing Systems, and SDG Three Outcomes in Africa",include,openalex,
https://openalex.org/W3085478235,Healthcare expenditure and health outcome nexus: Exploring the evidences from Oman,include,openalex,
https://openalex.org/W2040797116,On Measuring Aggregate “Social Efficiency”,exclude,openalex,no country-level financing-health analysis
https://openalex.org/W2908079302,Greenhouse Gas Emissions and Health Outcomes in Nigeria: Empirical Insight from ARDL Technique,exclude,openalex,non-peer-reviewed source
https://openalex.org/W2167981412,Comparison of the Effects of Public and Private Health Expenditures on the Health Status: A Panel Data Analysis in Eastern Mediterranean Countries,include,openalex,
https://openalex.org/W2903136469,Public Health Finance: Contributions From the Journal of Public Health Management & Practice,exclude,openalex,non-quantitative design
https://openalex.org/W4281290383,Human Development Index and Under-five Mortality in the Middle East and North African Countries,exclude,openalex,no country-level financing-health analysis
https://openalex.org/W2488111134,Mobile Phone and Child Mortality: The Case Of Developing Countries,exclude,openalex,non-peer-reviewed source
https://openalex.org/W2024315059,The future of death in America,exclude,openalex,no country-level financing-health analysis
https://openalex.org/W2902067713,Greenhouse Gas Emissions and Health Outcomes in Nigeria: Empirical Insight from Auto-regressive Distribution Lag Technique,exclude,openalex,non-peer-reviewed source
https://openalex.org/W3049423319,Mortality by cause of death in Colombia: a local analysis using spatial econometrics,exclude,openalex,no country-level financing-health analysis
https://openalex.org/W3203256656,"Opioid mortality, public health care expenditures, and cross-national homicide rates: findings from 25 OECD countries, 2000–2017",include,openalex,
https://openalex.org/W4294936155,The Impact of Health Expenditure on Maternal and Child Mortality in African countries,include,openalex,
https://openalex.org/W4321111680,Is government spending in the education and health sector necessary for human capital development?,exclude,openalex,no country-level financing-health analysis
https://openalex.org/W3198031434,Impact of under-five mortality on economic growth and health-care expenditures in India,exclude,openalex,non-quantitative design
https://openalex.org/W2546489167,The effect of health expenditure on selected maternal and child health outcomes in Sub-Saharan Africa,include,openalex,
https://openalex.org/W2580875533,Impact of Socioeconomic and Health System Factors on Infant Mortality Rate in Organization of the Petroleum Exporting Countries (OPEC): Evidence from 2004 to 2013,exclude,openalex,non-peer-reviewed source
https://openalex.org/W3158903460,Supply-side barriers and health system concerns in five high maternal mortality settings in Africa,exclude,openalex,non-quantitative design
https://openalex.org/W2781532430,"Health Services, Maternal Intrinsic and Socio-Cultural Factors and Perinatal Mortality",exclude,openalex,no country-level financing-health analysis
https://openalex.org/W3128221953,The role of governance in the health expenditure–health outcomes nexus: insights from West Africa,include,openalex,
https://openalex.org/W3201822085,The contribution of trade openness to health outcomes in sub-Saharan African countries: A dynamic panel analysis,exclude,openalex,no country-level financing-health analysis
https://openalex.org/W2241769420,The Efficiency of Healthcare Systems in Europe: A Data Envelopment Analysis Approach,exclude,openalex,no country-level financing-health analysis
https://openalex.org/W3013954746,Environmental Quality and Health Effects In Nigeria: Implications for Sustainable Economic Development,exclude,openalex,no country-level financing-health analysis
https://openalex.org/W2939537746,Health expenditure and FDI in Europe,exclude,openalex,no country-level financing-health analysis
https://openalex.org/W3000820978,A Step toward Realization of Vision 2030; Reduction in Child Mortality: New Evidence from South Asian Countries,include,openalex,
https://openalex.org/W2171778592,El Sistema de Salud de Chile: una tarea pendiente,exclude,openalex,no country-level financing-health analysis
https://openalex.org/W3116008021,Healthcare Financing and Under-5 Child Mortality Among the BRICS Nations,include,openalex,
https://openalex.org/W2144189793,Towards a framework convention on global health,exclude,openalex,no country-level financing-health analysis
https://openalex.org/W2786121749,Comportamento da mortalidade por câncer de mama nos municípios brasileiros e fatores associados,exclude,openalex,no country-level financing-health analysis
https://openalex.org/W2989990243,"Crises econômicas, mortalidade de crianças e o papel protetor do gasto público em saúde",include,openalex,
https://openalex.org/W2945034935,"Moving Our Education Priorities From Sickness to Health: The Opportunity for Health Promotion, Disease Prevention, and Population Health to Transform Health Professions Education",exclude,openalex,no country-level financing-health analysis
https://openalex.org/W2096256980,Who cares about health inequalities? Cross-country evidence from the World Health Survey,exclude,openalex,no country-level financing-health analysis
https://openalex.org/W2903018929,Health and Mental Health Effects of Local Immigration Enforcement,exclude,openalex,no country-level financing-health analysis
https://openalex.org/W4311895208,EXPLORATION OF DISTRICT-LEVEL INNOVATIONS TO ADDRESS MATERNAL AND NEONATAL MORTALITY IN INDONESIA,exclude,openalex,sub-national units
https://openalex.org/W18285934,Creating and Using New Data Sources to Analyze the Relationship between Social Policy and Global Health: The Case of Maternal Leave,exclude,openalex,no country-level financing-health analysis
https://openalex.org/W2520528186,Economic and Socioeconomic Determinants of Infant Mortality: A cross-country investigation,exclude,openalex,non-peer-reviewed source
https://openalex.org/W4387901408,"Out-of-pocket expenditure and mortality in the elderly in Europe: a longitudinal analysis, 2006-20",include,openalex,
https://openalex.org/W4387267558,Determinants of Children U5 Mortality due to Malaria in Ghana,include,openalex,
https://openalex.org/W2901786346,"Disease burden and government spending on mental, neurological, and substance use disorders, and self-harm: cross-sectional, ecological study of health system response in the Americas",include,openalex,
https://openalex.org/W4414291109,"Econometric analysis of the long-run relationship between preventive care spending and mortality: evidence from OECD countries, 1970–2019",include,openalex,
https://openalex.org/W3133778734,Health expenditure and economic growth in sub-Saharan Africa: an empirical investigation,exclude,openalex,no country-level financing-health analysis
https://openalex.org/W4408081832,The impact of public healthcare system on COVID-19 mortality rate in selected European and South Caucasian countries,include,openalex,
https://openalex.org/W7163906157,"Health Financing, Income, and Population Health in Morocco (2000–2022): Contrasting Evidence from Life Expectancy and Infant Mortality in an Exploratory ARDL Framework",exclude,openalex,non-peer-reviewed source
https://openalex.org/W2967587429,"IMPACT OF HEALTH EXPENDITURE ON CHILD MORTALITY RATE IN NIGERIA, 1980-2015",exclude,openalex,non-peer-reviewed source
https://openalex.org/W4280561858,Does health aid reduce infant mortality? Cross-country evidence,include,openalex,
https://openalex.org/W3138323070,Multiple Dimensions of Human Development Index and Public Social Spending for Sustainable Development,exclude,openalex,no country-level financing-health analysis
https://openalex.org/W2748798123,What Determines Health Status of Population in Pakistan?,exclude,openalex,no country-level financing-health analysis
https://openalex.org/W7167066189,TRENDS AND PATTERNS OF PUBLIC HEALTH EXPENDITURE IN INDIA: AN ANALYSIS OF HEALTH FINANCING INDICATORS,exclude,openalex,non-quantitative design
https://openalex.org/W4411989977,Does economic complexity drive health sector investment? Empirical assessment of Sub-Saharan Africa,exclude,openalex,no country-level financing-health analysis
https://openalex.org/W4390145018,"Fossil Energy Consumption, Carbon Dioxide Emissions and Adult Mortality Rate in Nigeria",exclude,openalex,no country-level financing-health analysis
https://openalex.org/W2417779280,"Public HEs, diminishing returns, and life expectancy in Latin American and Caribbean countries: a panel data analysis Gasto público em saúde, retornos decrescentes, e a expectativa de vida nos países da América Latina e do Caribe: uma análise com dados em painel",exclude,openalex,non-peer-reviewed source
https://openalex.org/W4399329238,Role of Economic Growth and Government Health Expenditures in Determining Life Expectancy in Selected Asian Countries,include,openalex,
https://openalex.org/W4393073972,The Relationship Between Health aid and Health Outcomes and the Role of Domestic Healthcare Expenditure in Developing Countries,include,openalex,
https://openalex.org/W4387527667,Gasto en salud y resultados en salud en América Latina y el Caribe,include,openalex,
https://openalex.org/W4391994038,"Economic development, life expectancy and public health expenditure in Mexico. Exploring the impact of COVID-19",include,openalex,
https://openalex.org/W2352581912,The effect of government health expenditure on perinatal mortality rate,exclude,openalex,no country-level financing-health analysis
https://openalex.org/W7147483718,"CLIMATE CHANGE, ENVIRONMENTAL DEGRADATION, AND PUBLIC HEALTH SPENDING: DRIVERS OF LIFE EXPECTANCY IN CENTRAL ASIAN ECONOMIES",exclude,openalex,non-peer-reviewed source
https://openalex.org/W2343066643,"TheGlobal strategy for women’s, children’s and adolescents’ health (2016–2030): a roadmap based on evidence and country experience",exclude,openalex,no country-level financing-health analysis
https://openalex.org/W2983869938,Financial Development and Health Outcomes in Sub-Saharan African Countries,include,openalex,
https://openalex.org/W2989463411,Does Air Pollution Affect the Impact of Economic Development on Cancer Mortality? The Case of OECD Countries,exclude,openalex,individual- or facility-level design
https://openalex.org/W2296437049,Can we buy health? Government health expenditure and population health in the developing world,exclude,openalex,non-quantitative design
https://openalex.org/W2948164451,OIL EXPLORATION AND EXPLOITATION IN NIGERIA AND THE CHALLENGE OF SUSTAINABLE DEVELOPMENT: AN ASSESSMENT OF THE NIGER DELTA,exclude,openalex,no country-level financing-health analysis
https://openalex.org/W2955250694,Estimating the future health care cost of population aging in South Africa,exclude,openalex,no country-level financing-health analysis
https://openalex.org/W2974697702,Examining the Potential of Blockchain Technology to Meet the Needs of 21st-Century Japanese Health Care: Viewpoint on Use Cases and Policy,exclude,openalex,no country-level financing-health analysis
https://openalex.org/W4413479832,Effect of Public Health Expenditure on the Under-Five Mortality Rate in Nigeria,exclude,openalex,non-peer-reviewed source
https://openalex.org/W2129962036,Modelling prenatal health care utilization in Tajikistan using a two-stage approach: implications for policy and research,exclude,openalex,no country-level financing-health analysis
https://openalex.org/W4405114551,Dissecting the Effect of Public Health Expenditure on Infant and Maternal Mortality: A Case of Nigeria,include,openalex,
https://openalex.org/W2007123980,An Analysis of the Role of Health Care in Reducing Socioeconomic Inequalities in Health: The Case of the Netherlands,exclude,openalex,no country-level financing-health analysis
https://openalex.org/W1784248820,Re-Examining the Correlation of Under-Five Mortality to Economy and Health Expenditure Indicators in Sub-Saharan African Countries (1990-2013),exclude,openalex,non-peer-reviewed source
https://openalex.org/W7128817179,Public Health Expenditure and Maternal Mortality Rate in Sub-Saharan African Countries,include,openalex,
https://openalex.org/W188232597,Child mortality and public health spending: is good governance the missing key?,exclude,openalex,non-peer-reviewed source
https://openalex.org/W2948564426,Faking global health,exclude,openalex,no country-level financing-health analysis
https://openalex.org/W4392453018,"Economic development, life expectancy and public health expenditure in Mexico. Exploring the impact of COVID-19, by Adrián De León Arias",exclude,openalex,non-quantitative design
https://openalex.org/W4411614704,The effect of foreign aid for health and government health expenditure on the mortality rate in Zambia,include,openalex,
https://openalex.org/W7160279740,"The impact of government health expenditure on malaria, infant and maternal mortality rates in Nigeria",include,openalex,
https://openalex.org/W4403964034,Impact of Government Health Expenditure on Maternal and Child Mortality Rates in a CLMV Country,include,openalex,
https://openalex.org/W2069159687,The Zimbabwe Crisis and the Provision of Social Services,exclude,openalex,no country-level financing-health analysis
https://openalex.org/W3210572127,Urbanization and Health Conditions in Nigeria: Dealing with the Urban Health Challenges,exclude,openalex,no country-level financing-health analysis
https://openalex.org/W7140297150,Public health spending and growth dynamics: evidence on infant mortality from northern states of India,exclude,openalex,no country-level financing-health analysis
https://openalex.org/W2139041145,Tracking global funding for the prevention and control of noncommunicable diseases,exclude,openalex,no country-level financing-health analysis
https://openalex.org/W2980745252,A study on the Analysis of the Effects of Government Health Expenditure on Maternal Mortality in 25 Sub-Saharan Africa Countries,include,openalex,
https://openalex.org/W7166513908,The Impact of Government Health Expenditures on Child Mortality in Afghanistan During the Years (2002–2024),include,openalex,
https://openalex.org/W2538488521,Revising the ICD: explaining the WHO approach,exclude,openalex,no country-level financing-health analysis
https://openalex.org/W1968683367,The 2030 sustainable development goal for health,exclude,openalex,no country-level financing-health analysis
https://openalex.org/W3045281639,Upshot of Public Health Expenditure on Economic Development,exclude,openalex,non-peer-reviewed source
https://openalex.org/W7144122338,Public Health Spending and Child Mortality : New Evidence from Developing Countries in Asia and the Pacific,exclude,openalex,non-peer-reviewed source
https://openalex.org/W7124926901,The Effect of Government Health Expenditure on Infant Mortality Rates in the SADC Region: A Case of Four Countries,include,openalex,
https://openalex.org/W4416904897,State Heterogeneity in Public Health Expenditure Effects on Mortality in India: The Role of Institutional Quality,exclude,openalex,non-quantitative design
https://openalex.org/W7157286530,"Health Intervention Intensity in Nigeria: Implications for Maternal Mortality, Infant Mortality and Life Expectancy",include,openalex,
https://openalex.org/W7155214016,Influence of Inflation and Public Health Expenditure on Health Outcomes in Nigeria,include,openalex,
https://openalex.org/W2996168061,Health Expenditure and Child Health Outcome in West Africa,include,openalex,
https://openalex.org/W4287555039,"THE IMPACT OF FOUR TYPES OF IMF POLICIES ON PUBLIC HEALTH SPENDING, CHILDREN IMMUNIZATION AND INFANT MORTALITY",exclude,openalex,non-peer-reviewed source
https://openalex.org/W3124856481,The Effect of the Private Health Insurances and Health Financing on the Population Health in the European Countries,exclude,openalex,no country-level financing-health analysis
https://openalex.org/W2026975707,Three decades of primary health care: reviewing the past and defining the future,exclude,openalex,no country-level financing-health analysis
https://openalex.org/W3108134967,"Risk factors, revascularization therapies and cardiovascular mortality in countries with middle and low public health expenditure",include,openalex,
https://openalex.org/W2299019966,Addressing the growing burden of non–communicable disease by leveraging lessons from infectious disease management,exclude,openalex,no country-level financing-health analysis
https://openalex.org/W4389456784,PUBLIC HEALTH FINANCING MODEL AND UNDER-FIVE MORTALITY RATE IN NIGERIA,include,openalex,
https://openalex.org/W7155950773,"Public health spending, climate-driven health risks, and under-five mortality in Tanzania. Does governance quality matter?",include,openalex,
https://openalex.org/W2795503662,The effect of good governship on public health expenditure in Iran,exclude,openalex,no country-level financing-health analysis
https://openalex.org/W3003150935,"CARBON EMISSIONS, HUMAN CAPITAL INVESTMENT AND ECONOMIC DEVELOPMENT IN NIGERIA",exclude,openalex,no country-level financing-health analysis
https://openalex.org/W4414260380,How Public Health Expenditure Affect Health Outcomes in Cameroon,include,openalex,
https://openalex.org/W4399540288,Impact Of Public Expenditure on Health Outcomes in Tamil Nadu,exclude,openalex,non-peer-reviewed source
https://openalex.org/W4400983349,Is rapid urbanisation in Africa jeopardising the health and education of the population?,exclude,openalex,no country-level financing-health analysis
https://openalex.org/W7161523571,Public Health Expenditure AND Economic Growth Nexus in South Asia,exclude,openalex,non-peer-reviewed source
https://openalex.org/W4409394459,Investigating the Long-Run Impact of Public Health Expenditures on Preventable Mortality in the Provinces of Iran: An ARDL Approach,exclude,openalex,no country-level financing-health analysis
https://openalex.org/W4387572283,Public Health Expenditure and Health Indicators on Productivity in Nigeria,exclude,openalex,no country-level financing-health analysis
https://openalex.org/W2500228639,"1219 Treatable cancer mortality is associated with changes in unemployment and public health spending: A global analysis, 1990-2010",exclude,openalex,individual- or facility-level design
https://openalex.org/W4417107212,Can Public Health Spending Mitigate the Impact of CO2 Emissions on Child Mortality in Sub-Saharan Africa SSA?,include,openalex,
https://openalex.org/W2262923067,Does governmental public health spending crowd out private investment in population health? An analysis of the community benefit activities of tax-exempt hospitals,exclude,openalex,non-quantitative design
https://openalex.org/W4392750306,Analysis of the Linkage Between Health Public Expenditures and Health Outcomes at the European Union Level,include,openalex,
https://openalex.org/W4391249928,"Health, economic growth, and Gini index in North America using a panel model",exclude,openalex,no country-level financing-health analysis
https://openalex.org/W7117306513,DISAGGREGATING HEALTH SPENDING AND LIFE EXPECTANCY: THE CASE OF NIGERIA,include,openalex,
https://openalex.org/W4401030751,Health expenditures and health outcomes in Central Europe and the Baltic Region,include,openalex,
https://openalex.org/W7134912527,Macroeconomic Determinants of Public Health Expenditure in India: Evidence from an ARDL Approach,exclude,openalex,no country-level financing-health analysis
https://openalex.org/W7196973396,Asymmetric Effects of Air Pollution and Public Health Expenditure on Mortality in South Africa: Does Access to Electricity Matter?,include,openalex,
https://openalex.org/W7163051701,Public Health Spending and Health Outcomes: What Are the Strategic Implications for The SADC Region?,include,openalex,
https://openalex.org/W4408071177,"Interlinking Air Pollution, Economic Growth, and Government Health Expenditures: Evidence from South Asia",exclude,openalex,no country-level financing-health analysis
https://openalex.org/W7161965989,Increasing the ecological footprint significantly reduces life expectancy and increases infant mortality rates in Ethiopia,exclude,openalex,no country-level financing-health analysis
https://openalex.org/W4403839806,The Role of Government Health Expenditure in Driving Economic Growth: Evidence from OECD Countries,exclude,openalex,no country-level financing-health analysis
https://openalex.org/W3202688477,"THE IMPACT OF PUBLIC HEALTH EXPENDITURE ON HEALTH OUTCOMES IN INDONESIA, 2013-2017",exclude,openalex,non-peer-reviewed source
https://openalex.org/W4242525274,An Analysis of Government Health Expenditure and Its Impact on Health of the Population in Indian States –An Empirical Study,exclude,openalex,sub-national units
https://openalex.org/W3200379764,The effect of the quality of institutions on the relationship between public health expenditure and the infant mortality rate: evidence from the PVAR (X) and PSTR approaches,include,openalex,
https://openalex.org/W2010094169,The Italian Twin Project: From the Personal Identification Number to a National Twin Registry,exclude,openalex,no country-level financing-health analysis
https://openalex.org/W4311714054,"The Link between Government Health Expenditure and Health Outcome in Nigeria, 1981-2019",include,openalex,
https://openalex.org/W7143444872,The Effects of Different Types of Health Expenditure on Mortality and Life Expectancy in the Organization for Islamic Cooperation (OIC) Countries,include,openalex,
https://openalex.org/W1863497805,Effect of Health Expenditure on Child Health in Sub-Saharan Africa: Governance Perspective,include,openalex,
https://openalex.org/W2313905016,Health System in India: Opportunities and Challenges for Enhancements,exclude,openalex,no country-level financing-health analysis
https://openalex.org/W4415917997,Air quality and aging: comparative evidence from high and low pollution economies,exclude,openalex,no country-level financing-health analysis
https://openalex.org/W7203778930,"Public Health Expenditure, Human Capital, and Economic Growth in South Asia: Panel Data Evidence",exclude,openalex,no country-level financing-health analysis
https://openalex.org/W7165684635,Public Health Expenditure and Health Outcomes in India: A Comparative Analysis Between Odisha and Bihar,exclude,openalex,sub-national units
https://openalex.org/W4367602507,The macro-economic determinants of health outcomes in EU member states,include,openalex,
https://openalex.org/W7139234705,Medicaid Crowd-Out of Other Public Health Spending: Modeling Economic & Health Effects,exclude,openalex,non-peer-reviewed source
https://openalex.org/W884900538,Medicaid Crowd-out of Other Public Health Spending: Modeling Economic and Health Effects,exclude,openalex,non-peer-reviewed source
https://openalex.org/W7135100091,Government Health Expenditure and Health Outcomes: An Empirical Analysis of OPEC Member Countries with Emphasis on African,include,openalex,
https://openalex.org/W3123253607,EFFECTS OF GOVERNMENT HEALTH EXPENDITURES ON THE PERFORMANCE OF HEALTH SECTOR IN NIGERIA (1979-2017). AN EMPIRICAL ANALYSIS,include,openalex,
https://openalex.org/W7140295229,Possibilities and Challenges of Increasing Life Expectancy in Nigeria,exclude,openalex,non-quantitative design
https://openalex.org/W7154973286,An Analysis of the Nexus Between Government Health Expenditure and Key Health Indicators in India: A Longitudinal Study from 2013-14 to 2021-22,include,openalex,
https://openalex.org/W4394606744,Trade Openness and Life Expectancy: Evidence from Nigeria,exclude,openalex,no country-level financing-health analysis
https://openalex.org/W4292714787,"Health Expenditures, Health Infrastructure and Health Status in SAARC Countries: A Panel Data Analysis",include,openalex,
https://openalex.org/W3195642845,Empirical analysis of factors influencing the public health expenditure in Malaysia / Yap Kok Wooi and Doris Padmini Selvaratnam.,exclude,openalex,non-peer-reviewed source
https://openalex.org/W2520482845,"Reforma del sector salud en el Perú: derecho, gobernanza, cobertura universal y respuesta contra riesgos sanitarios",exclude,openalex,no country-level financing-health analysis
https://openalex.org/W2902993977,Budgeting for a billion: applying health technology assessment (HTA) for universal health coverage in India,exclude,openalex,no country-level financing-health analysis
https://openalex.org/W4409292043,Impact of Per Capita Income on Life Expectancy in Nigeria,exclude,openalex,no country-level financing-health analysis
https://openalex.org/W2580184278,World’s foremost institute on death and disease metrics gets massive cash boost,exclude,openalex,no country-level financing-health analysis
https://openalex.org/W2992797312,"Public Health Expenditure, Child Right Act and Child Health Outcomes: The Nigerian Experience",exclude,openalex,non-peer-reviewed source
https://openalex.org/W4403437845,Impact Of State Expenditures On The Increase In Life Expectancy In Brazil,exclude,openalex,no country-level financing-health analysis
https://openalex.org/W4411856865,The Role of Government Health Expenditure In Translating Economic Growth Into Human Development: Dynamic Panel Analysis,exclude,openalex,no country-level financing-health analysis
https://openalex.org/W7146993973,"Health Expenditure, Life Expectancy and Economic Growth in Nigeria",include,openalex,
https://openalex.org/W4400320375,Autoregressive Distributed Lag (ARDL) Analysis of the Relationship Between Public Health Expenditure and Economic Growth in Benin,exclude,openalex,no country-level financing-health analysis
https://openalex.org/W4362644580,Interdependence of Public Health Expenditure Efficiency and Economic Development in Growing OECD Economies and the Republic of Serbia,exclude,openalex,non-quantitative design
https://openalex.org/W4296714073,Co-movement between the convergence of economic and health status in Central and Eastern Europe,exclude,openalex,no country-level financing-health analysis
https://openalex.org/W2966627391,Cost Productivity of Healthcare Systems in OIC’s Member Countries: an Application of Cost Malmquist Total Productivity Index,exclude,openalex,no country-level financing-health analysis
https://openalex.org/W3163714389,What Role Does Health Play in Enhancing Labour Productivity in Nigeria,exclude,openalex,non-peer-reviewed source
https://openalex.org/W2128590007,Reducing health inequalities--time for optimism,exclude,openalex,no country-level financing-health analysis
https://openalex.org/W2971615969,THE RELATIONSHIP BETWEEN HEALTH FINANCING MECHANISM AND MORTALITY RATE IN SANTA MARIA PEKANBARU HOSPITAL,exclude,openalex,non-peer-reviewed source
https://openalex.org/W4404811634,Equity in healthcare financing: A review of evidence,exclude,openalex,no country-level financing-health analysis
https://openalex.org/W4414213317,Government Health Spending and Life Expectancy: Evidence from Cities and Districts in Indonesia,exclude,openalex,no country-level financing-health analysis
https://openalex.org/W2606907827,Trajectories of Life Satisfaction and their Predictors among Korean Older Adults,exclude,openalex,no country-level financing-health analysis
https://openalex.org/W4411864908,"Unmet healthcare needs among older Europeans: trends, determinants, and the role of public health expenditure",exclude,openalex,no country-level financing-health analysis
https://openalex.org/W7164353440,Interactive Impact of Health Expenditure and Institutional Quality on Life Expectancy in Sub-Saharan Africa.,include,openalex,
https://openalex.org/W2010439007,Epigenetic mechanisms as mediators of environmental risks for psychiatric disorders,exclude,openalex,no country-level financing-health analysis
https://openalex.org/W4386936685,The Impact of Public Healthcare Expenditure and Other Determinants on Life Expectancy in Nigeria,include,openalex,
https://openalex.org/W7124838945,"Inequality, Development, and the Environment: Determinants of Health Outcomes in Sub‐Saharan Africa",exclude,openalex,no country-level financing-health analysis
https://openalex.org/W4416127133,Ecological Footprint Consumption Leads to Low Life Expectancy: Evidence from Developing Countries,exclude,openalex,no country-level financing-health analysis
https://openalex.org/W7124148120,Salud pública y cáncer cervicouterino en América Latina: impacto del gasto y legislación en la prevención en tres países,exclude,openalex,no country-level financing-health analysis
https://openalex.org/W4388602164,Healthcare access and equity in Nigeria,exclude,openalex,no country-level financing-health analysis
https://openalex.org/W4399591790,Estimating a cost-effectiveness threshold for healthcare decision-making in the Greek NHS,exclude,openalex,no country-level financing-health analysis
https://openalex.org/W1794036049,Public health spending and unfunded public pensions in an OLG model of neoclassical growth: some new results about the poverty trap problem.,exclude,openalex,non-peer-reviewed source
https://openalex.org/W70753477,Costa Rica - Health financing profile,exclude,openalex,non-peer-reviewed source
https://openalex.org/W4414426730,Addressing Health Inequalities in Greece: A Comprehensive Framework for Socioeconomic Determinants of Health,exclude,openalex,no country-level financing-health analysis
https://openalex.org/W587042798,Colombia - Health Financing Profile,exclude,openalex,non-peer-reviewed source
https://openalex.org/W3083128033,Health Expenditures and Health Outcomes in Kenya,include,openalex,
https://openalex.org/W1917616112,Jamaica - Health financing profile,exclude,openalex,non-peer-reviewed source
https://openalex.org/W2165668931,Health Sector Reforms and Health Poverty,exclude,openalex,no country-level financing-health analysis
https://openalex.org/W4399074277,Convergence of Health Expenditure and Health Outcomes in Central Europe and the Baltic Region,include,openalex,
https://openalex.org/W189275636,Mexico - Health Financing Profile,exclude,openalex,non-peer-reviewed source
https://openalex.org/W7154686320,Impact of carbon dioxide emissions on life expectancy in Morocco: An ARDL model approach,exclude,openalex,no country-level financing-health analysis
https://openalex.org/W4412960831,Economic Complexity and Health Outcomes in Africa: Empirical Insights from Panel Data Analysis,exclude,openalex,no country-level financing-health analysis
https://openalex.org/W245494153,Peru - Health financing profile,exclude,openalex,non-peer-reviewed source
https://openalex.org/W4406890942,"The linkage between economic growth, debt servicing, pollution and health expenditures: panel evidence from 42 African countries",exclude,openalex,no country-level financing-health analysis
https://openalex.org/W7160576800,"Assessing the Relationship between Income, Out of Pocket Expenditure, Government Health Expenditure and Health Outcome Towards Policy making in Saudi Arabia",exclude,openalex,non-peer-reviewed source
https://openalex.org/W4381465292,Public Health Expenditures and Economic Growth in Sub-Saharan Africa: A Long-Term Analysis using the VAR panel Method,exclude,openalex,non-peer-reviewed source
https://openalex.org/W2769412093,Textbook of Global Health,exclude,openalex,no country-level financing-health analysis
https://openalex.org/W4404834714,Role of Public Health Expenditure on Health Infrastructure and Manpower in India: A State-Level Analysis of the Nexus Between Indicators,exclude,openalex,no country-level financing-health analysis
https://openalex.org/W2582257625,The Value of Public Health,exclude,openalex,individual- or facility-level design
https://openalex.org/W2804017225,Health Outcomes in Sub-Saharan Africa Countries: An Analysis of Key Determinants,exclude,openalex,no country-level financing-health analysis
https://openalex.org/W4221078768,The macro‐level effect of religiosity on health,exclude,openalex,no country-level financing-health analysis
https://openalex.org/W7140136083,Effects of Governance and Public Health Spending: An Empirical Evidence from a Panel-Corrected Standard Errors Approach to Improving the Quality of Life in Arab Economies,exclude,openalex,no country-level financing-health analysis
https://openalex.org/W7104274969,Determinants Of Life Expectancy Among Males In Sub-Saharan Africa: A Systematic Review,exclude,openalex,non-peer-reviewed source
https://openalex.org/W2168284286,"Bailouts, austerity and the erosion of health coverage in Southern Europe and Ireland",exclude,openalex,no country-level financing-health analysis
https://openalex.org/W2945148586,RURAL - URBAN HEALTH DISPARITIES IN INDIA,exclude,openalex,no country-level financing-health analysis
https://openalex.org/W2517062597,Health inequity and health outcome: a causal linkage study of low and middle income countries,exclude,openalex,no country-level financing-health analysis
https://openalex.org/W2103278469,What has Happened in Africa since Cairo?,exclude,openalex,no country-level financing-health analysis
https://openalex.org/W3149736588,"ECONOMIC GROWTH, PUBLIC EXPENDITURE AND HUMAN DEVELOPMENT IN ASIA",exclude,openalex,non-peer-reviewed source
https://openalex.org/W4410260802,Assessing the impact of international trade on human development outcomes in Nigeria,exclude,openalex,no country-level financing-health analysis
https://openalex.org/W7172223029,"Environmental Degradation, Economic Growth and Life Expectancy in India: Evidence from Time-Series Analysis",exclude,openalex,non-peer-reviewed source
https://openalex.org/W7162318518,Human development under environmental and socioeconomic pressures: an ARDL-based assessment of life expectancy in Pakistan,exclude,openalex,no country-level financing-health analysis
https://openalex.org/W2276732711,Health Financing Reforms in India: Lessons from other Countries,exclude,openalex,non-peer-reviewed source
https://openalex.org/W4392877611,Indonesia's new health law: lessons for democratic health governance and legislation,exclude,openalex,no country-level financing-health analysis
https://openalex.org/W2153025910,Evaluación comparativa del desempeño de los sistemas estatales de salud usando cobertura efectiva,exclude,openalex,no country-level financing-health analysis
https://openalex.org/W4414066307,"Türkiye in the Framework of the Preston Curve and Wilkinson Hypothesis: The Transformation of Income Growth, Income Distribution, and Life Expectancy",include,openalex,
https://openalex.org/W2053338738,Women and children first: an appropriate first step towards universal coverage,exclude,openalex,no country-level financing-health analysis
https://openalex.org/W4386151116,Sedentary society: the impact of the digital era on physical activity levels,exclude,openalex,no country-level financing-health analysis
https://openalex.org/W3196298903,Remittance Volatility and Health Sector Performance: Evidence From Nigeria,exclude,openalex,no country-level financing-health analysis
https://openalex.org/W3193923312,Urbanization and Child Health Outcomes in Nigeria,exclude,openalex,no country-level financing-health analysis
https://openalex.org/W2971738777,Efeito da redistribuição das causas mal definidas de óbito sobre a taxa de mortalidade por câncer de mama no Brasil,exclude,openalex,no country-level financing-health analysis
https://openalex.org/W2167018035,Disadvantaged Rural Health Issues and Challenges: A Review,exclude,openalex,non-peer-reviewed source
https://openalex.org/W2996492235,"Income inequality, health expenditure and outcomes in Nigeria",include,openalex,
https://openalex.org/W7140493486,Out of pocket health spending and poverty dynamics in Sub Saharan Africa,exclude,openalex,no country-level financing-health analysis
https://openalex.org/W2011857940,Endogenous Lifetime in an Overlapping-Generations Small Open Economy,exclude,openalex,no country-level financing-health analysis
https://openalex.org/W4404444028,"Exploring the Impact of Environmental Degradation, Income Inequality, Technological Development and Food Availability on Quality of Life: Recent Evidence From South Asia",exclude,openalex,no country-level financing-health analysis
https://openalex.org/W4310023090,Constrained Public Health Care Spending and Steady State in Health Outcomes in Nigeria,include,openalex,
https://openalex.org/W7150963338,"Oil Prices, and Inflation on Life Expectancy Outcome in Nigeria: Evidence from an ARDL (Autoregressive Distributed Lag) Approach",exclude,openalex,no country-level financing-health analysis
https://openalex.org/W4408942937,"Revisiting the Role of Health Financing and Workforce on Public Health Outcomes in Low-, Middle- and High-Income Countries",include,openalex,
https://openalex.org/W2964530323,Primary care healthcare policy implementation in the Eastern Mediterranean region; experiences of six countries: Part II,exclude,openalex,no country-level financing-health analysis
https://openalex.org/W7125943701,"Health Financing, Privatization and Equity in Haryana’s Healthcare System",exclude,openalex,non-quantitative design
https://openalex.org/W4413082031,The Impact of Public Health Financing on Maternal Healthcare in India,exclude,openalex,no country-level financing-health analysis
https://openalex.org/W2121575325,Response to “The International Monetary Fund and the Ebola outbreak”,exclude,openalex,no country-level financing-health analysis
https://openalex.org/W2588279031,The Impact of Corruption on the Performance Management of European Health Systems,exclude,openalex,non-peer-reviewed source
https://openalex.org/W7119709177,IMPACT OF DETERMINANTS OF HEALTHCARE EXPENDITURE IN INDIA: THE ARDL BOUNDS TESTING APPROACH,exclude,openalex,no country-level financing-health analysis
https://openalex.org/W2083871708,Automated Estimated GFR Reporting and Late Referral: Are We Expecting Automatic Benefits?,exclude,openalex,no country-level financing-health analysis
https://openalex.org/W1989356768,Italy's health system reforms on hold,exclude,openalex,no country-level financing-health analysis
https://openalex.org/W3184192224,"An inquiry into the achievements in health outcomes of Bangladesh: role of health expenditure, income, governance and female education",include,openalex,
https://openalex.org/W4413227601,Trends and Patterns of Health Expenditure in India,include,openalex,
https://openalex.org/W2536359454,The Failure of User Fees as a Health Financing Mechanism: An International Perspective,exclude,openalex,individual- or facility-level design
https://openalex.org/W2943189881,Modeling the effects of health care expenditure and economic growth in Nigeria: An econometric analysis,exclude,openalex,no country-level financing-health analysis
https://openalex.org/W2067064266,Letter from Africa – Maternal-Child Health Leadership Academy – South African Pilot,exclude,openalex,no country-level financing-health analysis
https://openalex.org/W7133346109,The State and Future of Health Financing amid Uncertainty in External Funding,exclude,openalex,non-quantitative design
https://openalex.org/W4317653607,The Notion of Nigerian Healthcare System Management,exclude,openalex,no country-level financing-health analysis
https://openalex.org/W2020769788,Descentralización y equidad: el gasto público en salud en los municipios de la provincia de Buenos Aires,exclude,openalex,no country-level financing-health analysis
https://openalex.org/W4415380309,Public Health Finance Contributions to the Legacy of Dr. Lloyd Novick,exclude,openalex,individual- or facility-level design
https://openalex.org/W2044386498,Filling the Gaps in Data and Methods for Public Health Services and Systems Research (PHSSR),exclude,openalex,non-quantitative design
https://openalex.org/W4387642332,"Evaluating the Role of GDP Per Capita, Air Pollution and Non‐Economic Factors in Determining Health Expenditure: Evidence from Asian Region Using Instrumental Variables Techniques",exclude,openalex,no country-level financing-health analysis
https://openalex.org/W7165796367,Resource Dependence and Population Health Outcomes: Insights from Developing Countries (2000–2020),exclude,openalex,no country-level financing-health analysis
https://openalex.org/W7147738119,Technical Efficiency of Health Systems in African Least Developed Countries,exclude,openalex,no country-level financing-health analysis
https://openalex.org/W2774967326,Health Financing And Effectiveness Of Maternal And Child Health Services In North Sumatra,exclude,openalex,non-peer-reviewed source
https://openalex.org/W4237404314,National health care in Portugal: a new opportunity,exclude,openalex,no country-level financing-health analysis
https://openalex.org/W1536299004,Priorisierung auf der Makroebene. Das Gesundheitswesen im Ensemble sozialpolitischer Leistungsbereiche,exclude,openalex,no country-level financing-health analysis
https://openalex.org/W7118126438,Impact of Health Expenditure on Maternal and Child Health Outcomes in Nigeria: Evidence From NDHS Data,exclude,openalex,no country-level financing-health analysis
https://openalex.org/W4402810443,Effects of Public Health Financing on Reproductive Health Service Delivery in Malawi,exclude,openalex,sub-national units
https://openalex.org/W20484904,Peru - reforming health care for the poor,exclude,openalex,non-peer-reviewed source
https://openalex.org/W588999586,Public health and the poverty of reforms : the South Asian predicament,exclude,openalex,non-quantitative design
https://openalex.org/W3047474342,Effects of Corruption on Health Care Processes and Outcomes in Nigeria,exclude,openalex,no country-level financing-health analysis
https://openalex.org/W2514343445,"Health, wealth and party in inter-war London",exclude,openalex,no country-level financing-health analysis
https://openalex.org/W2991493371,Alteridade ou austeridade: uma revisão acerca do valor da equidade em saúde em tempos de crise econômica internacional,exclude,openalex,no country-level financing-health analysis
https://openalex.org/W2201573493,"Health insurance, assurance, and empowerment in India",exclude,openalex,no country-level financing-health analysis
https://openalex.org/W2055919664,Introduction: Globalization and the Non‐communicable Disease Epidemic,exclude,openalex,no country-level financing-health analysis
https://openalex.org/W1989347361,"Recortes, austeridad y salud. Informe SESPAS 2014",exclude,openalex,no country-level financing-health analysis
https://openalex.org/W2763734836,Classification of health indicators affecting human development index: a cross-country study,exclude,openalex,non-peer-reviewed source
https://openalex.org/W212053780,"Falling Behind: University of Kentucky’s Glen Mays Explains the Call for a Life Expectancy Goal in the U.S., the Need to Include Prevention in Comparative Effectiveness Research (syndicated television)",exclude,openalex,non-peer-reviewed source
https://openalex.org/W1986934752,Exploring the implications of a fixed budget for new medicines: a study of reimbursement of new medicines in Australia and New Zealand,exclude,openalex,no country-level financing-health analysis
https://openalex.org/W3111932808,"Objectives, methods, and results in critical health systems and policy research: evaluating the healthcare market",exclude,openalex,no country-level financing-health analysis
https://openalex.org/W4414304626,"Regional cooperation for health financing in SAARC: leveraging GGHE-D, EXT, and voluntary prepayments for equitable access",exclude,openalex,non-quantitative design
https://openalex.org/W2000085234,Research to achieve health care for all in India,exclude,openalex,no country-level financing-health analysis
https://openalex.org/W4386256780,The total factor productivity growth of health systems in African least developed countries,exclude,openalex,no country-level financing-health analysis
https://openalex.org/W2954153013,Sorafenib for advanced hepatocellular carcinoma (HCC) in the public health setting in Brazil: a cost-effectiveness analysis,exclude,openalex,no country-level financing-health analysis
https://openalex.org/W1986807047,Coste-efectividad de la terapia fotodinámica en la degeneración macular asociada a la edad,exclude,openalex,no country-level financing-health analysis
https://openalex.org/W4390884759,The Effects of Toxic Air Pollutants and Environmental Health on Public Health in Saudi Arabia,exclude,openalex,no country-level financing-health analysis
https://openalex.org/W4412957265,What are the key factors contributing to the inequity in healthcare resource allocation? Evidence from China’s health panel data from 2009 to 2021,exclude,openalex,no country-level financing-health analysis
https://openalex.org/W1982355365,"Langlebigkeit - die neue ?Soziale Frage"" des 21. Jahrhunderts?",exclude,openalex,no country-level financing-health analysis
https://openalex.org/W2351749369,Study on the equity of elder health financing in the experimental region of new-type rural cooperative medical system in Jiangxi province,exclude,openalex,sub-national units
https://openalex.org/W255049732,Pharmaceutical Expenditure as a Determinant of Health Outcomes in EU Countries/El gasto farmacéutico como determinante de los resultados en salud en países de la UE,include,openalex,
https://openalex.org/W2204321503,The road to universal health coverage in India,exclude,openalex,no country-level financing-health analysis
https://openalex.org/W567116349,Tackling health human resource challenges in India : initial observations on setting priorities for action,exclude,openalex,non-peer-reviewed source
https://openalex.org/W3215928000,Barriers and facilitators to the introduction of import duties designed to prevent noncommunicable disease in Tonga: a case study,exclude,openalex,no country-level financing-health analysis
https://openalex.org/W2320864247,The Politics of Policy THE POLITICAL CONTEXT OF SOCIAL INEQUALITIES AND HEALTH,exclude,openalex,non-peer-reviewed source
https://openalex.org/W158546177,Tax Levy Financing for Local Public Health,exclude,openalex,no country-level financing-health analysis
https://openalex.org/W4398160428,Enhancing health outcomes in institutionalized older adults: The critical role of combined exercise and nutritional interventions,exclude,openalex,non-quantitative design
https://openalex.org/W3139000114,WHICH HEALTH FINANCING MODEL IS BETTER: TAX-FINANCED OR SOCIAL HEALTH INSURANCE? WHAT DOES INTERNATIONAL EXPERIENCE PROVE?,exclude,openalex,non-quantitative design
https://openalex.org/W2746874296,Financial crises and child health: reflections from Iceland,exclude,openalex,no country-level financing-health analysis
https://openalex.org/W3044707558,“Doing Magic With Very Little”: Barriers to Ghanaian Midwives' Ability to Provide Quality Maternal and Neonatal Care,exclude,openalex,no country-level financing-health analysis
https://openalex.org/W4399097565,Identifying determinants of spatial agglomeration of healthcare resources by using spatial econometric methods: a longitudinal study in China,exclude,openalex,no country-level financing-health analysis
https://openalex.org/W2546094782,Determinants of Child Health Inequalities in Developing Countries: a New Perspective,exclude,openalex,no country-level financing-health analysis
https://openalex.org/W1562364003,Ailing Health Status in West Bengal Critical Analysis,exclude,openalex,no country-level financing-health analysis
https://openalex.org/W2206653937,India's health: more practical solutions needed,exclude,openalex,no country-level financing-health analysis
https://openalex.org/W2803861316,Tracking India’s Progress in Health Sector after 70 Years of Independence,exclude,openalex,no country-level financing-health analysis
https://openalex.org/W7165164830,Does increasing overall health expenditure reduce inequality in under 5 mortality rates between provinces in Indonesia?,exclude,openalex,no country-level financing-health analysis
https://openalex.org/W7117998568,Pengaruh Kapasitas Layanan dan Pembiayaan Kesehatan terhadap Peningkatan Angka Harapan Hidup di Provinsi Nusa Tenggara Barat,exclude,openalex,no country-level financing-health analysis
https://openalex.org/W3135426453,Financing health care in the WHO South-East Asia Region,exclude,openalex,no country-level financing-health analysis
https://openalex.org/W2756612298,Health impact on Economy by Artificial Neural Network and Dynamic Ordinary Least Squares,exclude,openalex,non-peer-reviewed source
https://openalex.org/W2794352516,Federal Participation in Innovative Public Health Financing: the Social Impact Bond Act (HR 4885) and the Pay for Performance Act (S.2691),exclude,openalex,non-peer-reviewed source
https://openalex.org/W2977350659,The Effectiveness of Debt Relief: Assessing the Influence of the HIPC Initiative and MDRI on Tanzania’s Health Sector,exclude,openalex,no country-level financing-health analysis
https://openalex.org/W2064793270,Balancing equity and efficiency through health care policies in Slovenia during the period 1990-2008,exclude,openalex,no country-level financing-health analysis
https://openalex.org/W2232028631,Catastrophic Health Expenditure and Household Impoverishment: a case of NCDs prevalence in Kenya,exclude,openalex,non-quantitative design
https://openalex.org/W2158202266,VIP as a Potential Therapeutic Agent in Gram Negative Sepsis,exclude,openalex,no country-level financing-health analysis
https://openalex.org/W2008971276,Devolution and the Interregional Inequalities in Health and Healthcare in Spain,exclude,openalex,no country-level financing-health analysis
https://openalex.org/W2263132656,The Oncology Scenario in India: Lots of Gaps Need to be Bridged,exclude,openalex,no country-level financing-health analysis
https://openalex.org/W4391457266,Evaluating the Financial Efficiency of the Healthcare System: A Three-Stage DEA Model Analysis,exclude,openalex,no country-level financing-health analysis
https://openalex.org/W3129136678,Strategic Purchasing and Health System Efficiency: Prospects for Health Sector Reform in Latvia,exclude,openalex,no country-level financing-health analysis
https://openalex.org/W2024269961,Accounting for geographical inequalities in the assessment of equity in health care: a benefit incidence analysis,exclude,openalex,no country-level financing-health analysis
https://openalex.org/W3087532931,Global Dialysis Perspective: Guatemala,exclude,openalex,no country-level financing-health analysis
https://openalex.org/W4394830356,Health Insurance Cost Prediction Using Regression Machine Learning Models,exclude,openalex,no country-level financing-health analysis
https://openalex.org/W2078853165,Health and the Indian caste system,exclude,openalex,no country-level financing-health analysis
https://openalex.org/W4408280895,Exploring the role of environmental pollution and trade openness in human health in the context of sustainable development,exclude,openalex,no country-level financing-health analysis
https://openalex.org/W2588704655,Amenable mortality in the EU28 before and after the economic crisis,exclude,openalex,no country-level financing-health analysis
https://openalex.org/W4413843409,INFLATION AND MORTALITY NEXUS: EMPIRICAL EVIDENCE FROM SOUTH ASIAN COUNTRIES,exclude,openalex,no country-level financing-health analysis
https://openalex.org/W7160562441,"Study of trends in birth rate, death rate and infant mortality rate in India",exclude,openalex,non-quantitative design
https://openalex.org/W3014135882,Mortalidad infantil en México: logros y desafíos,exclude,openalex,no country-level financing-health analysis
https://openalex.org/W4393096947,The national health care system financing in the context of medical care developing trends and socio-economic realities,exclude,openalex,no country-level financing-health analysis
https://openalex.org/W7165787467,"Governance fragmentation and public health prevention systems in English local authorities, 2013–2025: a longitudinal ecological study of council political control, prevention spending, and population health outcomes",exclude,openalex,non-peer-reviewed source
https://openalex.org/W4401236486,A Global Perspective on Socioeconomic Determinants of Cardiovascular Health,exclude,openalex,no country-level financing-health analysis
https://openalex.org/W2947367691,How are Women in African Parliaments influencing health outcomes?,exclude,openalex,no country-level financing-health analysis
https://openalex.org/W2126075314,Financing health care,exclude,openalex,non-peer-reviewed source
https://openalex.org/W3171532725,"Maternal mortality in Italy: Evolution and regional differences, 1887–1955",exclude,openalex,non-peer-reviewed source
https://openalex.org/W2010295346,Health systems: the challenge of adapting and responding to the accelerating health transition in low income countries,exclude,openalex,no country-level financing-health analysis
https://openalex.org/W2330300095,P2-513 Social and geographical variations of maternal mortality in Mexico,exclude,openalex,sub-national units
https://openalex.org/W3095996090,Public Spending on Health: Effects on Child Mortality. A Study of the Population without Social Security in Mexico.,exclude,openalex,non-peer-reviewed source
https://openalex.org/W2953136983,SP675CAUSE SPECIFIC MORTALITY ASSOCIATED WITH DIABETES IN INCIDENT HEMODIALYSIS PATIENTS,exclude,openalex,non-quantitative design
https://openalex.org/W2131814147,"Economic Development, Risky Sexual Behavior, and AIDS Epidemics—Theory and Evidence",exclude,openalex,no country-level financing-health analysis
https://openalex.org/W4378701392,Examining the linkages between human capital and economic growth in India,exclude,openalex,no country-level financing-health analysis
https://openalex.org/W4409233309,Exploring Different Configurations of Health Determinants in European Countries,exclude,openalex,no country-level financing-health analysis
https://openalex.org/W3011026709,Health Care Assessment of Health Care Delivery and Outcome- A West African Review,exclude,openalex,no country-level financing-health analysis
https://openalex.org/W4248542147,Philanthropic gifts for health: the stage is set,exclude,openalex,no country-level financing-health analysis
https://openalex.org/W2035605487,Gender equity and universal health coverage in India,exclude,openalex,no country-level financing-health analysis
https://openalex.org/W2766382315,Does Community-Based Health Insurance Reduce Child Stunting? Evidence From Rural Uganda,exclude,openalex,no country-level financing-health analysis
https://openalex.org/W2597628119,Optimising care for children with kidney disease,exclude,openalex,no country-level financing-health analysis
https://openalex.org/W2975577245,Workplace Health Promotion as a good solution to the negative impact of the financial crisis on healthcare systems,exclude,openalex,non-peer-reviewed source
https://openalex.org/W2766953818,Development of a resource allocation formula for substance misuse treatment services,exclude,openalex,no country-level financing-health analysis
https://openalex.org/W4395059665,UTILIZING MACHINE LEARNING TO DETERMINE THE COST OF MEDICAL INSURANCE,exclude,openalex,no country-level financing-health analysis
https://openalex.org/W2887255050,Ayushman bharat initiative (2018): What we stand to gain or lose!,exclude,openalex,no country-level financing-health analysis
https://openalex.org/W4312591429,The Relationship Between Health System Functions and the Prevalence of Down Syndrome on a Global Scale,exclude,openalex,no country-level financing-health analysis
https://openalex.org/W7125425117,Official Development Assistance for Health and Maternal Mortality in Sub-Saharan Africa,include,openalex,
https://openalex.org/W2342808339,Ethical challenges in designing and implementing health systems research: Experiences from the field,exclude,openalex,no country-level financing-health analysis
https://openalex.org/W4386918057,Unpacking the challenges of fragmentation in community-based maternal newborn and child health and health system in rural Ethiopia: A qualitative study,exclude,openalex,no country-level financing-health analysis
https://openalex.org/W4401914891,Comparing scale up of status quo hypertension care against dual combination therapy as separate pills or single pill combinations: an economic evaluation in 24 low- and middle-income countries,exclude,openalex,no country-level financing-health analysis
https://openalex.org/W7163559493,Key Determinants of Infant Mortality Rate in Asian Countries: A Cross-Sectional Analysis,include,openalex,
https://openalex.org/W2023452315,"Structural Adjustment Programs and the Trickle-Down Effect: A Case Study of the Fujimori Period in Peru, Using Reproductive Health as an Indicator for Levels of Poverty",exclude,openalex,no country-level financing-health analysis
https://openalex.org/W2195013393,I ntergenerational R eport 2015: A limited and political view of our future,exclude,openalex,no country-level financing-health analysis
https://openalex.org/W14160888,I costi della sindrome metabolica,exclude,openalex,no country-level financing-health analysis
https://openalex.org/W4294870714,The Impact of Health Sector Reforms on Health System in Bangladesh: A Scoping Review,exclude,openalex,no country-level financing-health analysis
https://openalex.org/W2948366769,Public Health aspects of Cesarean section including overuse and underuse of the procedure,exclude,openalex,non-quantitative design
https://openalex.org/W4408854046,"EVALUATION OF OECD COUNTRIES IN TERMS OF HUMAN DEVELOPMENT INDEX, MORTALITY RATES AND HEALTH EXPENDITURES WITH CLUSTER ANALYSIS",exclude,openalex,non-quantitative design
https://openalex.org/W4393850795,WCN24-2660 SARC-F AND SARC-CALF ARE PREDICTORS OF MORTALITY IN PATIENTS UNDERGOING HEMODIALYSIS: A COHORT STUDY,exclude,openalex,individual- or facility-level design
https://openalex.org/W2345151145,"Using multistakeholder dialogues to assess policies, programmes and progress for women’s, children’s and adolescents’ health",exclude,openalex,no country-level financing-health analysis
https://openalex.org/W2739592681,OVERVIEW AND CURRENT SITUATION OF OCCUPATIONAL MEDICINE IN EGYPT,exclude,openalex,no country-level financing-health analysis
https://openalex.org/W4387411450,"Public Spending, Governance, and Mortality Probability in the Indian Subnational: A Two-Level Random Intercept Analysis",exclude,openalex,non-quantitative design
https://openalex.org/W2131832273,PUBLIC HEALTH CARE EXPENDITURE IN NIGERIA: CIVILIAN VERSUS MILITARY REGIMES,exclude,openalex,non-peer-reviewed source
https://openalex.org/W2112297334,Misconceptions and misapprehensions about population ageing,exclude,openalex,no country-level financing-health analysis
https://openalex.org/W7130651072,Convergence in mortality from ischemic diseases and diabetes mellitus at the regional level in Mexico (1998 – 2023),exclude,openalex,no country-level financing-health analysis
https://openalex.org/W4410189665,Heart Failure in Sub-Saharan Africa: Current and Future Systems of Care,exclude,openalex,no country-level financing-health analysis
https://openalex.org/W7117467985,Effect of external health expenditure and urbanization on mortality rates in low and lower middle income countries,include,openalex,
https://openalex.org/W4415163437,"INDOOR AIR POLLUTION, MATERNAL AND NEONATAL MORTALITY NEXUS: EVIDENCE FROM LOW- AND MIDDLE-INCOME COUNTRIES",exclude,openalex,no country-level financing-health analysis
https://openalex.org/W4403824123,2008 economic crisis impact on perinatal and infant mortality in Southern European countries,exclude,openalex,no country-level financing-health analysis
https://openalex.org/W4401274159,Evaluation of the Millennium Development Goal 4 (Reduce Child Mortality) and the Impact of Government Expenditure on Health in Nigeria,include,openalex,
https://openalex.org/W3160411604,Variation in neonatal mortality rates and its socio-economic determinants in South Asian countries,exclude,openalex,no country-level financing-health analysis
https://openalex.org/W4403825441,How Avoidable Mortality is influenced by health expenditure: an Italian 14-year panel data analysis,include,openalex,
https://openalex.org/W3029978522,The Dire State of the Kenyan National Healthcare System’s Effect on Maternal Mortality: Policy Implications,exclude,openalex,non-peer-reviewed source
https://openalex.org/W4412066850,The effects of public and private health spending on under-five mortality: Do female literacy and good governance matter?,include,openalex,
https://openalex.org/W2904106418,"Maternal health as a human right: health care system innovations to reduce inequities in maternal health in Bolivia, Nicaragua and Guatemala 1990-2018",exclude,openalex,non-peer-reviewed source
https://openalex.org/W2090313642,Effect of development assistance on domestic health expenditures,exclude,openalex,no country-level financing-health analysis
https://openalex.org/W7166308265,Analysis of the effect of corruption control on the mortality of children under five years in selected oil exporting countries,exclude,openalex,no country-level financing-health analysis
https://openalex.org/W2307463174,Catastrophic health expenditure and household impoverishment: a case of prevalence of non-communicable diseases in Kenya,exclude,openalex,non-peer-reviewed source
https://openalex.org/W2140683388,Newborn survival: changing the trajectory over the next decade,exclude,openalex,no country-level financing-health analysis
https://openalex.org/W2514960549,Lao PDR health center workforce survey : findings from a nationally-representative health center and health center worker survey,exclude,openalex,non-peer-reviewed source
https://openalex.org/W3070829356,Global Dialysis Perspective: India,exclude,openalex,no country-level financing-health analysis
https://openalex.org/W4403815641,Health Impacts of Disasters and Social Indicators: An Ecological Study,exclude,openalex,no country-level financing-health analysis
https://openalex.org/W4293237273,"Crude death and crude birth rates, and economic development in sub-Saharan Africa Countries",exclude,openalex,no country-level financing-health analysis
https://openalex.org/W4396498298,Carbon Dioxide Emissions and Its Socio-Economic Drivers Nexus: Empirical Evidence from MENA Countries,exclude,openalex,no country-level financing-health analysis
https://openalex.org/W3133279753,The Effects of Health Aid on Heterogeneous Child Health Outcomes: An Empirical Evidence from Nigeria,include,openalex,
https://openalex.org/W2520581946,Progress in south Asia after the launch of the Global Every Newborn Action Plan,exclude,openalex,no country-level financing-health analysis
https://openalex.org/W4250401499,"Millennium Development Goal Four; Child and Infant Mortality, Achievements in Economic Cooperation Organization Countries: An Ecological Study",exclude,openalex,non-quantitative design
https://openalex.org/W4295923778,The rising cost of healthcare and its contribution to the worsening disease burden in developing countries,exclude,openalex,no country-level financing-health analysis
https://openalex.org/W7164746034,"Declining Donor Funding for HIV Programmes in Sub-Saharan Africa: Implications for HIV Incidence, Mortality, and Domestic Financing",include,openalex,
https://openalex.org/W1516480858,INFORMAL HEALTH ECONOMICS IN UKRAINE,exclude,openalex,non-peer-reviewed source
https://openalex.org/W1850193509,UN set to change the world with new development goals,exclude,openalex,no country-level financing-health analysis
https://openalex.org/W2071241740,lraq's health system yet to heal from ravages of war,exclude,openalex,no country-level financing-health analysis
https://openalex.org/W7130389781,"Prayer, politics, and policy related to age-adjusted cancer, heart disease, infant mortality, and COVID-19 death Rates, U.S. states 2018–2021",exclude,openalex,individual- or facility-level design
https://openalex.org/W3085687128,"The impact of the Country’s health services’ expenditure on the success of MDGs, Goal 4/SDG 3: Reduction of child mortality in Uganda (2000-2016).",include,openalex,
https://openalex.org/W4405901551,"Infant mortality rate in Tamil Nadu, Kerala, and Uttar Pradesh: a comparative analysis using national family health survey 2019-21 data",exclude,openalex,sub-national units
https://openalex.org/W4220832732,"Treatment-Seeking Behavior of the Public During an Acute Stroke or Cardiac Event—Health-Care Expert’s Perspective From Kerala, India",exclude,openalex,no country-level financing-health analysis
https://openalex.org/W2990070282,"Changes in disease burden in Poland, 1990-2017: a systematic analysis for the GBD Study 2017",exclude,openalex,no country-level financing-health analysis
https://openalex.org/W2578886104,Estimating the Costs of Foundational Capabilities for the Nation's Public Health System,exclude,openalex,non-peer-reviewed source
https://openalex.org/W3134751452,SOCIOECONOMIC INDICATORS OF SELECTED WEST AFRICAN COUNTRIES AND PROSPECT FOR 2030 DEVELOPMENT AGENDA,exclude,openalex,no country-level financing-health analysis
https://openalex.org/W1976700655,Universal health care in India: missing core determinants,exclude,openalex,no country-level financing-health analysis
https://openalex.org/W3002300088,Oxygen therapy for children: A key tool in reducing deaths from pneumonia,exclude,openalex,no country-level financing-health analysis
https://openalex.org/W2029418333,Towards a truly universal Indian health system,exclude,openalex,no country-level financing-health analysis
https://openalex.org/W3035742652,EVALUASI KETERSEDIAAN FASILITAS KESEHATAN YANG MEMADAI TERHADAP PENCAPAIAN REVOLUSI KIA DI MANGGARAI,exclude,openalex,no country-level financing-health analysis
https://openalex.org/W2974502228,Women's rights will drive universal health coverage,exclude,openalex,no country-level financing-health analysis
https://openalex.org/W2971559012,A conceptual framework for the revision of the ICD‐10 classification of mental and behavioural disorders,exclude,openalex,no country-level financing-health analysis
https://openalex.org/W2774035520,Training the next generation of cardiovascular leaders in health policy and economics,exclude,openalex,no country-level financing-health analysis
https://openalex.org/W2077046366,The Costs of Metabolic Syndrome in Italy,exclude,openalex,no country-level financing-health analysis
https://openalex.org/W2165576188,Three global health reports: towards a growing consensus?,exclude,openalex,no country-level financing-health analysis
https://openalex.org/W7155699084,Trends Determinants and Policy Priorities in Maternal and Child Health in Nigeria,exclude,openalex,non-peer-reviewed source
https://openalex.org/W7166508098,"Effect of Government Healthcare Interventions on Health Outcomes in Nigeria, 2000-2024",include,openalex,
https://openalex.org/W4386464985,Over view of healthcare associated infections in Indian and global scenario: A literature review,exclude,openalex,non-peer-reviewed source
https://openalex.org/W2770195904,Use of synthetic control methodology for evaluating public health interventions: a literature review,exclude,openalex,no country-level financing-health analysis
https://openalex.org/W2115389941,HEALTH SYSTEM FINANCING IN PAKISTAN: REVIEWING RESOURCES AND OPPORTUNITIES,exclude,openalex,non-peer-reviewed source
https://openalex.org/W2041646755,Glass half empty: the Eurozone and internal market overshadow the health effects of Maastricht,exclude,openalex,no country-level financing-health analysis
https://openalex.org/W4411236170,“Navigating Uncertainty: Assessing the Socioeconomic and Health Implications of USAID and PEPFAR Funding Withdrawal in Africa”,include,openalex,
https://openalex.org/W2109003677,European health systems face scrutiny in US debate,exclude,openalex,no country-level financing-health analysis
https://openalex.org/W2037914824,India: access to affordable drugs and the right to health,exclude,openalex,no country-level financing-health analysis
https://openalex.org/W4224050903,"An assertive, practical, and substantive agenda to catalyse meaningful change",exclude,openalex,no country-level financing-health analysis
https://openalex.org/W1984098263,The next stage for diagnosis: validity through utility,exclude,openalex,no country-level financing-health analysis
https://openalex.org/W2053994292,"Oral calcium, sevelamer and vascular calcification in uraemic patients",exclude,openalex,no country-level financing-health analysis
https://openalex.org/W2073415580,Cuba's economic reforms prompt debate about health care,exclude,openalex,no country-level financing-health analysis
https://openalex.org/W2071748730,Health in Bangladesh: lessons and challenges,exclude,openalex,no country-level financing-health analysis
https://openalex.org/W3003960062,"IMPLEMENTASI PROGRAM JAMINAN KESEHATAN NASIONAL DAN PERMASALAHANNYA DALAM PENURUNAN ANGKA KEMATIAN IBU (STUDI DI KABUPATEN SOLOK, PROVINSI SUMATERA BARAT)",exclude,openalex,no country-level financing-health analysis
https://openalex.org/W2334534756,Singapore's health system: a model for Australia?,exclude,openalex,no country-level financing-health analysis
https://openalex.org/W4416205355,Equity in health funding: an analysis of the essential package of health services (EPHS) in Somalia (2021–2026),exclude,openalex,no country-level financing-health analysis
https://openalex.org/W2010432755,Challenges to the Chinese Health Insurance System,exclude,openalex,no country-level financing-health analysis
https://openalex.org/W787960869,Universal health coverage and the public health workforce,exclude,openalex,non-quantitative design
https://openalex.org/W2238882248,The Use of Local Tax Dollars in Kentucky Local Health Departments to Sustain Programs From 2009-2013,exclude,openalex,non-peer-reviewed source
https://openalex.org/W2967784223,Peran Serta Kader Dalam Pelaksanaan Program Pos Pembinaan Terpadu Di Puskesmas Purwodiningratan Surakarta,exclude,openalex,non-peer-reviewed source
https://openalex.org/W2791544151,Femoropopliteal atherosclerosis,exclude,openalex,no country-level financing-health analysis
https://openalex.org/W7116871086,The humanitarian-development nexus and its operationalization for health interventions in Mali,exclude,openalex,no country-level financing-health analysis
https://openalex.org/W1987344656,Usefulness of foreign aid for health care in less-developed countries,exclude,openalex,no country-level financing-health analysis
https://openalex.org/W4290189703,"The impact of changing health indicators on infant mortality rates in Brazil, 2000 and 2005 Impacto de los cambios en los indicadores de salud sobre las tasas de mortalidad infantil en Brasil, 2000 y 2005",exclude,openalex,non-peer-reviewed source
https://openalex.org/W3089308069,Empowerment of elderly groups through the elderly health services assistance program,exclude,openalex,no country-level financing-health analysis
https://openalex.org/W4405624411,An Expenditure on Health and Expectancy of Life Dynamics in Nepal: An Analysis With Uneven Linearity,exclude,openalex,no country-level financing-health analysis
https://openalex.org/W1608749070,ANALISIS PEMBIAYAAN PROGRAM KESEHATAN IBU DAN BAYI DI KABUPATEN/KOTA,exclude,openalex,no country-level financing-health analysis
https://openalex.org/W4389141557,"HEALTHCARE IN CHINA AND RUSSIA. SIMILARITY, DIFFERENCES AND COOPERATION",exclude,openalex,no country-level financing-health analysis
https://openalex.org/W4391396567,PENGARUH BELANJA KESEHATAN TERHADAP ANGKA HARAPAN HIDUP DI KABUPATEN/KOTA PEMEKARAN PERIODE TAHUN 1999 – 2008 : ANALISIS DATA PANEL,exclude,openalex,no country-level financing-health analysis
https://openalex.org/W2901193595,Pembiayaan Kesehatan dan Efektifitas Pelayanan Kesehatan Ibu dan Anak di Kalimantan Timur,exclude,openalex,non-peer-reviewed source
https://openalex.org/W4413233316,Public Health as a Catalyst for Economic Growth: Insights from South Asia,exclude,openalex,no country-level financing-health analysis
https://openalex.org/W7154017191,Assessement of Health Sector Performance Through Donor Funding in Nigeria,exclude,openalex,no country-level financing-health analysis
https://openalex.org/W2123662909,New government gears up for India's health challenges,exclude,openalex,no country-level financing-health analysis
https://openalex.org/W7171823375,"Health systems transformation in sub-Saharan Africa _ policy reforms and development pathways, the experience of Tanzania: a systematic review",exclude,openalex,no country-level financing-health analysis
https://openalex.org/W3036663947,Estimating the Share and Elasticity of Substitution for Public and Private Health Expenditures in Iran,exclude,openalex,no country-level financing-health analysis
https://openalex.org/W3123463638,Predisposing factors contributing to the development of renal dysfunction in acute infectious diarrhea associated with hemocolitis (AIDH),exclude,openalex,no country-level financing-health analysis
https://openalex.org/W1982257269,Haiti making good progress in health but challenges remain,exclude,openalex,no country-level financing-health analysis
https://openalex.org/W2116925352,"The truth, the whole truth and nothing but the truth",exclude,openalex,no country-level financing-health analysis
https://openalex.org/W4416736296,Exploring the Role of Institutional Quality in the Crowding-Out Effect of Military Expenditure on Health Expenditure and Outcomes in Africa,exclude,openalex,no country-level financing-health analysis
https://openalex.org/W2951460136,Kajian Ability to Pay (Atp) Bagi Calon Peserta Bpjs Kesehatan Dalam Pemilihan Besaran Iuran Di Propinsi Jambi Tahun 2015,exclude,openalex,no country-level financing-health analysis
https://openalex.org/W2735239945,PUBLIC HEALTH AND HEALTHCARE SYSTEM IN RUSSIA,exclude,openalex,non-quantitative design
https://openalex.org/W7124463048,"Produktivitas Tenaga Kerja di Negara ASEAN: Peran Harapan Hidup, Malnutrisi, dan Pengeluaran Kesehatan",exclude,openalex,no country-level financing-health analysis
https://openalex.org/W4416257080,Análisis de la relación entre gasto sanitario público y resultados en salud en España (2002-2022),include,openalex,
https://openalex.org/W3087543430,International health aid and improving the health outcomes in sub-Saharan Africa,include,openalex,
https://openalex.org/W2074768986,Health care for urban poor falls through the gap,exclude,openalex,no country-level financing-health analysis
https://openalex.org/W7124153130,"Disparidades en salud y determinantes legislativos en América Latina: análisis comparativo multivariado de la esperanza de vida, la mortalidad infantil y la inmunización en Chile, Colombia y Honduras (2011-2019)",exclude,openalex,no country-level financing-health analysis
https://openalex.org/W2785686791,Challenges of measuring the Healthcare Access and Quality Index,exclude,openalex,no country-level financing-health analysis
https://openalex.org/W4380923943,The Effect of Health on Economic Growth in Namibia,exclude,openalex,no country-level financing-health analysis
https://openalex.org/W7171697926,"Determinasi Kinerja Kesehatan Nasional di Negara ASEAN: Analisis Panel 2000-2023 Berdasarkan Tingkat Pengangguran, Belanja Pemerintah Sektor Kesehatan, dan Urbanisasi",include,openalex,
https://openalex.org/W3177935113,The determinants of health expenditure in Malaysia / Mohd Faiz Jufree,exclude,openalex,non-peer-reviewed source
https://openalex.org/W4414978031,Health Expenditures and Social Sustainability in Nigeria: A Disaggregated Grossman Analysis of Short-Run Gains and Long-Run Paradoxes,include,openalex,
https://openalex.org/W4402968438,"Barriers to implementation of the Ayushman Bharat scheme for patients with mental illness in private and government mental health institutes in Karnataka, India",exclude,openalex,no country-level financing-health analysis
https://openalex.org/W3169668912,Examining the Effects of Governance on Health in Iran Using Bounds Testing Approach,exclude,openalex,non-peer-reviewed source
https://openalex.org/W2990596073,FAKTOR-FAKTOR YANG MEMPENGARUHI ANGKA HARAPAN HIDUP SAAT LAHIR DAN ANGKA KEMATIAN BAYI BARU LAHIR,exclude,openalex,non-peer-reviewed source
https://openalex.org/W4414748875,Quantifying the economic burden of road traffic injuries in South Asia: a human capital approach,exclude,openalex,no country-level financing-health analysis
https://openalex.org/W4407076595,Effect of Health Expenditure on Health Outcomes in Sub-Saharan Africa,include,openalex,
https://openalex.org/W4413635521,Nexus Between Health Determinants and Health Outcomes: A comparative global analysis,include,openalex,
https://openalex.org/W4409548822,"HEALTH EXPENDITURE, IMMUNIZATION AND HEALTH STATUS IN NIGERIA",include,openalex,
https://openalex.org/W1576960987,Financial risk protection & chronic disease care.,exclude,openalex,non-peer-reviewed source
https://openalex.org/W4407911463,Analyse de l'effet des dépenses de santé sur l’espérance de vie dans les pays de l'Union Economique et Monétaire Ouest-Africaine,include,openalex,
https://openalex.org/W2612541483,Financing of Health Sector in India,exclude,openalex,no country-level financing-health analysis
https://openalex.org/W7116326020,"The Growth Returns of Health: Investments, Outcomes, And Cointegrated Development in Türkiye",exclude,openalex,no country-level financing-health analysis
https://openalex.org/W7165960991,"Public Debt Burden, Institutional Quality and Health Outcome in Nigeria",exclude,openalex,no country-level financing-health analysis
https://openalex.org/W2128137506,Barriers in the mind: promoting an economic case for mental health in low‐ and middle‐income countries,exclude,openalex,no country-level financing-health analysis
https://openalex.org/W2913188989,Measles vaccination: no time to rest,exclude,openalex,no country-level financing-health analysis
https://openalex.org/W7128940068,Asociación entre la mortalidad por cáncer oral y el gasto en salud pública en Colombia entre 2012 y 2022: un estudio ecológico,exclude,openalex,non-peer-reviewed source
https://openalex.org/W2611221638,Innovative Health Care Financing Strategies for Children and Youth With Special Health Care Needs,exclude,openalex,no country-level financing-health analysis
https://openalex.org/W7167839903,Effects of Environmental Degradation on Health Outcome: A Case of Pakistan,exclude,openalex,no country-level financing-health analysis
https://openalex.org/W4386482040,Public Health 4.0: Creating Health for Longer Lives,exclude,openalex,non-quantitative design
https://openalex.org/W4404926850,EFFICIENCY OF HEALTH EXPENDITURE IN ORGANIZATION OF ISLAMIC COOPERATION (OIC) COUNTRIES: A DATA ENVELOPMENT ANALYSIS APPROACH,exclude,openalex,non-quantitative design
https://openalex.org/W2765594547,Management Of Healthcare Priorities By Single Natural Resource Driven Economies In Emerging Markets During Commodity Price Fluctuations,exclude,openalex,no country-level financing-health analysis
https://openalex.org/W2012404474,South Asian health: what is to be done?,exclude,openalex,no country-level financing-health analysis
https://openalex.org/W7112111964,Health for Wealth 2025 Building a Healthier North to boost UK Productivity,exclude,openalex,non-peer-reviewed source
https://openalex.org/W7171712178,Impact of Human Capital Development on Poverty Reduction in ECOWAS,exclude,openalex,no country-level financing-health analysis
https://openalex.org/W7119262742,Glorifying Virchow: Current Debate on Neoliberal Policies and Health Inequalities in India,exclude,openalex,non-peer-reviewed source
https://openalex.org/W7139997818,"Income, energy and health outcomes in extractive economies: The impact of technological and green transitions in Nigeria",exclude,openalex,no country-level financing-health analysis
https://openalex.org/W4398757298,Pediatric cardiac procedures in India: Who bears the cost?,exclude,openalex,no country-level financing-health analysis
https://openalex.org/W7105925503,ECONOMIC EFFECT OF HEALTH POLICIES ON NATIONAL GROWTH (1999-2024),exclude,openalex,non-peer-reviewed source
https://openalex.org/W2797822579,PUBLIC HEALTH FINANCIAL MANAGEMENT SYSTEM IN INDIA – AN ANALYSIS,exclude,openalex,non-peer-reviewed source
https://openalex.org/W4405887616,Evaluation of the efficiency of financing the healthcare system: foreign aspect,exclude,openalex,no country-level financing-health analysis
https://openalex.org/W2613719165,Analisis pembiayaan kesehatan daerah program kesehatan ibu dan anak (KIA) berdasarkan standar pelayanan minimal (SPM) pada Dinas Kesehatan Kabupaten Sambas,exclude,openalex,non-peer-reviewed source
https://openalex.org/W4416407868,Finance as a Catalyst for Public Health and Sustainable Development in Sub‐Saharan Africa,exclude,openalex,no country-level financing-health analysis
https://openalex.org/W7112482283,"THE EFFECT OF HEALTH EXPENDITURES ON HEALTH OUTCOMES: A PANEL STUDY ON 9 ASIAN DEVELOPING COUNTRIES, 2000-2019",exclude,openalex,non-peer-reviewed source
https://openalex.org/W4405413191,Promises and Realities of Electronic Health Information System in the Philippines,exclude,openalex,no country-level financing-health analysis
https://openalex.org/W4375826620,Sustainable global vision care,exclude,openalex,no country-level financing-health analysis
https://openalex.org/W2202127983,Economic and Environmental Determinants of the Health Condition of the Filipinos,exclude,openalex,non-peer-reviewed source
https://openalex.org/W4254451443,Snippets from the Past: 70 Years Ago in the Journal,exclude,openalex,no country-level financing-health analysis
https://openalex.org/W3089736588,Neonatal Resuscitation Training and Systems Strengthening to Reach the Sustainable Development Goals,exclude,openalex,no country-level financing-health analysis
https://openalex.org/W4401244242,Dépenses totales de santé versus dépenses publiques de santé et résultats de santé en Afrique de l’Ouest,include,openalex,
https://openalex.org/W1809141324,Nationell Utveckling - en detaljstudie av BNP och HDI,exclude,openalex,non-peer-reviewed source
https://openalex.org/W4407009221,Apec Ülkelerinin Sağlık Harcamalarının Etkinliğinin Veri Zarflama Analizi ve Malmquist İndex Yöntemleriyle İncelenmesi,exclude,openalex,non-peer-reviewed source
https://openalex.org/W7164191616,An evaluation of health care policies in india: An interstate comparison,exclude,openalex,non-peer-reviewed source
https://openalex.org/W2284437990,Study regarding financial sustainability in Romania’s health system,exclude,openalex,no country-level financing-health analysis
https://openalex.org/W7165362273,Healthcare Financing and Household Welfare: The Kerala Paradox,exclude,openalex,no country-level financing-health analysis
https://openalex.org/W2402292452,Original Article Comparison of the Effects of Public and Private Health Expenditures on the Health Status: A Panel Data Analysis in Eastern Mediterranean Countries,exclude,openalex,non-peer-reviewed source
https://openalex.org/W7203487620,"THE NEXUS AMONG POPULATION GROWTH, ENVIRONMENTAL DEGRADATION AND HEALTH OUTCOMES IN ECOWAS",exclude,openalex,non-peer-reviewed source
https://openalex.org/W2608006281,"Empowered, uncertain or disinterested? Health seeking knowledge and search behaviours",exclude,openalex,non-peer-reviewed source
https://openalex.org/W2350267093,Research on the Relation between Health Expenditure Structure and GDP of China——Based on VEC Model,exclude,openalex,non-quantitative design
https://openalex.org/W2156839310,"Efficiency analysis of the health-care facilities of the UN Relief and Works Agency for Palestine Refugees in the Near East in Jordan: a retrospective, descriptive study",exclude,openalex,no country-level financing-health analysis
https://openalex.org/W2620545733,Public investment in childhood health: worth the cost,exclude,openalex,no country-level financing-health analysis
https://openalex.org/W3214904714,Reimagining health systems: reflections from the 6th Global Symposium on Health Systems research,exclude,openalex,no country-level financing-health analysis
https://openalex.org/W2014263906,El gasto sanitario público en España y su contribución a los niveles de salud y la productividad,exclude,openalex,non-peer-reviewed source
https://openalex.org/W7160490147,Health-related sustainable development goals: A comparative study of selected countries worldwide,exclude,openalex,no country-level financing-health analysis
https://openalex.org/W3028047617,Embolia pulmonar por material de vertebroplastia: otra posible complicación de los asmáticos graves,exclude,openalex,no country-level financing-health analysis
https://openalex.org/W3157795294,Importancia de la presión intraabdominal en los pacientes con insuficiencia cardíaca aguda según la fracción de eyección ventricular izquierda,exclude,openalex,no country-level financing-health analysis
https://openalex.org/W7112380769,INCOME INEQUALITY AND HEALTH STATUS IN NIGERIA: IMPLICATIONS ON ECONOMIC GROWTH,exclude,openalex,non-peer-reviewed source
https://openalex.org/W2903986184,Essai d’évaluation de la contribution de la santé à la croissance économique en Algérie [An assessment of the contribution of health to economic growth in Algeria],exclude,openalex,non-peer-reviewed source
https://openalex.org/W4293739302,Analyzing the Effects of Demographic Transition on Child Labor in Developing Economies,exclude,openalex,no country-level financing-health analysis
https://openalex.org/W2885732609,Essays on the Impact of Economic Conditions on Health,exclude,openalex,non-peer-reviewed source
https://openalex.org/W2567591484,Приоритетные направления инвестирования в человеческий капитал в современной России,exclude,openalex,non-peer-reviewed source
https://openalex.org/W7127448176,The Investigation of the Drivers of Gender Inequality in Developed and Developing Countries,exclude,openalex,no country-level financing-health analysis
https://openalex.org/W1912974070,"Pengaruh Pembiayaan Kesehatan, Tenaga Kesehatan, Pendapatan Per Kapita terhadap Kasus Kematian Bayi di Kota Pontianak",exclude,openalex,no country-level financing-health analysis
https://openalex.org/W7160599827,Synergy of public spending on health and education and human development in the WAEMU countries,exclude,openalex,no country-level financing-health analysis
https://openalex.org/W7151577869,Structure of Review Based on Continuity and Change in Nepal's Health Service Policies and Programs: A Historical Assessment,exclude,openalex,no country-level financing-health analysis
https://openalex.org/W2531183015,WHO's Director-General candidates: visions and priorities,exclude,openalex,no country-level financing-health analysis
https://openalex.org/W4372052805,Status of mental health in South Asian countries,exclude,openalex,no country-level financing-health analysis
https://openalex.org/W7135064099,Health Care Expenditure and Human Capital Development in Sub-Saharan Africa,exclude,openalex,no country-level financing-health analysis
https://openalex.org/W4320493661,"A Step toward Sustainable Health: The Influence of Health Indicators, Paramedical Workers, and Health Expenditure on Economic Growth in Emerging Economies",exclude,openalex,individual- or facility-level design
https://openalex.org/W2901550622,A dictator’s gift: dominant party regimes and expenditures for public health,exclude,openalex,no country-level financing-health analysis
https://openalex.org/W3133809372,A Comparative Study of Health Systems of Central Asian Countries and Mongolia Using Health Status and Availability of Resource Profiles,exclude,openalex,no country-level financing-health analysis
https://openalex.org/W2011478986,The Roles of Women's Health and Education in Family and Societal Health,exclude,openalex,no country-level financing-health analysis
https://openalex.org/W7106533299,Impact of human capital development on poverty levels in Nigeria from 1986 to 2023,exclude,openalex,non-peer-reviewed source
https://openalex.org/W4386109197,Analisis Pembiayaan Kesehatan Di Daerah Istimewa Yogyakarta,exclude,openalex,no country-level financing-health analysis
https://openalex.org/W7118040147,Untangling the Nexus between Human Capital Development and Manufacturing Output in Nigeria,exclude,openalex,no country-level financing-health analysis
https://openalex.org/W3131678672,INVESTIGATION OF THE IMPACTS OF ECONOMIC CRISES ON THE HEALTH SYSTEM IN TURKEY: AN ARDL BOUNDS TESTING APPROACH,exclude,openalex,no country-level financing-health analysis
https://openalex.org/W4414472655,Healthcare Financing for the Elderly: A Comparative Study,exclude,openalex,no country-level financing-health analysis
https://openalex.org/W4415207948,Examining the Technical Efficiency of the Healthcare System in Kenya,exclude,openalex,no country-level financing-health analysis
https://openalex.org/W1984379791,Public Health: What Does it Mean and Who Can Benefit?,exclude,openalex,individual- or facility-level design
https://openalex.org/W4246941373,A Rudimentary Framework for Improving Access to Public Health using ICT,exclude,openalex,non-quantitative design
https://openalex.org/W7171559084,Environmental Sustainability and Health in Pakistan: A Long-term Evaluation of Policy Effectiveness,exclude,openalex,no country-level financing-health analysis
https://openalex.org/W3158434208,Pandemics & One Health,exclude,openalex,no country-level financing-health analysis
https://openalex.org/W4206263182,REVIEW OF BANGLADESH HEALTHCARE SYSTEM.,exclude,openalex,non-peer-reviewed source
https://openalex.org/W7167671511,Economic consequences of overweight: Estimates of GDP losses for Russia,exclude,openalex,no country-level financing-health analysis
https://openalex.org/W7157574545,EVALUATING THE EFFECTIVENESS OF HEALTH POLICY MEASURES ON TRIBAL COMMUNITIES IN INDIA,exclude,openalex,non-peer-reviewed source
https://openalex.org/W4409468772,Impact of Public Health Policy Interventions on Tribal Health Outcomes: A Regression-Based Analysis of NFHS-5,exclude,openalex,no country-level financing-health analysis
https://openalex.org/W4398232692,"Cardiovascular risk and nutrition, epidemiology and clinic: a review",exclude,openalex,no country-level financing-health analysis
https://openalex.org/W2805997789,Center-based Care for Pulmonary Hypertension: A European Perspective,exclude,openalex,no country-level financing-health analysis
https://openalex.org/W2292358221,Can earmarking mobilize and sustain resources to the health,exclude,openalex,non-peer-reviewed source
https://openalex.org/W2301588415,"Contrôle de la Corruption, Croissance économique et Capital humain : Application aux secteurs de l’éducation et de la santé et étude Comparative MENA - OCDE [Control of Corruption, Economic Growth and Human Capital: Application to the sectors of education and health and Comparative Study MENA - OECD]",exclude,openalex,non-peer-reviewed source
https://openalex.org/W2974559850,Sustaining Successful Multi-Sector Alliances: 20 Years of Data in Colorado and the U.S.,exclude,openalex,non-peer-reviewed source
https://openalex.org/W3203254163,مقایسه تأثیر هزینه های بهداشت عمومی و خصوصی بر وضعیت سلامت کشورهای عضو گروه D-8,exclude,openalex,non-peer-reviewed source
https://openalex.org/W7167254018,"Health equity in emerging markets: a comparative analysis of financing, human capital, and digital readiness",exclude,openalex,no country-level financing-health analysis
https://openalex.org/W4388085554,Skill development and Ayurveda sector: Bridging the gap of workforce in India,exclude,openalex,no country-level financing-health analysis
https://openalex.org/W4289323795,Strategic Health Purchasing and Health System Performance in Nigeria,exclude,openalex,no country-level financing-health analysis
https://openalex.org/W3200917605,"Kanser prevalansı, sağlık harcaması ve ekonomik çıktı: Panel ekonometrik bir uygulama",exclude,openalex,non-peer-reviewed source
https://openalex.org/W1482891681,KAMU SAĞLIK HARCAMALARININ SAĞLIK SONUÇLARI ÜZERİNDEKİ ETKİSİ: ÜLKELERİN GELİR SEVİYELERİNE GÖRE BİR KARŞILAŞTIRMA,exclude,openalex,non-peer-reviewed source
https://openalex.org/W7172130791,"OUT-OF-POCKET HEALTH EXPENDITURE, POVERTY DYNAMICS, AND HEALTH OUTCOMES IN SUB-SAHARAN AFRICA: EVIDENCE FROM PANEL DATA ANALYSIS",include,openalex,
https://openalex.org/W7117467758,Improving Healthcare System Financing in theModernWorld,exclude,openalex,no country-level financing-health analysis
https://openalex.org/W3193967531,El gasto en salud durante la revolución bolivariana en Venezuela,exclude,openalex,no country-level financing-health analysis
https://openalex.org/W2610466919,The Effectiveness Analysis of Public Education and Health Expenditures,exclude,openalex,non-peer-reviewed source
https://openalex.org/W4322758347,The real-world cost of systemic therapies for advanced head and neck cancers,exclude,openalex,no country-level financing-health analysis
https://openalex.org/W2606057717,Determinantes que influyen en el incumplimiento del esquema de vacunacion y estrategias para mejorar los indices de cobertura,exclude,openalex,non-peer-reviewed source
https://openalex.org/W2901627033,Development assistance for health: Trend and effects on health outcomes in Ethiopia and Sub-Saharan Africa,exclude,openalex,non-peer-reviewed source
https://openalex.org/W1964439893,THE CLASSIC: Quantitative Computed Tomography of Vertebral Spongiosa: A Sensitive Method for Detecting Early Bone Loss after Oophorectomy,exclude,openalex,no country-level financing-health analysis
https://openalex.org/W2589036497,EEA Grants / Norway Grants Public Health Initiatives programme: its potential to reduce health inequalities in Europe,exclude,openalex,non-quantitative design
https://openalex.org/W3188228487,"Extraordinary Attention, Ordinary Neglect: The High Cost of Disaster Preparedness and Response",exclude,openalex,no country-level financing-health analysis
https://openalex.org/W4402767334,The Role of Policy and Governance in Advancing Maternal Health in Africa,exclude,openalex,no country-level financing-health analysis
https://openalex.org/W4360803456,Strategies to Operationalize Health Equity in Island Area Health Departments,exclude,openalex,no country-level financing-health analysis
https://openalex.org/W4414201351,"High prevalence of respiratory diseases: a population-based ecological study, Sertão do Araripe, 2008-2019",exclude,openalex,no country-level financing-health analysis
https://openalex.org/W7141009318,"Preparing for 2050: Indias Demographic Challenges, Sustainability Assessment, and Lessons from HighPerforming Economies",exclude,openalex,no country-level financing-health analysis
https://openalex.org/W2101383279,Economic Burden Of Epidemiological Changes In Chronic Diseases In Middle Income Countries: The Mexican Case,exclude,openalex,no country-level financing-health analysis
https://openalex.org/W1738986193,Saving mammie from the grave,exclude,openalex,non-peer-reviewed source
https://openalex.org/W4235306251,Quantitative Computed Tomography of Vertebral Spongiosa: A Sensitive Method for Detecting Early Bone Loss After Oophorectomy,exclude,openalex,no country-level financing-health analysis
https://openalex.org/W7164653976,Health System Performance in CEMAC: A Bayesian Analysis of Key Determinants,exclude,openalex,no country-level financing-health analysis
https://openalex.org/W2316838929,The Role of Health and Medical Professions in Indonesia,exclude,openalex,no country-level financing-health analysis
https://openalex.org/W7202181946,"GROWTH AND DEVELOPMENT OF PUBLIC HEALTH INFRASTRUCTURE IN HARYANA, 1966–202",exclude,openalex,sub-national units
https://openalex.org/W3009181760,The Regionalization of Public Health Services: A Review,exclude,openalex,non-peer-reviewed source
https://openalex.org/W3127580329,Impact of Community-Based Health Insurance on Child Health Outcomes: Evidence on Stunting from Rural Uganda,exclude,openalex,non-peer-reviewed source
https://openalex.org/W7106695613,"Economic modeling of agricultural innovation impacts on consumer nutrition, food affordability, and national health expenditure efficiency outcomes in the US",exclude,openalex,non-quantitative design
https://openalex.org/W7165747206,HUMAN CAPITAL AND INCLUSIVE GROWTH IN SUB-SAHARAN AFRICA: A PANEL SYSTEM GMM APPROACH,exclude,openalex,non-peer-reviewed source
https://openalex.org/W1655243479,Colombian fiscal decentralisationequity in health outcomes across municipalities,exclude,openalex,non-peer-reviewed source
https://openalex.org/W162277557,Liberalisation of Trade in Health Services and the Implication for Africa’s Health System,exclude,openalex,no country-level financing-health analysis
https://openalex.org/W7170095843,Flexibility in focus: Transforming healthcare for uncertain times,exclude,openalex,no country-level financing-health analysis
https://openalex.org/W7125909432,African-led health innovation and investment can build a prosperous continent,exclude,openalex,no country-level financing-health analysis
https://openalex.org/W4408095728,"Current Status, Problems, and Countermeasures of Health Investment in China",exclude,openalex,no country-level financing-health analysis
https://openalex.org/W2588876731,How to make Health in All Policies work – an example of Bulgaria,exclude,openalex,no country-level financing-health analysis
https://openalex.org/W4412520275,Maternal and Child Health Disparities: Lessons from MDGs and Future Strategies under SDGs,exclude,openalex,no country-level financing-health analysis
https://openalex.org/W2992356221,"Technology Native, Person-Centered Integrated Care Based on Value & Choice",exclude,openalex,no country-level financing-health analysis
https://openalex.org/W2953116530,Physical Activity as a “Cheapest Health Tax Payment” Toward Better Health for All,exclude,openalex,no country-level financing-health analysis
https://openalex.org/W4214839954,The Impact of Economic Crisis on Health of Greek Population and National Health System,exclude,openalex,no country-level financing-health analysis
https://openalex.org/W7148025068,Analysis of the Impact of Health Expenditures on Per Capita Income in Nigeria,exclude,openalex,sub-national units
https://openalex.org/W4409296266,"Optimizing National Health Insurance (JKN) Policy to Support Sustainable Health Development in Gianyar Regency, Bali, Indonesia",exclude,openalex,no country-level financing-health analysis
https://openalex.org/W7106321728,Financing Noncommunicable Disease Care in Rwanda Assessing the Responsiveness of Community-Based Health Insurance to Chronic Health Needs,exclude,openalex,non-peer-reviewed source
https://openalex.org/W4388201074,Secondary data analysis of the distribution and determinants of maternal and child health outcomes across Kenya’s 47 counties,exclude,openalex,no country-level financing-health analysis
https://openalex.org/W7171738089,Politics and Healthcare Finance in Nigeria,exclude,openalex,no country-level financing-health analysis
https://openalex.org/W4403226794,Influence of Health Insurance Financing on Economic Growth In Kenya,exclude,openalex,no country-level financing-health analysis
https://openalex.org/W7140144628,The Impact of Non-traditional Socioeconomic and Environmental Variables on Health Care Risk Adjusment in Nigeria: An Empirical Analysis,exclude,openalex,no country-level financing-health analysis
https://openalex.org/W4405514212,Planning for the Realization of the Demographic Dividend and Leveraging Iran's Demographic Dividend Window in the Health Sector,exclude,openalex,no country-level financing-health analysis
https://openalex.org/W4412515305,From Aspirations to Action: Can India Achieve SDG 3 by 2030?,exclude,openalex,no country-level financing-health analysis
https://openalex.org/W3092208523,What is the health-related burden of EU-Candidate Countries? A snapshot of public health indicators,exclude,openalex,non-quantitative design
https://openalex.org/W7113533138,"Health System review, 2017",exclude,openalex,non-peer-reviewed source
https://openalex.org/W7170123124,"Johns Hopkins Center for Humanitarian Health–Lancet Commission on health, conflict, and forced displacement : health in a world of crises and impunity",exclude,openalex,non-peer-reviewed source
https://openalex.org/W1545394677,Answering the Millennium Call for the Right to Maternal Health: The Need to Eliminate User Fees,exclude,openalex,non-peer-reviewed source
https://openalex.org/W4303095783,Safe motherhood: reforming maternal and reproductive health care.,exclude,openalex,non-peer-reviewed source
https://openalex.org/W7197007338,"Has the IMF Improved on Health? A Critical Review of Institutional Change, Conditionality, and Health Outcomes",exclude,openalex,non-peer-reviewed source
https://openalex.org/W4390459062,Addressing Planetary Health through the Blockchain—Hype or Hope? A Scoping Review,exclude,openalex,no country-level financing-health analysis
https://openalex.org/W4214891184,Préservation des organes à transplanter : Une étape essentielle dans le parcours de la transplantation. Revue sur les grandes avancées,exclude,openalex,no country-level financing-health analysis
https://openalex.org/W7117104906,PARENTAL BELIEF ON HPV VACCINATION ACCEPTANCE: A STUDY ON FEMALE STUDENT AT PRIMARY SCHOOL IN SURABAYA,exclude,openalex,no country-level financing-health analysis
https://openalex.org/W7202132952,“We cannot rely on foreign entities to take care of our health… we need to change our mindset”: immediate impacts of the 2025 U.S. government funding cuts on health in Kenya,exclude,openalex,no country-level financing-health analysis
https://openalex.org/W3089291088,HEALTH LITERACY IN PUBLIC HEALTH PROGRAMS OF MONGOLIA,exclude,openalex,sub-national units
https://openalex.org/W3200336072,Why controlling noncommunicable diseases is key to fighting Covid,exclude,openalex,non-peer-reviewed source
https://openalex.org/W7163045718,Role of Government Organisations in Health Administration,exclude,openalex,no country-level financing-health analysis
https://openalex.org/W1990982489,Does HTA Process Help to Achieve the Health Objectives of the Millennium? A South American Analysis,exclude,openalex,no country-level financing-health analysis
https://openalex.org/W3140658142,Improving Maternal and Reproductive Health in South Asia,exclude,openalex,no country-level financing-health analysis
https://openalex.org/W2973247278,"Comparação entre as técnicas de gastroplastia, gastrectomia vertical e by-pass gástrico, realizadas em um centro de excelência em cirurgia bariátrica de Santa Catarina",exclude,openalex,non-peer-reviewed source
https://openalex.org/W2298311463,Focus on Framingham,exclude,openalex,no country-level financing-health analysis
https://openalex.org/W2339426530,Symposium: Efforts to Extend Effective Coverage in Asia,exclude,openalex,no country-level financing-health analysis
https://openalex.org/W4403825614,10.H. Round table: Transforming health systems in Europe to respond to the large-scale displacement from war in Ukraine,exclude,openalex,no country-level financing-health analysis
https://openalex.org/W4385282211,Budget Alignment of Partners in the Democratic Republic of Congo and Its Impact on the Performance of Health Services,exclude,openalex,no country-level financing-health analysis
https://openalex.org/W4299508442,The importance of Nutrology in pregnancy,exclude,openalex,non-peer-reviewed source
https://openalex.org/W7202195899,Innovative Strategies and Adaptations for Containment of the 2025 Sudan Virus Disease Outbreak in an Urban Setting in Uganda: Lessons for Preparedness and Response to Future Filovirus Outbreaks,exclude,openalex,no country-level financing-health analysis
https://openalex.org/W358298060,The Role of Healthcare in Global Sustainable Development,exclude,openalex,no country-level financing-health analysis
https://openalex.org/W4391177336,Development of mental health human resources for mental well-being,exclude,openalex,no country-level financing-health analysis
https://openalex.org/W7150852756,"Solidarity Economy and Universal Health Coverage in Morocco: Constraints, Opportunities, and the Role of Community Cooperatives",exclude,openalex,non-peer-reviewed source
https://openalex.org/W4410893636,Opportunities and challenges in China's CDC system reform: a grassroots perspective,exclude,openalex,no country-level financing-health analysis
https://openalex.org/W1936452552,Models for Organizing Health Services and Implications of Legislative Proposals,exclude,openalex,no country-level financing-health analysis
https://openalex.org/W4406028375,Risk factors correlated with stroke in the population aged over 15 years in semarang: a retrospective study,exclude,openalex,no country-level financing-health analysis
https://openalex.org/W4361767655,"Economic burden of road traffic injuries among hospitalized subjects in a tertiary care center in Bengaluru, India",exclude,openalex,no country-level financing-health analysis
https://openalex.org/W7172476424,"The role of voluntary health insurance in frailty onset and progression among older and ageing European adults: a survival analysis, 2013-2022",exclude,openalex,non-peer-reviewed source
https://openalex.org/W4413943716,"Assessing Nigeria’s Policy Response to COVID-19: Strategic Challenges, Public Health Outcomes, and Governance Lessons",exclude,openalex,sub-national units
https://openalex.org/W1957936077,The role of aid in the long term,exclude,openalex,non-peer-reviewed source
https://openalex.org/W1710863129,Investissements cibles pour un avenir durable de la riposte au VIH du Niger : resultats de l'etude de l'efficacite de l'allocation et de la durabilite des ressources financieres au VIH,exclude,openalex,non-peer-reviewed source
https://openalex.org/W7163740616,The demographic bonus and shifting health insurance risk profiles among the productive age population in Indonesia: A literature review,exclude,openalex,no country-level financing-health analysis
https://openalex.org/W1704571531,Indonesia Diagnosis Related Groups,exclude,openalex,no country-level financing-health analysis
https://openalex.org/W4285832131,Health public expenditure in Morocco: Equity-based governance,exclude,openalex,non-peer-reviewed source
https://openalex.org/W2741665589,ASTHO at 75: Celebrating the Past and Preparing for the Future,exclude,openalex,no country-level financing-health analysis
https://openalex.org/W3034458703,"Health Economics Threats: Lessons from Ebola, Avian Influenza and Coronavirus",exclude,openalex,no country-level financing-health analysis
https://openalex.org/W2412525907,Prevention for the Health of North Carolina,exclude,openalex,no country-level financing-health analysis
https://openalex.org/W2558384729,Rumo a uma cobertura universal de saúde e equidade na América Latina e no Caribe,exclude,openalex,non-peer-reviewed source
https://openalex.org/W2790888995,IJGO celebrates research from Africa and the Middle East,exclude,openalex,no country-level financing-health analysis
https://openalex.org/W4408237215,"Towards Equity in Women’s Health: Bridging Promises, Action, and Progress",exclude,openalex,no country-level financing-health analysis
https://openalex.org/W7125405440,Etude descriptive de l'évolution de la mise en œuvre de la CMU en Côte d'Ivoire depuis 2014,exclude,openalex,non-peer-reviewed source
https://openalex.org/W4402596111,IJHG review 29.3: outstanding authors,exclude,openalex,no country-level financing-health analysis
https://openalex.org/W2318978885,Lawrence O. Gostin. Global Health Law,exclude,openalex,no country-level financing-health analysis
https://openalex.org/W7163006262,"Monitoring and Evaluation in Public Health: Concepts, Frameworks, Indicators, and Sectoral Applications",exclude,openalex,individual- or facility-level design
https://openalex.org/W4383566713,Building a better community: A public health commitment,exclude,openalex,individual- or facility-level design
https://openalex.org/W7117711214,Transforming Public Health in India,exclude,openalex,non-quantitative design
https://openalex.org/W4401036845,India’s union budget 2023–24 and health care allocation,exclude,openalex,no country-level financing-health analysis
https://openalex.org/W2082881966,Elections could rekindle health debate in Brazil,exclude,openalex,no country-level financing-health analysis
https://openalex.org/W348716692,Davos Data and The World Economic Forum,exclude,openalex,non-peer-reviewed source
https://openalex.org/W7202384117,Transforming hematology care in LMICs: strategies for enhanced diagnosis and treatment,exclude,openalex,no country-level financing-health analysis
https://openalex.org/W7117483456,VicHealth Is a Health Promotion Exemplar: Evidence Demands Bolstering Investment (Not Eroding It),exclude,openalex,no country-level financing-health analysis
https://openalex.org/W7160279847,Global Health Implications of US Exit From WHO and Suspension of Aid,exclude,openalex,no country-level financing-health analysis
https://openalex.org/W4230776228,Women’s health-what’s new worldwide,exclude,openalex,no country-level financing-health analysis
https://openalex.org/W7131630313,International classification of health interventions (ICHI): Establishing the global data architecture for traditional medicine,exclude,openalex,no country-level financing-health analysis
https://openalex.org/W2790144196,The Words are Maps,exclude,openalex,no country-level financing-health analysis
https://openalex.org/W4402660581,ISEE Young Rennes 2024 Abstracts,exclude,openalex,no country-level financing-health analysis
https://openalex.org/W3198254831,Health care-associated infections: Significant challenge and it's to-be,exclude,openalex,no country-level financing-health analysis
https://openalex.org/W4388991225,"Epidemics, vaccines, and health policy",exclude,openalex,no country-level financing-health analysis
https://openalex.org/W7137644687,歐洲16國女性就業率與健康支出之關係,exclude,openalex,non-peer-reviewed source
https://openalex.org/W7134128234,Current and Future Challenges of Hypogammaglobulinemia in Autoimmune Rheumatic Disease Patients Receiving B‐Cell Therapies,exclude,openalex,no country-level financing-health analysis
https://openalex.org/W7130439628,"Health Governance Review Volume 31, Issue 1",exclude,openalex,no country-level financing-health analysis
https://openalex.org/W4318243954,Relation Between Per Capita Public Expenditure on Health and Income in India at Sub-National Level,exclude,openalex,sub-national units
https://openalex.org/W2162493541,"HIV Pandemic, Medical Brain Drain, and Economic Development in Sub-Saharan Africa",exclude,openalex,no country-level financing-health analysis
https://openalex.org/W4200444070,Does health quality affect tourism? Evidence from system GMM estimates,exclude,openalex,no country-level financing-health analysis
https://openalex.org/W2317753101,Hospital Community Benefit in the Context of the Larger Public Health System,exclude,openalex,no country-level financing-health analysis
https://openalex.org/W3065265765,"Economic Costs of Diseases and Deaths Attributable to Tobacco Use in India, 2017–2018",exclude,openalex,no country-level financing-health analysis
https://openalex.org/W2021041531,EFFICIENCY OF THE HEALTH CARE SYSTEM: A SUB‐STATE LEVEL ANALYSIS FOR WEST BENGAL (INDIA),exclude,openalex,sub-national units
https://openalex.org/W1648118500,Tuberculosis in Asia and the pacific: the role of socioeconomic status and health system development.,exclude,openalex,non-peer-reviewed source
https://openalex.org/W2803622583,Effects of Air Pollution on Public and Private Health Expenditures in Iran: A Time Series Study (1972-2014),exclude,openalex,no country-level financing-health analysis
https://openalex.org/W1517032052,Impact of DOTS expansion on tuberculosis related outcomes and costs in Haiti,exclude,openalex,no country-level financing-health analysis
https://openalex.org/W2766812368,"Prevalence and predictors of food insecurity among people living with HIV affiliated with AIDS service organizations in Ontario, Canada",exclude,openalex,no country-level financing-health analysis
https://openalex.org/W1975279574,The utilization of antenatal care among rural-to-urban migrant women in Shanghai:a hospital-based cross-sectional study,exclude,openalex,no country-level financing-health analysis
https://openalex.org/W3136911988,Reasons and Realities of Health and Geographical Inequality in India: A Study of Inter-State Variations,exclude,openalex,sub-national units
https://openalex.org/W2740509360,"Hospital and Homecare Malnutrition and Nutritional Therapy, in Brazil. Strategies for Alleviating it: A Position Paper",exclude,openalex,no country-level financing-health analysis
https://openalex.org/W3135800687,A comprehensive economic assessment of the health effects of tobacco use and implications for tobacco control in Bangladesh,exclude,openalex,no country-level financing-health analysis
https://openalex.org/W2316083124,The State of the Physician Assistant Profession in Ghana,exclude,openalex,sub-national units
https://openalex.org/W4410048202,Impacts of climate change and non-renewable energy consumption on health in sub-Saharan Africa: transmission channels and policy response,exclude,openalex,no country-level financing-health analysis
https://openalex.org/W4404059028,Burden of Disease and Cost of Illness of Overweight and Obesity in Portugal,exclude,openalex,no country-level financing-health analysis
https://openalex.org/W1534331124,INFANT AND CHILD HEALTH IN ETHIOPIA: REFLECTIONS ON REGIONAL PATTERNS AND CHANGES,exclude,openalex,no country-level financing-health analysis
https://openalex.org/W2885100271,Hospitalizations due to primary care sensitive conditions in a population of older adults in the state of Rio Grande do Norte from 2008 to 2016,exclude,openalex,sub-national units
https://openalex.org/W7110123308,Does environment and health impact economic growth in presence of asymmetries? Evidences from G7 economies using panel nonlinear ARDL,exclude,openalex,no country-level financing-health analysis
https://openalex.org/W2106069092,"Revisiting current “barefoot doctors” in border areas of China: system of services, financial issue and clinical practice prior to introducing integrated management of childhood illness (IMCI)",exclude,openalex,no country-level financing-health analysis
https://openalex.org/W3194085823,Academic activism on behalf of children during the COVID-19 pandemic in Israel; beyond public health advocacy,exclude,openalex,no country-level financing-health analysis
https://openalex.org/W4415983984,"Fossil Fuels, Clean Cooking Energy, and Health Inequality in Sub‐Saharan Africa: Distribution‐Sensitive Evidence for SDG ‐Linked Transitions",exclude,openalex,no country-level financing-health analysis
https://openalex.org/W3153510722,Exploring patient-provider interactions and the health system’s responsiveness to street-connected children and youth in Kenya: a qualitative study,exclude,openalex,individual- or facility-level design
https://openalex.org/W4225157709,The strategic role of good governance in quality care and control of cancer,exclude,openalex,individual- or facility-level design
https://openalex.org/W4245327202,Effect of Malaria Incidence and Malaria Control on Health Outcome and Human Capital Development in Nigeria: An Econometric Analysis,exclude,openalex,no country-level financing-health analysis
https://openalex.org/W4407007187,"Air pollution in India: a comprehensive review on impacts, challenges and mitigation strategies",exclude,openalex,no country-level financing-health analysis
https://openalex.org/W2543396602,Comparing US State Health Efficiencies Employing Data Envelope Analysis,exclude,openalex,sub-national units
https://openalex.org/W4387977886,Research on the Relationship Between Breast Cancer and General Female Deaths Related to the Disease,exclude,openalex,individual- or facility-level design
https://openalex.org/W2012672830,"Severe Birth Asphyxia in Wesley Guild Hospital, lesa: A persistent plague!",exclude,openalex,no country-level financing-health analysis
https://openalex.org/W2973281302,A Qualitative Study on Factors Affecting Adherence Among Indian Haemodialysis Patients at a Tertiary Teaching Hospital of Southern India,exclude,openalex,no country-level financing-health analysis
https://openalex.org/W4210977811,Effect of Income Disparities on Healthcare in the COVID-19 Era,exclude,openalex,no country-level financing-health analysis
https://openalex.org/W2014332273,Hierarchical Generalised Linear Models with Time-Dependent Clustering: Assessing the Effect of Health Sector Reform on Patient Outcomes in New Zealand,exclude,openalex,individual- or facility-level design
https://openalex.org/W2603924513,"Challenges of Surgical Management of Childhood Cardiac Diseases in Sub-Saharan Africa, Experience of a Pediatric Cardiology Unit in Yaounde, Cameroon",exclude,openalex,no country-level financing-health analysis
https://openalex.org/W2054501802,"La ciudad impura: Salud, tuberculosis y cultura en Buenos Aires, 1870 – 1950",exclude,openalex,no country-level financing-health analysis
https://openalex.org/W4393361888,"Optimizing the role of health cadrers in promoting healthy bone movement among the elderly in Banyuwangi district, East java",exclude,openalex,sub-national units
https://openalex.org/W2289467170,The Impact of Health Investment on Infant and Under-five Health in South Sudan: Understanding State Effectiveness through Service Delivery,exclude,openalex,sub-national units
https://openalex.org/W1834436159,Introduction: State-of-the-Art on Child Health Disparities,exclude,openalex,sub-national units
https://openalex.org/W4402512348,"Examining the Relationship Between Local Governmental Expenditures on the Social Determinants of Health and County-Level Overdose Deaths, 2017-2020",exclude,openalex,sub-national units
https://openalex.org/W3189914874,Surgical Wound Nursing Assessment and Clinical Outcomes in Patients with Cardiac Implantable Electronic Devices,exclude,openalex,no country-level financing-health analysis
https://openalex.org/W1977874603,Review Of Clinical Features Of Malaria,exclude,openalex,no country-level financing-health analysis
https://openalex.org/W4387572280,Prevalence of HIV/AIDS as a Health Indicator on Productivity in Nigeria,exclude,openalex,no country-level financing-health analysis
https://openalex.org/W2044262488,"Private individual ambulatory health care providers in Madhya Pradesh province, India",exclude,openalex,sub-national units
https://openalex.org/W2467925059,Expanding our prevention options: the role of the international community in providing an enabling environment for microbicides,exclude,openalex,no country-level financing-health analysis
https://openalex.org/W2897998903,"Predictors of Macro and Microvascular Complication in Type 2 Diabetes Mellitus Patients at Dr. Moewardi Hospital, Surakarta",exclude,openalex,no country-level financing-health analysis
https://openalex.org/W3038154074,Analysis of Priority of Health Problems in Sleman District Yogyakarta,exclude,openalex,sub-national units
https://openalex.org/W4409368619,Societal Impacts of Renewable Energy Consumption and Transport CO2 Emissions in New Zealand,exclude,openalex,no country-level financing-health analysis
https://openalex.org/W2176139875,Healthcare Costs in Older Adults with Diabetes Mellitus: Challenges for Health Systems and for Society,exclude,openalex,no country-level financing-health analysis
https://openalex.org/W1976938148,Hypertension and Diabetes: Entry Points for Prevention and Control of the Global Cardiovascular Epidemic,exclude,openalex,no country-level financing-health analysis
https://openalex.org/W2010745992,Scaling up multidrug-resistant tuberculosis care in China,exclude,openalex,no country-level financing-health analysis
https://openalex.org/W43395005,"A sanitary cooperation project in Gorontalo province, Indonesia. Methodology to identifying critical areas, possible strengthening and improving of the health system",exclude,openalex,sub-national units
https://openalex.org/W3083153788,Economics & ethics of the COVID-19 vaccine,exclude,openalex,no country-level financing-health analysis
https://openalex.org/W2510044171,"The counter effects of the Ebola epidemic on control and treatment of HIV/AIDS, tuberculosis, and malaria in West Africa",exclude,openalex,no country-level financing-health analysis
https://openalex.org/W4283834313,Telehealth during the COVID-19 pandemic in the Philippines,exclude,openalex,no country-level financing-health analysis
https://openalex.org/W4283688928,A new initiative to track HIV resource allocation,exclude,openalex,no country-level financing-health analysis
https://openalex.org/W2086788100,Can social protection improve tuberculosis control?,exclude,openalex,no country-level financing-health analysis
https://openalex.org/W7135099583,Tuberculosis in Low- and Middle-income Countries: A Critical Analysis of Health System Barriers and the Promise of Artificial Intelligence,exclude,openalex,no country-level financing-health analysis
https://openalex.org/W4385470559,Tatalaksana Komorbid pada Pasien Terkonfirmasi Covid-19,exclude,openalex,no country-level financing-health analysis
https://openalex.org/W2169338485,Kazakhstan Verse Uzbekistan: A Review of the Drug Provision Systems,exclude,openalex,no country-level financing-health analysis
https://openalex.org/W4380204781,"Cohort Profile: Urban Health and Demographic Surveillance System in slums of Dhaka (North and South) and Gazipur City Corporations, Bangladesh",exclude,openalex,individual- or facility-level design
https://openalex.org/W7162334134,"Fiscal composition, state capacity, and the production of longevity: Macro-micro evidence from Kenya",include,openalex,
https://openalex.org/W7126238983,COMPARATIVE EVALUATION OF THE ECONOMIC AND SOCIAL PERFORMANCE OF EU MEMBER STATES USING THE AHP METHOD,exclude,openalex,no country-level financing-health analysis
https://openalex.org/W4379929001,Poverty and surgery: Is the deck still stacked against low-income and middle-income nations?,exclude,openalex,individual- or facility-level design
https://openalex.org/W4206580379,How did Occupational and Employee Health Services Strengthen Their Health System to Meet the Challenge Presented by the COVID-19 Pandemic?,exclude,openalex,no country-level financing-health analysis
https://openalex.org/W7171853926,Efficiency and Effectiveness of Government Expenditure on Health in The Districts of East Nusa Tenggara Province,exclude,openalex,sub-national units
https://openalex.org/W4360620286,Cardiac Surgery in Variable-Resource Contexts: Overly Ambitious or Long Overdue?,exclude,openalex,individual- or facility-level design
https://openalex.org/W3026950270,Management of surgical lung cancer patients during the COVID‐19 pandemic in the financially and resource strained Greek health care system,exclude,openalex,individual- or facility-level design
https://openalex.org/W2794907190,"GAMBARAN PERAN SERTA MASYARAKAT DALAM PENANGGULANGAN DIABETES MELITUS MELALUI PENERAPAN TEKNOLOGI TEPAT GUNA ECONOMIC-PRIMARY HEALTH CARE (e-PHC) DI DESA TAWANGARGO, KECAMATAN KARANGPLOSO, KABUPATEN MALANG",exclude,openalex,no country-level financing-health analysis
https://openalex.org/W2960506418,"Are nursing students trained to meet the needs of cancer suvivors and their families? New challenges, new opportunities",exclude,openalex,individual- or facility-level design
https://openalex.org/W3136813722,Insights Into a Phased Approach to Breast Cancer Early Detection Programs,exclude,openalex,individual- or facility-level design
https://openalex.org/W4376470092,Deficient state-supported cancer care: A source of deep concern,exclude,openalex,individual- or facility-level design
https://openalex.org/W2411413308,Cost Of Smoking In Asia,exclude,openalex,no country-level financing-health analysis
https://openalex.org/W2105562277,The United States Supreme Court and Health Law: The Year in Review,exclude,openalex,no country-level financing-health analysis
https://openalex.org/W4205846403,Easing of COVID-19 social restrictions in England comes at a cost,exclude,openalex,no country-level financing-health analysis
https://openalex.org/W2154142254,Social protection and tuberculosis control: cross-national analysis of 21 EU countries 1995-2012,exclude,openalex,no country-level financing-health analysis
https://openalex.org/W4411656931,Analysis of Claims for Acute Ischemic Stroke Patients with National Health Insurance (JKN) Financing at the University of Indonesia Hospital in 2024,exclude,openalex,no country-level financing-health analysis
https://openalex.org/W7162507561,From public dollars to patient care: clearance points in US and Scottish rural healthcare,exclude,openalex,individual- or facility-level design
https://openalex.org/W3047875639,New insights into the older hypoglycemic agents in type 2 diabetes therapy,exclude,openalex,no country-level financing-health analysis
https://openalex.org/W4392525924,Analysis of the efficiency of state public expenditure in education and health: the brazilian case after the fiscal responsibility law,exclude,openalex,non-peer-reviewed source
https://openalex.org/W7161138854,Economic burden of malaria in the Brazilian Amazon from a societal perspective,exclude,openalex,no country-level financing-health analysis
https://openalex.org/W4283787433,The cost-effectiveness of nurse-led self-care interventions in patients with heart failure,exclude,openalex,no country-level financing-health analysis
https://openalex.org/W7130390979,A biopsychosocial & culturally-anchored suicide postvention model for the Philippines,exclude,openalex,no country-level financing-health analysis
https://openalex.org/W4415582019,The impact of COVID-19 pandemic on temporal trends of key behavioral risk factors in Italy,exclude,openalex,no country-level financing-health analysis
https://openalex.org/W7134808187,Savings Groups and the Financing of Malaria Prevention: A Policy Analysis of Household Investment in the Lake Victoria Region,exclude,openalex,non-peer-reviewed source
https://openalex.org/W4407347497,Health Indicators in the Eastern Mediterranean Regional Countries: Ranking and Evaluating the Status of Iran,exclude,openalex,no country-level financing-health analysis
https://openalex.org/W3033602041,Diagnostic Evaluation of Tuberculosis: Existing Challenges and Merits of Recent Advances,exclude,openalex,non-peer-reviewed source
https://openalex.org/W4400783380,Medicaid unbroken: ensuring continuous United States public health insurance coverage for children to school age,exclude,openalex,no country-level financing-health analysis
https://openalex.org/W7116800734,"SEEK-ing enhanced antenatal care quality: Strengthening governance and pregnancy tracking in Mati City, Davao Oriental, Philippines",exclude,openalex,no country-level financing-health analysis
https://openalex.org/W3216230841,Noncommunicable diseases and COVID-19 in Africa,exclude,openalex,no country-level financing-health analysis
https://openalex.org/W2295385237,Household 'Welfare Losses' in Financing Injury Care: A Decomposition of Causal Factors in Kerala,exclude,openalex,non-peer-reviewed source
https://openalex.org/W7125708071,Letter to Editor on “Global disparities in healthcare resources and cancer burden a population-based systematic analysis of 171 Countries in 2022”,exclude,openalex,individual- or facility-level design
https://openalex.org/W7127945263,Advanced therapies and cancer policy in Latin America: why regulatory coherence matters more than technological capacity,exclude,openalex,individual- or facility-level design
https://openalex.org/W7134108583,Factors Influencing Access to Effective Treatment of Prostate Cancer in Namibia: A Cross-Sectional Study,exclude,openalex,individual- or facility-level design
https://openalex.org/W4385683119,Evaluación comparativa del desempeño de los sistemas estatales de salud usando cobertura efectiva Benchmarking of performance of Mexican states with effective coverage,exclude,openalex,non-peer-reviewed source
https://openalex.org/W2902280681,State Public Health Departments: Reflections on the Last 25 Years and Future Challenges,exclude,openalex,sub-national units
https://openalex.org/W4405006291,Positioning Comprehensive Cancer Control in the Sustainable Developmental Goals for India,exclude,openalex,individual- or facility-level design
https://openalex.org/W2564186113,077 Results of an evaluation of clinical practice concerning the management of heart rate anomalies during labour,exclude,openalex,no country-level financing-health analysis
https://openalex.org/W3179516014,Iris Claus Comments on COVID-19 in Korea: Success Based on Past Failure,exclude,openalex,no country-level financing-health analysis
https://openalex.org/W7162655388,HIV in Gaza: From Chronic Under‐Detection to Acute Collapse,exclude,openalex,no country-level financing-health analysis
https://openalex.org/W7140125491,Financing transformation: from green hospitals to climate-resilient health systems,exclude,openalex,no country-level financing-health analysis
https://openalex.org/W2972123354,Improving America's Medical Education System: Perspectives From a State Regulator,exclude,openalex,sub-national units
